smiles_standarized,label
CC[C@H](C)[C@H]1NC(=O)[C@@H](NC(=O)[C@@H](CC(C)C)NC)[C@@H](C)OC(=O)[C@H](Cc2ccc(OC)cc2)N(C)C(=O)[C@@H]2CCCN2C(=O)[C@H](CC(C)C)NC(=O)[C@@H](C)C(=O)[C@H](C(C)C)OC(=O)C[C@@H]1O,-5.89
CC(C)[C@H]1C(=O)O[C@H](C(C)C)C(=O)N(C)[C@@H](C(C)C)C(=O)O[C@H](C(C)C)C(=O)N(C)[C@@H](C(C)C)C(=O)O[C@H](C(C)C)C(=O)N1C,-4.73
CC[C@H](C)[C@H]1OC(=O)[C@H](C(C)C)N(C)C(=O)[C@@H](C(C)C)OC(=O)[C@H](C(C)C)N(C)C(=O)[C@@H](C(C)C)OC(=O)[C@H](C(C)C)N(C)C1=O,-5.66
CC[C@H](C)[C@H]1OC(=O)[C@H](C(C)C)N(C)C(=O)[C@@H](C(C)C)OC(=O)[C@H](C(C)C)N(C)C(=O)[C@@H]([C@@H](C)CC)OC(=O)[C@H](C(C)C)N(C)C1=O,-5.34
CC(C)[C@H]1C(=O)O[C@H](C(C)C)C(=O)N(C)[C@@H](C)C(=O)O[C@H](C(C)C)C(=O)N(C)[C@@H](C(C)C)C(=O)O[C@H](C(C)C)C(=O)N1C,-5.45
CC[C@H](C)[C@H]1OC(=O)[C@H](C(C)C)N(C)C(=O)[C@@H]([C@@H](C)CC)OC(=O)[C@H](C(C)C)N(C)C(=O)[C@@H]([C@@H](C)CC)OC(=O)[C@H](C(C)C)N(C)C1=O,-5.99
CC(C)C[C@@H]1OC(=O)[C@H](C)NC(=O)[C@H](C(C)(C)O)OC(=O)[C@H](C)N(C)C(=O)[C@@H](C)NC(=O)[C@@H](Cc2ccccc2)N(C)C1=O,-5.19
CC(C)C[C@@H]1OC(=O)[C@H](C)NC(=O)[C@H](C(C)C)OC(=O)[C@H](C)N(C)C(=O)[C@@H](C)NC(=O)[C@@H](Cc2ccccc2)N(C)C1=O,-5.19
CC[C@H](C)[C@@H]1NC(=O)c2csc(n2)[C@@H](C)NC(=O)[C@H]2N=C(O[C@@H]2C)[C@H](C(C)C)NC(=O)c2csc(n2)[C@@H](Cc2ccccc2)NC(=O)[C@H]2N=C1O[C@@H]2C,-4.72
CC(C)CC1NC(=O)C2(CCCCOCC(C)NC1=O)CCN(Cc1ccc(C(C)C)cc1)CC2,-5.027
CCC(=O)N1CCCN(C(C)C)CCCN(C(=O)c2ccc3ccccc3n2)Cc2cc(F)c(F)cc21,-5.695
CC(C)CC1NC(=O)C2(CCCCOCC(C)NC1=O)CCN(Cc1cccc(Cl)c1)CC2,-5.079
CC(C)CC1NC(=O)C2(CCCCOCC(C)NC1=O)CCN(CCCc1ccccc1)CC2,-5.197
Cc1ccc(CN2CCC3(CCCCOCC(C)NC(=O)C(CC(C)C)NC3=O)CC2)cc1C,-5.079
CCOc1ccccc1CN1CCC2(CCCCOCC(C)NC(=O)C(CC(C)C)NC2=O)CC1,-5.116
CC1NC(=O)CCC(C(=O)NCCCCN(C)C)NC(=O)c2ccccc2OCC(Cc2ccccc2)N(C)C1=O,-6.509
CC(=O)N1CCCCCCCN(C(C)C)Cc2cc(C(=O)NC3CCN(Cc4ccccc4)CC3)ccc21,-5.186
COc1cccc(OCC(=O)N2CCCCC3(CCN(Cc4ccncc4)CC3)C(=O)OCC(O)C(O)CC2)c1,-6.699
COc1ccccc1CN1CCC2(CCCCOCC(C)NC(=O)C(CC(C)C)NC2=O)CC1,-5.35
COCC12CCCCNCCOc3ccccc3C(=O)N(CC1)CC2,-6.167
O=C(Cc1ccc2c(c1)CN(Cc1ccccc1)CC(=O)NCCCCCO2)NCCN1CCCCC1,-5.73
COC1CN(C(=O)c2ccccc2F)CC(CC(C)C)N(C(=O)CN2CCN(C(C)C)CC2)CCCCOCC(O)C1O,-6.509
CC1COc2ccc(Cl)cc2C(=O)NCCCCN(C(=O)CCN2CCCC2)CC(=O)N1,-6.367
CN1CCC2(CCCCN(C(=O)Cc3c[nH]c4ccccc34)CCC(O)C(O)COC2=O)CC1,-6.921
CC(=O)N1CCCCCCCN(CC(C)C)Cc2cc(C(=O)N3CCCC3)ccc21,-5.265
CN1CCCCN(C(=O)CN(C)C2CCCC2)CCCOc2ccc(Cl)cc2C1=O,-5.783
CC(C)CC1NC(=O)c2cc(Cl)ccc2OC/C=C/CC2(CCN(CC(=O)N(C(C)C)C(C)C)CC2)CNC1=O,-5.772
CC1CCN(CC(=O)N2CCCCN(C)C(=O)c3cc(Cl)ccc3OCC2)CC1,-5.73
COc1ccccc1CNC(=O)c1ccc2c(c1)Cc1cccc(c1)CN(C)CCCCCO2,-5.46
O=C(c1cnc2ccccc2c1)N1CCCCC2(CCN(Cc3ccccc3)CC2)C(=O)OCC(O)C(O)CC1,-6.108
CC(=O)N1CCCCCCCN(CCC(C)C)Cc2cc(C(=O)N3CCCC(O)C3)ccc21,-5.475
CC(=O)N1CCCCCCCN(C(C)C)Cc2cc(C(=O)NC(CO)CC(C)C)ccc21,-5.48
CC(=O)N1CCCCCCCN(CCC(C)C)Cc2cc(C(=O)Nc3cnccc3C)ccc21,-5.654
COCC(=O)N1CCCCCCCNCc2cc(NCCc3ccc(F)cc3)ccc21,-5.772
Cc1nn(CCNC(=O)c2ccc3c(c2)Cc2cccc(c2)CN(C)CCCCCO3)c(C)c1Cl,-5.996
CCCN(CC1CC1)C(=O)CN1CCC2(C/C=C/COc3ccc(Cl)cc3C(=O)NC(CC(C)C)C(=O)NC2)CC1,-5.578
CN1CCC2(CCCCN(C(=O)c3ccc4ccccc4n3)CCC(O)C(O)COC2=O)CC1,-6.585
CN(C)CCCNC(=O)C1CCC(=O)NC(Cc2ccc(O)cc2)C(=O)N(C)C(Cc2ccccc2)COc2ccccc2C(=O)N1,-7.301
CCCNC(=O)CN1CCC2(C/C=C/COc3ccc(Cl)cc3C(=O)NC(CC(C)C)C(=O)NC2)CC1,-6.244
CC(=O)N1CCCCCCCN(CCC(C)C)Cc2cc(C(=O)N3CCN(c4ncccn4)CC3)ccc21,-5.59
CCN1CCCC1CNC(=O)C1CCC(=O)NC(Cc2ccccc2)C(=O)N(C)C(Cc2ccccc2)COc2ccccc2C(=O)N1,-6.77
Cc1ccc(CN2CCC3(CCCCOCC(C)NC(=O)C(CC(C)C)NC3=O)CC2)c(C)c1,-5.107
CC(C)N1CCC(CCNC(=O)C2CC(=O)NC(Cc3cnc[nH]3)C(=O)NC(Cc3ccccc3)C(=O)NCCCOc3ccccc3C(=O)N2)CC1,-8.0
Cn1cc(CN(C(=O)CN2CCC3(CCCCc4ccccc4OCCCNC3=O)CC2)C2CC2)cn1,-5.9
CCN1CCCC1CN(Cc1ccncc1)C(=O)CCc1ccc2c(c1)CN(C(C)C)CC(=O)NCCCCCO2,-6.194
CN(C)CCCCNC(=O)C1CC(=O)N2CCCC2C(=O)NCCCOc2ccccc2C(=O)N1,-7.0
CC(C)N1CCOCCOc2ccc(C(=O)N3CCCN(C)CC3)cc2Cc2cccc(c2)C1,-5.674
CC(C)CC1NC(=O)CC(C(=O)NCCCN2CCCCCC2)NC(=O)c2ccccc2OCCN(C)C1=O,-7.0
CC(C)CC1COc2ccc(Cl)cc2C(=O)NCCCCN(C(=O)CCN2CCCCC2)CC(=O)N1,-6.187
CC(O)C1NC(=O)CC(C(=O)NCc2ccc(CN3CCCCC3)cc2)NC(=O)c2ccccc2OCCN(C)C1=O,-6.824
CN1CCCN(C(=O)CCc2ccc3c(c2)CN(Cc2ccccc2)CC(=O)NCCCCCO3)CC1,-5.613
CN(C)CCN1CCN(C(=O)c2ccc3c(c2)Cc2cccc(c2)C(=O)NCCOCCO3)CC1,-7.0
CCOc1cccc(C(=O)N2CCCN(C)CCCN(C(=O)CC)c3cc(F)c(F)cc3C2)c1,-5.209
CCOc1ccc(CN2CCC3(CCCCOCC(C)NC(=O)C(CC(C)C)NC3=O)CC2)cc1,-5.069
CN1CCC(CNC(=O)Cc2ccc3c(c2)CN(Cc2ccccc2)CC(=O)NCCCCCO3)CC1,-6.143
CC(=O)N1CCCCCCCN(CC(C)C)Cc2cc(C(=O)NC(CO)CC(C)C)ccc21,-5.432
CC(C)CC1COc2ccccc2C(=O)NC(C(=O)NCCCCN(C)C)CC(=O)N2CCCC2C(=O)N1,-6.886
CC(=O)N1CCCCCCCN(CC(C)C)Cc2cc(C(=O)Nc3cncc(C)c3)ccc21,-5.438
CC(C)CN1CCOCCOc2ccc(C(=O)NCCO)cc2Cc2cccc(c2)C1,-5.785
O=C(c1ccc2ncccc2c1)N1CCCCC2(CCN(Cc3ccncc3)CC2)C(=O)OCC(O)C(O)CC1,-6.721
CC(=O)N1CCCCCCCN(C(C)C)Cc2cc(C(=O)NC(CO)Cc3ccccc3)ccc21,-5.391
CN1CCOc2ccccc2C(=O)NC(C(=O)NCCN2CCCCCC2)CCC(=O)N2CCCC2C1=O,-6.959
CNCCOc1ccc(C(=O)N2CCCCOCC(O)C(O)C(O)CN(C(=O)CC(C)C)CC2)cc1,-6.62
CC(C)CC(=O)N1CCCN(CC(C)C)CCCN(C(=O)c2ccnn2C)Cc2cc(F)ccc21,-5.971
Cc1nc(C)n(CC(=O)N2CCC3(CCCCc4ccccc4OCCN(CC(C)C)C3)CC2)n1,-5.66
O=C(NC(CO)c1ccccc1)c1ccc2c(c1)Cc1cccc(c1)CN(C1CCOCC1)CCOCCO2,-5.79
CN1CCOc2ccccc2C(=O)NC(C(=O)NCCCCN2CCCC2)CC(=O)NC(Cc2ccccc2)C1=O,-7.155
COc1cccc(CNC(=O)c2ccc3c(c2)Cc2cccc(c2)CN(C)CCCCCO3)c1,-5.321
CCN(CC)C(CNC(=O)Cc1ccc2c(c1)CN(Cc1ccccc1)CC(=O)NCCCCCO2)c1ccc(C)cc1,-5.424
Cc1cc(C)cc(CN2CCC3(CCCCOCC(C)NC(=O)C(CC(C)C)NC3=O)CC2)c1,-5.029
CN1CCCN(C(=O)c2ccc3c(c2)Cc2cccc(c2)CN(C2CCOCC2)CCOCCO3)CC1,-5.845
CN(C)CCN1CCN(C(=O)c2ccc3c(c2)Cc2cccc(c2)CN(C2CCC2)CCCCCO3)CC1,-5.442
CC(=O)N1CCCCCCCN(C(C)C)Cc2cc(C(=O)NC3CCCC3)ccc21,-5.197
COCC(=O)N1CCCN(Cc2ccc(Cl)cc2)CCCN(C(=O)Cn2nc3ccccc3n2)Cc2ccccc21,-5.928
CC1NC(=O)CCC(C(=O)NCCCN(C)C)NC(=O)c2ccccc2OCC(Cc2ccccc2)N(C)C1=O,-6.469
CC(C)N1CC(=O)NCCCCCOc2ccc(CCC(=O)N3CCCN(C)CC3)cc2C1,-6.051
Cc1nc(CC(=O)N2CCCCC3(CCN(C)CC3)C(=O)OCC(O)C(O)CC2)cs1,-6.119
CC1NC(=O)CC(C(=O)NCCCCN2CCCC2)NC(=O)c2ccccc2OCC(Cc2ccccc2)N(C)C1=O,-7.155
CCC(=O)N1CCCN(C)CCCN(C(=O)c2cc(F)cc(F)c2)Cc2cc(F)c(F)cc21,-5.262
CCC(=O)N1CCCN(C)CCCN(C(=O)c2ccc(Cl)cc2)Cc2cc(F)c(F)cc21,-5.428
CC(C)C(CO)NC(=O)c1ccc2c(c1)Cc1cccc(c1)CN(C1CCOCC1)CCOCCO2,-5.939
O=C1CC(C(=O)NCCCCN2CCCC2)NC(=O)c2ccccc2OCCNC(=O)C(CO)N1,-7.097
CC(C)CC1COc2ccccc2C(=O)NC(C(=O)NCCCN(C)C)CC(=O)NC(C(C)C)C(=O)N1,-6.824
Cc1cnc(C(=O)N2CCC3(CCCCc4ccccc4OCCN(CC(C)C)C3)CC2)cn1,-5.599
CN1CCCN(C(=O)CN2CCCCCCOc3ccccc3Oc3ncccc3C2)CC1,-5.399
CC1(C)CCCN(CC(=O)NCCCN2CCCC2)Cc2cccnc2Oc2ccccc2OC1,-5.548
CN1C(=O)C(Cc2ccc(O)cc2)NC(=O)CCC(C(=O)NCCN2CCCCCC2)NC(=O)c2ccccc2OCC1Cc1ccccc1,-6.77
Cc1ccccc1CCNc1ccc2c(c1)CNCCCCCCCN2C(=O)c1cccnc1,-6.114
O=C1CN(Cc2ccccc2)Cc2c(cccc2C(=O)NC2CCN(Cc3ccccc3)CC2)OCCCCCN1,-5.573
COCc1ccccc1CNC(=O)c1ccc2c(c1)Cc1cccc(c1)CN(C)CCCCCO2,-5.376
CC(=O)N1CCCCCCCN(CCC(C)C)Cc2cc(C(=O)N3CCN(CCO)CC3)ccc21,-5.9
CC(C)N1CC(=O)NCCCCCOc2ccc(CCC(=O)NC3CCN(Cc4ccccc4)CC3)cc2C1,-5.16
CC(C)N1CCC(C(=O)N2CCC3(CCCCCCOc4ccccc4C(=O)NC3)CC2)CC1,-5.654
COC1CN(C(C)=O)CCCN(C(=O)CCN(C)Cc2cccnc2)CCCCOCC(O)C1O,-6.77
CN(C)CCCCNC(=O)C1CCC(=O)NC(Cc2ccccc2)C(=O)N(C)C(Cc2ccccc2)COc2ccccc2C(=O)N1,-6.284
CCCCN1CCOc2ccccc2CCCCC2(CN(C(=O)CCN3CCCCCC3)CCO2)C1=O,-5.376
CN1CCOc2ccccc2CCCCC2(CN(C(=O)CN3CCCC3)CCO2)C1=O,-5.699
CC(=O)N1CCCCCCCN(C(C)C)Cc2cc(C(=O)N(C)Cc3ccccc3)ccc21,-5.385
CCC(=O)N1CCCN(C)CCCN(C(=O)c2cn(C)nc2C)Cc2cc(F)c(F)cc21,-5.81
Cc1ccncc1NC(=O)c1ccc2c(c1)Cc1cccc(c1)CN(C1CCOCC1)CCOCCO2,-5.533
CN1CCCC(CCNC(=O)c2ccc3c(c2)Cc2cccc(c2)CN(CC2CC2)CCCCCO3)C1,-5.818
COc1cccc(F)c1-c1ccc2c(c1)CNCCCCCCCN2C(=O)COc1ccccc1,-5.788
CC1NC(=O)CC(C(=O)NCCCN2CCCCCC2)NC(=O)c2ccccc2OCC2CCCN2C1=O,-7.0
CN1CCC(CC(=O)N2CCCCC3(CCN(Cc4ccncc4)CC3)C(=O)OCC(O)C(O)CC2)CC1,-6.959
CC(=O)N1CCCCCCCN(CCC(C)C)Cc2cc(C(=O)N3CCCC3)ccc21,-5.261
CCC(=O)N1CCCN(C)CCCN(C(=O)c2cc(CC(C)C)nn2C)Cc2cc(F)c(F)cc21,-5.27
O=C(c1ccc2ccccc2n1)N1CCCCC2(CCN(Cc3ccncc3)CC2)C(=O)OCC(O)C(O)CC1,-6.585
CC(C)CN1CCOCCOc2ccc(C(=O)NCC3CCCN(C)C3)cc2Cc2cccc(c2)C1,-5.463
CC1NC(=O)CC(C(=O)NCc2ccc(CN3CCCCC3)cc2)NC(=O)c2ccccc2OCC2CCCN2C1=O,-6.854
CC(=O)N1CCCCCCCN(CCC(C)C)Cc2cc(C(=O)NCCCCCO)ccc21,-5.48
CC(=O)N1CCCCCCCN(C2CCOCC2)Cc2cc(C(=O)N3CCC(CCO)CC3)ccc21,-6.377
CCCCN1CCOc2ccccc2CCCCC2(CN(C(=O)CN3CCCC3)CCO2)C1=O,-5.111
Cc1ccc(-c2ccc3c(c2)CNCCCCCCCN3C(=O)c2ccncc2)cc1F,-5.503
CCC(C)C1NC(=O)CC(C(=O)NCCCN(C)C)NC(=O)c2ccccc2OCCNC1=O,-7.222
O=C(Cc1ccccc1F)N1CCCCC2(CCN(Cc3ccncc3)CC2)C(=O)OCC(O)C(O)CC1,-6.658
NC(=O)c1cccc(-c2ccc3c(c2)CNCCCCCCCN3C(=O)c2ccncc2)c1,-6.444
CN1CCCN(C(=O)C2CC(=O)NC(Cc3ccccc3)C(=O)N(C)CCOc3ccccc3C(=O)N2)CC1,-6.959
Cc1ccc(C(=O)N2CCCCC3(CCN(C)CC3)C(=O)OCC(O)C(O)CC2)cn1,-6.699
O=C(CN1CCCCCCOc2ccccc2Oc2ncccc2C1)NCc1cccc(CN2CCCCC2)c1,-5.058
CC(C)CC1NC(=O)CC(C(=O)NCc2ccc(CN3CCCCC3)cc2)NC(=O)c2ccccc2OCCN(C)C1=O,-7.097
CN(C)CCCNC(=O)C1CC(=O)NC(Cc2ccccc2)C(=O)N(C)CCOc2ccccc2C(=O)N1,-7.301
COc1ccc(C(C)C)cc1CN1CCC2(CCCCOCC(C)NC(=O)C(CC(C)C)NC2=O)CC1,-4.919
CC1CCN(CC(=O)N2CCCCOc3ccc(Cl)cc3C(=O)N(C)C(Cc3ccccc3)C(=O)N(C)CCCC2)CC1,-5.441
O=C(c1ccc2ccccc2n1)N1CCCCC2(CO)CCN(CC2)Cc2ccccc2OCC1,-6.357
CC(C)C1NC(=O)CC(C(=O)NCc2ccc(CN3CCCCC3)cc2)NC(=O)c2ccccc2OCCCNC1=O,-7.046
CCC(=O)N1CCCN(C)CCCN(C(=O)c2cc(CC)on2)Cc2cc(F)c(F)cc21,-5.565
CC(=O)N1CCCCCCCN(CCC(C)C)Cc2cc(C(=O)Nc3ccc(C)nc3)ccc21,-5.575
CC(C)CC1NC(=O)C2(CCCCOCC(C)NC1=O)CCN(Cc1cncs1)CC2,-6.319
CC(C)N1CCC(C(=O)N2CCCCOc3ccc(Cl)cc3C(=O)N(C)C(Cc3ccccc3)C(=O)N(C)CCCC2)CC1,-5.827
COCC(=O)N1CCCN(Cc2ccc(Cl)cc2)CCCN(C(=O)c2cn(C)c3ccccc23)Cc2ccccc21,-6.337
CCN1CCN(CC(=O)N2CCCCNC(=O)c3cc(Cl)ccc3OCC(C(C)C)NC(=O)C2)CC1,-6.387
COc1cccc(OCC(=O)N2CCCCC3(CO)CCN(CC3)Cc3ccccc3OCC2)c1,-6.678
CN1CCCCCOc2ccc(C(=O)NCCCn3cncn3)cc2Cc2cccc(c2)C1,-6.26
CC(=O)N1CCCCCCCN(CCC(C)C)Cc2cc(C(=O)NCC(O)CO)ccc21,-6.125
O=C(c1ccc2c(c1)Cc1cccc(c1)CN(C1CCC1)CCCCCO2)N1CCCC1,-5.382
O=C(CCn1ccnc1)N1CCCCC2(CCN(Cc3ccncc3)CC2)C(=O)OCC(O)C(O)CC1,-6.658
CN1C(=O)C(CO)NC(=O)CCC(C(=O)NCCCN2CCCCCC2)NC(=O)c2ccccc2OCC1Cc1ccccc1,-6.886
O=C(CCn1ccnc1)N1CCCCC2(CCN(Cc3ccccc3)CC2)C(=O)OCC(O)C(O)CC1,-6.194
O=C(C1CCOCC1)N1CCCCC2(CCN(Cc3ccccc3)CC2)C(=O)OCC(O)C(O)CC1,-6.161
CC(C)CNc1ccc2c(c1)CNCCCCCCCN2C(=O)C(C)C,-4.995
CCN1CCCC1CNC(=O)C1CC(=O)NC(C(C)C)C(=O)N2CCCC2COc2ccccc2C(=O)N1,-6.62
CCN1CCCC1CNC(=O)C1CC(=O)NC(C)C(=O)N(C)C(Cc2ccccc2)COc2ccccc2C(=O)N1,-6.77
COc1cccc(N=C2CCc3csc(n3)-c3cccnc3Oc3ccccc3OCCCCCN2)c1,-5.6
CN1CCC2(CCCCN(C(=O)COc3cccc(Cl)c3)CCC(O)C(O)COC2=O)CC1,-6.42
Cc1cccc(C)c1C(=O)N1CCCCC2(CCN(Cc3ccncc3)CC2)C(=O)OCC(O)C(O)CC1,-6.201
CC1NC(=O)CC(C(=O)NCc2ccc(CN3CCCCC3)cc2)NC(=O)c2ccccc2OCC(Cc2ccccc2)N(C)C1=O,-7.097
CN1CCC2(CCCCN(C(=O)c3ccncc3)CCC(O)C(O)COC2=O)CC1,-6.569
CCOc1ccc(CC(=O)N2CCCCC3(CCN(Cc4ccncc4)CC3)C(=O)OCC(O)C(O)CC2)cc1,-6.481
CN1CCC2(CCCCN(C(=O)Cc3ccc(Cl)cc3)CCC(O)C(O)COC2=O)CC1,-6.658
O=C(NCCCCCO)c1ccc2c(c1)Cc1cccc(c1)CN(C1CCC1)CCCCCO2,-5.393
CC(C)CN1CCOCCOc2ccc(C(=O)NCc3ccccn3)cc2Cc2cccc(c2)C1,-5.387
CC(C)N1CC(=O)NCCCCCOc2ccc(CCC(=O)N3CCCC(N(C)Cc4ccccc4)C3)cc2C1,-5.472
COc1ccc(-c2ccc3c(c2)CNCCCCCCCN3C(=O)c2ccncc2)cc1C,-5.425
CCN1CCOc2ccccc2CCCCC2(CN(C(=O)CN3CCCC3)CCO2)C1=O,-5.487
CN1CCCC(CNC(=O)c2ccc3c(c2)Cc2cccc(c2)CN(CC2CC2)CCCCCO3)C1,-5.701
Cc1ncc(C(=O)N2CCCCC3(CCN(Cc4ccncc4)CC3)C(=O)OCC(O)C(O)CC2)c(C)n1,-6.824
CC(=O)N1CCCCCCCN(CCC(C)C)Cc2cc(C(=O)NC(CO)CC(C)C)ccc21,-5.432
O=C(c1ccncc1)N1CCCCCCCNCc2cc(NCC3CCOCC3)ccc21,-6.149
CCC(=O)N1CCCN(C(C)C)CCCN(C(=O)c2c(C(C)C)noc2C)Cc2cc(F)c(F)cc21,-5.625
CC(C)CN1CCOc2ccccc2CCCCC2(CCN(C(=O)c3cnc4ccccc4c3)CC2)C1,-5.485
CCOc1cccc(C(=O)N2CCCCC3(CCN(Cc4ccncc4)CC3)C(=O)OCC(O)C(O)CC2)c1,-6.509
CC(C)CC1COc2ccc(Cl)cc2C(=O)NCCCCN(C(=O)CCN2CCC(C)CC2)CC(=O)N1,-6.26
CN1CCC2(CCCCN(C(=O)c3ccc4ncccc4c3)CCC(O)C(O)COC2=O)CC1,-6.432
CC(=O)N1CCCCCCCN(CC(C)C)Cc2cc(C(=O)NC(C)C)ccc21,-5.442
CN(C)c1ccc(C(=O)N2CCCCC3(CCN(Cc4ccncc4)CC3)C(=O)OCC(O)C(O)CC2)cc1,-6.602
CC(=O)N1CCCCCCCN(C(C)C)Cc2cc(C(=O)N3CCCC(CO)C3)ccc21,-5.943
CN(CCc1ccccc1)C(=O)c1ccc2c(c1)Cc1cccc(c1)CN(C1CCOCC1)CCOCCO2,-5.517
Cc1ccccc1OCC(=O)N1CCCCC2(CCN(Cc3ccncc3)CC2)C(=O)OCC(O)C(O)CC1,-6.398
CC(C)N1CCN(C(=O)CCc2ccc3c(c2)CN(Cc2ccccc2)CC(=O)NCCCCCO3)CC1,-5.081
CN1CCCCCOc2ccc(C(=O)NCCN3CCCC3)cc2Cc2cccc(c2)C1,-5.466
CC(=O)N1CC(C(=O)N2CCC3(CCCCc4ccccc4OCCN(CC(C)C)C3)CC2)C1,-5.815
CC(=O)N1CCCCCCCN(CCC(C)C)Cc2cc(C(=O)NC(CO)C(C)C)ccc21,-5.323
O=C(COc1ccccc1)N1CCCCCCCNCc2cc(-c3cncc4ccccc34)ccc21,-5.733
CN1CCCCCOc2ccc(C(=O)NCCc3ccc(S(=O)(=O)N(C)C)cc3)cc2Cc2cccc(c2)C1,-6.131
CN1CCOc2ccccc2C(=O)NC(C(=O)NCCCN2CCCCCC2)CC(=O)NC(Cc2ccccc2)C1=O,-6.377
CCC(C)C1NC(=O)CC(C(=O)N2CCCN(C)CC2)NC(=O)c2ccccc2OCCN(C)C1=O,-6.824
COc1cccc(C2C(C(C)C)CN(C(C)=O)CC(OC)C(O)C(O)COCCCCN2C(=O)CNCc2cccnc2)c1,-6.62
O=C(c1ccc2c(c1)Cc1cccc(c1)CN(C1CCOCC1)CCOCCO2)N1CCC(CCO)CC1,-5.975
O=C(Cc1ccc2c(c1)CN(Cc1ccccc1)CC(=O)NCCCCCO2)NCc1ccccc1CN1CCCCC1,-5.559
CN(C)CCCNC(=O)C1CC(=O)NC(CO)C(=O)NCCOc2ccccc2C(=O)N1,-7.398
CS(=O)(=O)N1CCC(CC(=O)N2CCCCC3(CCN(Cc4ccccc4)CC3)C(=O)OCC(O)C(O)CC2)CC1,-6.538
CN(C)CCCNC(=O)C1CC(=O)NC(C)(C)C(=O)NC(Cc2ccccc2)COc2ccccc2C(=O)N1,-6.854
O=C(c1cncnc1)N1CCCCC2(CCN(Cc3ccccc3)CC2)C(=O)OCC(O)C(O)CC1,-6.387
CN1CCCC(CNC(=O)Cc2ccc3c(c2)CN(Cc2ccccc2)CC(=O)NCCCCCO3)C1,-6.161
CC(=O)N1CCCCCCCN(CC(C)C)Cc2cc(C(=O)NC(CO)c3ccccc3)ccc21,-6.092
CC(C)CC1NC(=O)CC(C(=O)NCCCCN(C)C)NC(=O)c2ccccc2OCCN(C)C1=O,-7.301
CCC(=O)N1CCCN(C)CCCN(C(=O)c2ccc(=O)n(C)c2)Cc2cc(F)c(F)cc21,-6.553
O=C(CCN1CCCC1)N1CCCCC2(CCN(Cc3ccccn3)CC2)C(=O)OCC(O)C(O)CC1,-6.553
CC(O)C1NC(=O)CC(C(=O)NCCN2CCCCCC2)NC(=O)c2ccccc2OCCCNC1=O,-7.097
CC(C)CC1NC(=O)CC(C(=O)NCCCCN2CCCC2)NC(=O)c2ccccc2OCCN(C)C1=O,-7.222
CC(=O)N1CCCCCCCN(CCC(C)C)Cc2cc(C(=O)N3CCN(C(C)C)CC3)ccc21,-5.33
CC(C)CC1C(=O)N(C)CC(=O)NC(Cc2ccccc2)COc2ccccc2C(=O)NC(C(=O)NCc2ccc(CN3CCCC3)cc2)CC(=O)N1C,-7.398
CCC(=O)N1CCCN(C(C)C)CCCN(C(=O)C(C)C)Cc2cc(F)c(F)cc21,-5.223
Cc1cncc(NC(=O)c2ccc3c(c2)Cc2cccc(c2)CN(C2CCC2)CCCCCO3)c1,-5.492
O=C(NCCO)c1ccc2c(c1)Cc1cccc(c1)CN(CC1CC1)CCCCCO2,-5.839
O=C(c1cccnc1)N1CCCCCCCNCc2cc(-c3cccnc3)ccc21,-5.762
CC(C)CC1NC(=O)CC(C(=O)NCCCCN(C)C)NC(=O)c2ccccc2OCCCNC1=O,-6.553
CC(=O)N1CCCCCCCN(CC(C)C)Cc2cc(C(=O)N3CCN(c4ncccn4)CC3)ccc21,-5.66
CN1CCC2(CCCCN(C(=O)Cc3ccccc3Cl)CCC(O)C(O)COC2=O)CC1,-6.292
Cc1ncncc1C(=O)N1CCCCC2(CCN(Cc3ccccc3)CC2)C(=O)OCC(O)C(O)CC1,-7.097
CC(=O)N1CCCCCCCN(C2CCOCC2)Cc2cc(C(=O)NC(CO)CC(C)C)ccc21,-6.102
CC(C)CN1CCOCCOc2ccc(C(=O)NCCN3CCCCC3)cc2Cc2cccc(c2)C1,-5.357
Cc1nccc(C2CN(C(=O)CN3CCC4(CCCCc5ccccc5OCCCNC4=O)CC3)CCO2)n1,-5.967
CC(C)CC1COc2ccccc2CCCCCC2(CCN(C(=O)CN3CCCCC3)CC2)C(=O)N1,-4.952
CC1(C)CCCN(CC(=O)NCc2cccc(CN3CCCCC3)c2)Cc2cccnc2Oc2ccccc2OC1,-5.369
COC1CN(C(C)=O)CCCN(Cc2ccc3ncccc3c2)CCCCOCC(O)C1O,-6.585
CC(=O)N1CCCCCCCN(C(C)C)Cc2cc(C(=O)NC(CO)C(C)C)ccc21,-5.921
CC(C)CN1CCOCCOc2ccc(C(=O)NCCCn3cncn3)cc2Cc2cccc(c2)C1,-5.69
O=C1CC(C(=O)NCCCCN2CCCC2)NC(=O)c2ccccc2OCCNC(=O)C(Cc2ccccc2)N1,-6.886
CCOc1cccc(C(=O)N2CCCN(C(C)C)CCCN(C(=O)CC)c3cc(F)c(F)cc3C2)c1,-5.558
CC(C)CC1COc2ccc(Cl)cc2C(=O)NCCCCN(C(=O)CN(C)C2CCCC2)CC(=O)N1,-6.357
COC1CCN(CC(=O)N2CCCCOCC(O)C(O)C(OC)CN(C(=O)c3ccccc3F)CC2CC(C)C)CC1,-6.495
CCN(CC)C(=O)c1ccc2c(c1)CN(CCC(C)C)CCCCCCCN2C(C)=O,-5.457
CC(C)CN1CCOc2ccccc2CCCCC2(CCN(C(=O)CCc3c[nH]c4ccccc34)CC2)C1,-5.465
CCC(=O)N1CCCN(C)CCCN(C(=O)c2ccnnc2)Cc2cc(F)c(F)cc21,-6.509
CCN1CCCC1CNC(=O)Cc1ccc2c(c1)CN(Cc1ccccc1)CC(=O)NCCCCCO2,-5.775
CCC(CC)NC(=O)c1ccc2c(c1)CN(C1CCOCC1)CCCCCCCN2C(C)=O,-5.221
CC(=O)N1CCCCCCCN(C(C)C)Cc2cc(C(=O)N(C)CCc3ccccc3)ccc21,-5.337
CC(=O)N1CCCCCCCN(C2CCOCC2)Cc2cc(C(=O)NC3CCOCC3)ccc21,-6.125
CC(=O)N1CCCCCCCN(C(C)C)Cc2cc(C(=O)N3CCNC(=O)C3)ccc21,-6.569
CCN1CCCC1CN(Cc1ccccn1)C(=O)CCc1ccc2c(c1)CN(C(C)C)CC(=O)NCCCCCO2,-6.114
CC(C)C1NC(=O)CC(C(=O)NCCN2CCCCCC2)NC(=O)c2ccccc2OCCN(C)C1=O,-7.155
Cc1cccc(C(=O)N2CCCCC3(CCN(C)CC3)C(=O)OCC(O)C(O)CC2)c1C,-5.91
CN1CCC2(CCCCN(C(=O)c3cnccn3)CCC(O)C(O)COC2=O)CC1,-6.921
CC(=O)N1CCCCCCCN(C(C)C)Cc2cc(C(=O)N3CCCN(C)CC3)ccc21,-5.614
CCOc1cccc(C(=O)N2CCCCC3(CCN(C)CC3)C(=O)OCC(O)C(O)CC2)c1,-6.301
CN1CCCCCOc2ccc(C(=O)NCCOc3ccccc3)cc2Cc2cccc(c2)C1,-5.491
CN1CCC2(CCCCN(C(=O)CCC3CCCCC3)CCC(O)C(O)COC2=O)CC1,-5.955
CC(=O)N1CCCCCCCN(C2CCOCC2)Cc2cc(C(=O)Nc3ccncc3)ccc21,-6.174
O=C(Cc1ccc2c(c1)CN(Cc1ccccc1)CC(=O)NCCCCCO2)NCCN1CCCC1,-5.788
CC(C)C1NC(=O)CC(C(=O)NCCCCN2CCCC2)NC(=O)c2ccccc2OCCN(C)C1=O,-6.658
CC(=O)N1CCCCCCCN(CC(C)C)Cc2cc(C(=O)Nc3ccc(C)nc3)ccc21,-5.572
Cc1ccc(CC(=O)N2CCCCC3(CCN(Cc4ccncc4)CC3)C(=O)OCC(O)C(O)CC2)cc1,-6.086
O=C(c1ccc2c(c1)Cc1cccc(c1)CN(C1CCOCC1)CCOCCO2)N1CCN(Cc2ccc(F)cc2)CC1,-5.506
Cc1cc(CNC(=O)c2ccc3c(c2)Cc2cccc(c2)CN(CC(C)C)CCOCCO3)[nH]n1,-5.567
CCN1CCOc2ccccc2CCCCC2(CN(C(=O)CCN3CCCC3)CCO2)C1=O,-6.032
CN1CCC(CNC(=O)CN2CCCCCCOc3ccccc3Oc3ncccc3C2)CC1,-5.951
CCN1CCOc2ccccc2CCCCC2(CN(C(=O)CN(C)C3CCCC3)CCO2)C1=O,-5.407
Cn1cc(C(=O)N2CCCCC3(CCN(Cc4ccncc4)CC3)C(=O)OCC(O)C(O)CC2)nn1,-6.959
O=C1NCc2ccccc2OCc2cn(nn2)CCCC12CCNCC2,-6.921
CC(C)CN1CCCN(C(=O)CCn2ccnc2)Cc2cc(F)ccc2N(C(=O)c2cccnc2)CCC1,-6.745
O=C1CC(C(=O)NCCCN2CCCCCC2)NC(=O)c2ccccc2OCC2CCCN2C(=O)C(Cc2c[nH]c3ccccc23)N1,-7.699
O=C1CC(C(=O)NCCCCN2CCCC2)NC(=O)c2ccccc2OCC2CCCN2C(=O)C(Cc2ccccc2)N1,-7.155
CCCOc1cccc(-c2ccc3c(c2)CNCCCCCCCN3C(=O)c2cccnc2)c1,-4.87
CC(C)CC1COc2ccccc2CCCCC2(CCNCC2)C(=O)N1,-5.936
CC(=O)N1CCCCCCCN(C2CCOCC2)Cc2cc(C(=O)N3CCCC3CO)ccc21,-6.319
O=C1NC2CCN(CC(=O)N3CCN(c4ccc(F)cc4)CC3)CC2C/C=C/CC2(CCOCC2)C(=O)NC1Cc1ccccc1,-6.398
COCC(=O)N1CCCCCCCNCc2cc(-c3cncnc3)ccc21,-6.167
CN1CCC2(CCCCN(C(=O)c3cnc4ccccc4c3)CCC(O)C(O)COC2=O)CC1,-6.409
CC(C)CN1CCOCCOc2ccc(C(=O)NCC3CCOCC3)cc2Cc2cccc(c2)C1,-5.287
CC1CN(C(=O)c2ccc3c(c2)Cc2cccc(c2)CN(C2CCC2)CCCCCO3)CC(C)O1,-5.724
CN1CCCCCOc2ccc(C(=O)NCC(c3ccccc3)N3CCCCC3)cc2Cc2cccc(c2)C1,-5.439
Cc1nc(CC(=O)N2CCCCC3(CCN(Cc4ccncc4)CC3)C(=O)OCC(O)C(O)CC2)cs1,-6.745
CC(=O)N1CCCCCCCN(C2CCOCC2)Cc2cc(C(=O)N3CCCC(CO)C3)ccc21,-6.569
NC(=O)c1ccc(-c2ccc3c(c2)CNCCCCCCCN3C(=O)c2ccncc2)cc1,-6.444
CC(C)N1CCOCCOc2ccc(C(=O)NC3CCN(Cc4ccccc4)CC3)cc2Cc2cccc(c2)C1,-5.064
CC(C)CC1NC(=O)CCC(C(=O)NCc2ccc(CN3CCCCC3)cc2)NC(=O)c2ccccc2OCCN(C)C1=O,-7.301
CC(=O)N1CC(C(=O)N2CCCCC3(CCN(Cc4ccncc4)CC3)C(=O)OCC(O)C(O)CC2)C1,-6.62
CN1CCCCCOc2ccc(C(=O)NCCN3CCCC3=O)cc2Cc2cccc(c2)C1,-6.187
CC1NC(=O)CC(C(=O)NCCN2CCCCC2)NC(=O)c2ccccc2OCC2CCCN2C1=O,-6.678
CCC(=O)N1CCCN(C(C)C)CCCN(C(=O)c2cc(F)cc(F)c2)Cc2cc(F)c(F)cc21,-5.896
CCN(CC)C(CNC(=O)CN1CCCCCCOc2ccccc2Oc2ncccc2C1)c1ccc(C)cc1,-5.69
CN1CCC(C(=O)N2CCOC3(CCCCc4ccccc4OCCN(C)C3=O)C2)CC1,-6.174
CN(C)CCN1CCN(C(=O)CCc2ccc3c(c2)CN(Cc2ccccc2)CC(=O)NCCCCCO3)CC1,-6.509
CC(=O)N1CCCCCCCN(C(C)C)Cc2cc(C(=O)N3CCN(S(C)(=O)=O)CC3)ccc21,-6.013
CCCCN1CCOc2ccccc2CCCCC2(CCN(C(=O)c3cncnc3)CC2)C1,-5.996
CC(=O)N1CCCCCCCN(CCC(C)C)Cc2cc(C(=O)N3CCN(c4ccccn4)CC3)ccc21,-5.747
CC(C)c1nccn1CCCNC(=O)c1ccc2c(c1)Cc1cccc(c1)CN(C)CCCCCO2,-5.983
CC(=O)N1CCCCCCCN(C(C)C)Cc2cc(C(=O)N3C4CCC3CC(O)C4)ccc21,-5.804
CN1CCC2(CCCCN(C(=O)c3ccc(C(F)(F)F)cc3)CCC(O)C(O)COC2=O)CC1,-6.745
O=C1CCC(C(=O)NCc2cccc(CN3CCCCCC3)c2)NC(=O)c2ccccc2OCCOCCN1,-7.222
CCN1CCOc2ccccc2CCCCC2(CN(C(=O)C3CCN(C)CC3)CCO2)C1=O,-5.967
Cc1cnccc1NC(=O)c1ccc2c(c1)Cc1cccc(c1)C[NH+](C1CCC1)CCCCCO2,-5.588
CCCCN1CCOc2ccccc2CCCCC2(CN(C(=O)C3CCN(C(C)C)CC3)CCO2)C1=O,-5.249
Cc1cccc(C(=O)N2CCCCC3(CCN(Cc4ccncc4)CC3)C(=O)OCC(O)C(O)CC2)c1C,-6.319
CC(=O)N1CCCCCCCN(CCC(C)C)Cc2cc(C(=O)N3CC(C)OC(C)C3)ccc21,-5.363
CC(=O)N1CCCCCCCN(CC(C)C)Cc2cc(C(=O)N3CC(C)OC(C)C3)ccc21,-5.577
COc1cccc(NC(=O)c2ccc3c(c2)CN(C(C)C)CCCCCCCN3C(C)=O)c1,-5.6
CC(=O)N1CCCCCCC[NH+](CCC(C)C)Cc2cc(C(=O)Nc3ccncc3C)ccc21,-5.599
CC1NC(=O)CC(C(=O)NCCCCN(C)C)NC(=O)c2ccccc2OCC(Cc2ccccc2)N(C)C1=O,-7.301
CC(C)CC1NC(=O)CC(C(=O)NCCCN(C)C)NC(=O)c2ccccc2OCCCNC1=O,-7.155
CC(=O)N1CCCCCCCN(CCC(C)C)Cc2cc(C(=O)N(C)CCO)ccc21,-5.721
CN(Cc1ccccc1)C(=O)c1ccc2c(c1)Cc1cccc(c1)CN(C1CCOCC1)CCOCCO2,-5.499
O=C(NCCCn1cncn1)c1ccc2c(c1)Cc1cccc(c1)CN(CC1CC1)CCCCCO2,-5.827
CC(=O)N1CCCCC2(CCN(Cc3ccncc3)CC2)C(=O)OCC(O)C(O)CC1,-6.26
CC1NC(=O)CCC(C(=O)N2CCCN(C)CC2)NC(=O)c2ccccc2OCC(Cc2ccccc2)N(C)C1=O,-6.699
CC(=O)N1CCCCCCCN(CCC(C)C)Cc2cc(C(=O)N3CC(O)C3)ccc21,-6.167
CN1CCOc2ccccc2C(=O)NC(C(=O)NCc2ccc(CN3CCCCC3)cc2)CCC(=O)N(C)CC1=O,-7.0
CC(C)CN1CCOCCOc2ccc(C(=O)NCCCn3ccnc3C(C)C)cc2Cc2cccc(c2)C1,-5.658
CN1CCC2(CCCCN(C(=O)c3cnc4ccccc4n3)CCC(O)C(O)COC2=O)CC1,-6.824
Cc1cncc(Nc2ccc3c(c2)CNCCCCCCCN3C(=O)C(C)C)c1,-5.306
CC(=O)N1CCCCCCCN(C(C)C)Cc2cc(C(=O)NC(CO)c3ccccc3)ccc21,-5.79
O=C(Cc1ccc2c(c1)CN(Cc1ccccc1)CC(=O)NCCCCCO2)NCCC1CCCCN1C1CCCC1,-5.693
Cc1ccccc1OCC(=O)N1CCCCC2(CCN(C)CC2)C(=O)OCC(O)C(O)CC1,-7.0
O=C(Cc1ccc(F)cc1)N1CCCCC2(CCN(Cc3ccncc3)CC2)C(=O)OCC(O)C(O)CC1,-6.387
CC(=O)N1CCCCCCCN(CC(C)C)Cc2cc(C(=O)N3CCN(C(C)C)CC3)ccc21,-5.226
CCC(=O)N1CCCN(C)CCCN(C(=O)C2CCCC2)Cc2cc(F)c(F)cc21,-5.245
CC(C)CC1NC(=O)C2(CCCCOCC(C)NC1=O)CCN(Cc1cnc3ccccc3c1)CC2,-5.296
Cc1noc(C)c1-c1ccc2c(c1)CNCCCCCCCN2C(=O)COc1ccccc1,-5.201
CC(=O)N1CCCCCCCN(CC(C)C)Cc2cc(C(=O)N(CCO)Cc3ccccc3)ccc21,-5.52
CC(=O)N1CCCCCCCN(CCC(C)C)Cc2cc(C(=O)N3CCN(CCN(C)C)CC3)ccc21,-5.446
CN1CCCc2cc(CNC(=O)CN3CCC4(CCCCc5ccccc5OCCCNC4=O)CC3)ccc21,-5.413
Cc1cc(C)n(CCNC(=O)c2ccc3c(c2)Cc2cccc(c2)CN(CC2CC2)CCCCCO3)n1,-5.231
CC(C)CN1CCOCCOc2ccc(C(=O)NCC3CCN(C)CC3)cc2Cc2cccc(c2)C1,-5.963
CCC(=O)N1CCCN(C(C)C)CCCN(C(=O)c2cn(C)nc2C)Cc2cc(F)c(F)cc21,-5.466
CN(C)CCCCNC(=O)C1CC(=O)NC(Cc2ccccc2)C(=O)NCCOc2ccccc2C(=O)N1,-7.699
CCC(C)NC(=O)CN1CCC2(C/C=C/COc3ccc(Cl)cc3C(=O)NC(CC(C)C)C(=O)NC2)CC1,-5.857
CN1CCC2(CCCCN(C(=O)c3cnc[nH]3)CCC(O)C(O)COC2=O)CC1,-6.678
Cn1cc(C(=O)N2CCCCC3(CCN(Cc4ccncc4)CC3)C(=O)OCC(O)C(O)CC2)cn1,-6.796
O=C(c1ccc2c(c1)Cc1cccc(c1)CN(C1CCC1)CCCCCO2)N1CC(O)C1,-5.975
CC(=O)N1CCCCCCCN(C(C)C)Cc2cc(C(=O)Nc3cncc(C)c3)ccc21,-5.191
CCN1CCCC1CNC(=O)C1CC(=O)NC(Cc2ccccc2)C(=O)NCCOc2ccccc2C(=O)N1,-7.523
CCC(CC)NC(=O)c1ccc2c(c1)CN(C(C)C)CCCCCCCN2C(C)=O,-4.926
CC(C)C1COc2ccccc2C(=O)NC/C=C/CC2(CCN(CC(=O)NC3CCCCC3)CC2)C(=O)N1,-6.337
CCC(=O)N1CCCN(C(C)C)CCCN(C(=O)c2ccc(Cl)cc2)Cc2cc(F)c(F)cc21,-5.726
CN1CCC2(CCCCN(C(=O)CCc3c[nH]c4ccccc34)CCC(O)C(O)COC2=O)CC1,-6.444
CCCn1cc(C(=O)N2CCCN(C(C)C)CCCN(C(=O)CC)c3cc(F)c(F)cc3C2)cn1,-5.154
CCC(=O)N1CCCN(C(C)C)CCCN(C(=O)c2ccc(N(C)C)cc2)Cc2cc(F)c(F)cc21,-5.213
CC(C)CN1CCOc2ccccc2CCCCC2(CCN(C(=O)c3cnn(C)c3)CC2)C1,-5.66
CCC(=O)N1CCCN(C)CCCN(C(=O)c2cccc(F)c2)Cc2cc(F)c(F)cc21,-5.144
CC(C)CN1CCOc2ccccc2CCCCC2(CCN(C(=O)c3cncnc3)CC2)C1,-5.717
CN1CCC(NC(=O)c2ccc3c(c2)Cc2cccc(c2)CN(C2CCC2)CCCCCO3)CC1,-5.359
CN1CCCN(C(=O)C2CCC(=O)N3CCCC3C(=O)N(C)CCOc3ccccc3C(=O)N2)CC1,-6.469
Cc1cnccc1C(=O)N1CCCCC2(CCN(Cc3ccccc3)CC2)C(=O)OCC(O)C(O)CC1,-6.222
O=C1CN(C(=O)c2ccc3c(c2)Cc2cccc(c2)CN(C2CCC2)CCCCCO3)CCN1,-6.638
CC(=O)N1CCCCCCCN(C2CCOCC2)Cc2cc(C(=O)Nc3cncc(C)c3)ccc21,-5.606
O=C(CN1CCCCCCOc2ccccc2Oc2ncccc2C1)NCc1ccccc1CN1CCCCC1,-5.373
CC(C)CC1COc2ccc(Cl)cc2C(=O)NCCCCN(C(=O)C2CCN(C(C)C)CC2)CC(=O)N1,-6.42
CC(C)C1NC(=O)CC(C(=O)NCCN2CCCCC2)NC(=O)c2ccccc2OCCN(C)C1=O,-7.097
CCC(=O)N1CCCN(C(C)C)CCCN(C(=O)c2ncccn2)Cc2cc(F)c(F)cc21,-5.4
CCN1CCN(CC(=O)N2CCCCNC(=O)c3cc(Cl)ccc3OCC(CC(C)C)NC(=O)C2)CC1,-6.284
CC(C)CN1CCOCCOc2ccc(C(=O)NCCCO)cc2Cc2cccc(c2)C1,-5.323
CC(C)C1NC(=O)CC(C(=O)NCCCN2CCCCCC2)NC(=O)c2ccccc2OCCN(C)C1=O,-6.602
CC(=O)N1CCCCCCCN(CCC(C)C)Cc2cc(C(=O)NC(CO)Cc3ccccc3)ccc21,-5.503
CN(C)CCCNC(=O)C1CCC(=O)NC2(CC2)C(=O)N(C)C(Cc2ccccc2)COc2ccccc2C(=O)N1,-6.699
O=C(c1ccncc1)N1CCCCCCCNCc2cc(N3CCCC3)ccc21,-5.545
O=C(c1ccc2c(c1)OCO2)N1CCCCC2(CO)CCN(CC2)Cc2ccccc2OCC1,-6.886
CC(C)CN1CCOCCOc2ccc(C(=O)NCCn3nccc3NS(C)(=O)=O)cc2Cc2cccc(c2)C1,-6.824
Cc1cc(C(=O)N2CCCCC3(CCN(Cc4ccccc4)CC3)C(=O)OCC(O)C(O)CC2)no1,-5.889
CC(=O)N1CCCCCCCN(C(C)C)Cc2cc(C(=O)NC3CCOCC3)ccc21,-5.413
CC(C)CN1CCOCCOc2ccc(C(=O)NCc3cccc(CN4CCCCC4)c3)cc2Cc2cccc(c2)C1,-5.627
COc1ccc(CN2CCC3(CCCCOCC(C)NC(=O)C(CC(C)C)NC3=O)CC2)cc1,-5.2
COc1ccc(CCC(=O)N2CCC3(CCCCc4ccccc4OCCN(CC(C)C)C3)CC2)cc1OC,-5.836
CCC(=O)N1CCCN(C)CCCN(C(=O)c2ncccn2)Cc2cc(F)c(F)cc21,-5.65
CC(C)CCN(CCCCC1NC(=O)C(C)NC(=O)CC(C(=O)N2CCC(N(C)C)C2)NC(=O)c2ccccc2OCC(C)N(C)C1=O)CCC(C)C,-7.0
CN1CCOc2ccccc2CCCCC2(CN(C(=O)CCCCN)CCO2)C1=O,-6.444
CC1CCN(CC(=O)N2CCC3(CCCCCOc4ccccc4C(=O)NC3)CC2)CC1,-5.173
CCN(CC)C(CNC(=O)c1ccc2c(c1)Cc1cccc(c1)CN(C)CCCCCO2)c1ccc(C)cc1,-5.695
CN1CCC(C(=O)N2CCCCC3(CCN(Cc4ccncc4)CC3)C(=O)OCC(O)C(O)CC2)CC1,-6.658
O=C(Cc1ccc2c(c1)CN(Cc1ccccc1)CC(=O)NCCCCCO2)NCC(c1ccccc1)N1CCCCC1,-5.597
O=C(CN1CCCCCCOc2ccccc2Oc2ncccc2C1)NC1CCN(Cc2ccccc2)CC1,-5.836
CC1NC(=O)CC(C(=O)NCCCCN(C)C)NC(=O)c2ccccc2OCCN(C)C1=O,-6.569
CC(=O)N1CCCCCCCN(CCC(C)C)Cc2cc(C(=O)N3CCC(CO)CC3)ccc21,-5.354
CCC(=O)N1CCCN(C)CCCN(C(=O)c2ccc(N(C)C)cc2)Cc2cc(F)c(F)cc21,-5.231
CC(=O)N1CCCCCCCN(C2CCOCC2)Cc2cc(C(=O)N3CCC(Cc4ccccc4)CC3)ccc21,-5.611
COc1cccc(C(=O)N2CCC3(CCCCc4ccccc4OCCN(C)C3)CC2)n1,-5.623
O=C1NC(C(=O)NCc2ccc(CN3CCCCC3)cc2)CC(=O)N2CCCC2C(=O)NCCOc2ccccc21,-7.523
CC(C)CN1CCOCCOc2ccc(C(=O)NCCS(=O)(=O)N3CCCC3)cc2Cc2cccc(c2)C1,-5.62
CN(C)CCNC(=O)c1ccc2c(c1)Cc1cccc(c1)CN(C)CCCCCO2,-5.538
Cc1cnc(C(=O)N2CCCCC3(CCN(C)CC3)C(=O)OCC(O)C(O)CC2)cn1,-6.319
CC(C)C1COc2ccccc2C(=O)NC/C=C/CC2(CCN(CC(=O)N(Cc3ccccc3)C(C)C)CC2)C(=O)N1,-5.77
CC(=O)N1CCCCCCCN(C2CCOCC2)Cc2cc(C(=O)NCCCCCO)ccc21,-6.569
CC(C)CC1COc2ccccc2C(=O)NC(C(=O)NCCCN2CCCCCC2)CC(=O)N2CCCC2C(=O)N1,-7.222
CC(C)CN1CCOCCOc2ccc(C(=O)NCCS(=O)(=O)N3CCCCC3)cc2Cc2cccc(c2)C1,-6.036
CCN1CCCC1CNC(=O)C1CC(=O)NC(C)C(=O)N2CCCC2COc2ccccc2C(=O)N1,-7.097
CC(=O)N1CCCCCCCN(CCC(C)C)Cc2cc(C(=O)N3C4CCC3CC(O)C4)ccc21,-5.193
COC(C)NC(=O)CN1CCC2(C/C=C/COc3ccc(Cl)cc3C(=O)NC(CC(C)C)C(=O)NC2)CC1,-6.409
Cc1ncccc1C(=O)N1CCCCC2(CCN(Cc3ccncc3)CC2)C(=O)OCC(O)C(O)CC1,-6.131
COc1cccc(OCC(=O)N2CCCCC3(CCN(C)CC3)C(=O)OCC(O)C(O)CC2)c1,-6.796
CCCCN1CCOc2ccccc2CCCCC2(CCN(C(=O)c3cncnc3C)CC2)C1,-6.004
CC(=O)N1CCCCCCCN(CC(C)C)Cc2cc(C(=O)N(C)CC(O)CO)ccc21,-5.788
COCCNC(=O)c1ccc2c(c1)Cc1cccc(c1)CN(CC(C)C)CCOCCO2,-5.169
O=C(CN1CCCCCCOc2ccccc2Oc2ncccc2C1)NCC(c1ccccc1)N1CCCCC1,-5.772
CN(C)CCCNC(=O)C1CC(=O)N2CCCC2C(=O)NCCCOc2ccccc2C(=O)N1,-7.523
O=C(c1ccc2c(c1)Cc1cccc(c1)CN(C1CCOCC1)CCOCCO2)N1CCCC(CO)C1,-5.91
CNC(=O)C12CCCCN(C(=O)CN3CCCCC3)CCOc3ccccc3C(=O)N(CC1)CC2,-6.62
CC1CCN(CCC(=O)N2CCCCNC(=O)c3cc(Cl)ccc3OCC(C(C)C)NC(=O)C2)CC1,-6.77
CCC(=O)N1CCCN(C)CCCN(C(=O)c2cc(CC(C)C)no2)Cc2cc(F)c(F)cc21,-5.939
CCN(CC)C(=O)CN1CCC2(C/C=C/CNC(=O)c3ccccc3OCC(C(C)C)NC2=O)CC1,-6.456
CCC(=O)N1CCCN(C)CCCN(C(=O)c2ccc3ccccc3n2)Cc2cc(F)c(F)cc21,-5.363
CC(C)CN1CCOc2ccccc2CCCCC2(CCN(C(=O)c3ccnc(O)c3)CC2)C1,-6.398
CC(=O)N1CCCCCCCN(C(C)C)Cc2cc(C(=O)N(C)CCO)ccc21,-6.347
CCCCN1CCOc2ccccc2CCCCC2(CN(C(=O)CN3CCC(C)CC3)CCO2)C1=O,-5.78
CCN1CCOc2ccccc2CCCCC2(CN(C(=O)CN3CCC(C)CC3)CCO2)C1=O,-5.092
COc1ccc(CN2CCC3(CCCCOCC(C)NC(=O)C(CC(C)C)NC3=O)CC2)cc1OC,-6.071
CC(=O)N1CCCCCCCN(C2CCOCC2)Cc2cc(C(=O)N3CCNC(=O)C3)ccc21,-7.301
CCC(=O)N1CCCN(C)CCCN(C(=O)C2CCCCC2)Cc2cc(F)c(F)cc21,-5.533
CN(CCO)C(=O)c1ccc2c(c1)Cc1cccc(c1)CN(C1CCOCC1)CCOCCO2,-6.553
CCCc1cc(C(=O)N2CCCN(C)CCCN(C(=O)CC)c3cc(F)c(F)cc3C2)no1,-5.879
COc1ccc(CCC(=O)N2CCCCC3(CCN(Cc4ccncc4)CC3)C(=O)OCC(O)C(O)CC2)cc1OC,-7.0
CC(C)CN1CCOCCOc2ccc(C(=O)NCC3CC3)cc2Cc2cccc(c2)C1,-5.733
CN1CCC2(CCCCN(C(=O)Cc3ccccc3F)CCC(O)C(O)COC2=O)CC1,-5.963
COc1ccc(CCC(=O)N2CCCCC3(CCN(Cc4ccncc4)CC3)C(=O)OCC(O)C(O)CC2)c(OC)c1OC,-6.456
CN1CCC2(CCCCN(C(=O)c3cccnc3)CCC(O)C(O)COC2=O)CC1,-6.337
CC(=O)N1CCCCCCCN(CCC(C)C)Cc2cc(C(=O)N3CCC(O)CC3)ccc21,-5.492
CCN1CCCC1CNC(=O)C1CC(=O)NC(CC(C)C)C(=O)NCCCOc2ccccc2C(=O)N1,-7.155
CN1CCCC(CNC(=O)CN2CCCCCCOc3ccccc3Oc3ncccc3C2)C1,-5.369
CC(C)CC1NC(=O)CCC(C(=O)NCCCCN(C)C)NC(=O)c2ccccc2OCC(Cc2ccccc2)N(C)C1=O,-7.046
Cc1ncc(C(=O)N2CCC3(CCCCc4ccccc4OCCN(CC(C)C)C3)CC2)c(C)n1,-6.009
COc1cccc(C2C(C(C)C)CN(C(C)=O)CC(OC)C(O)C(O)COCCCCN2C(=O)CNCCc2csc(-c3ccccc3)n2)c1,-6.721
CC(=O)N1CCCCCCCN(C(C)C)Cc2cc(C(=O)N(C)CC(O)CO)ccc21,-6.886
CC(C)C1NC(=O)CCC(C(=O)N2CCC(c3ccccc3)CC2)NC(=O)c2ccccc2OCC2CCCN2C(=O)C(CCCCN)NC1=O,-7.699
CCCOc1cccc(-c2ccc3c(c2)CNCCCCCCCN3C(=O)COC)c1,-5.53
CCN1CCN(CC(=O)N2CCOC3(CCCCc4ccccc4OCCN(CC)C3=O)C2)CC1,-5.635
O=C(Cc1ccc2c(c1)OCO2)N1CCCCC2(CCN(Cc3ccncc3)CC2)C(=O)OCC(O)C(O)CC1,-6.387
O=C(Cc1ccc(F)cc1)N1CCCCC2(CCN(Cc3ccccc3)CC2)C(=O)OCC(O)C(O)CC1,-5.533
CC(C)CC1NC(=O)C2(CCCCOCC(C)NC1=O)CCN(Cc1cc3ccccc3n1C)CC2,-5.025
CN1CCC2(CCCCN(C(=O)c3ccc4[nH]ccc4c3)CCC(O)C(O)COC2=O)CC1,-6.62
CN1C(=O)C(CCC(N)=O)NC(=O)CCC(C(=O)NCCN2CCCCCC2)NC(=O)c2ccccc2OCC1Cc1ccccc1,-7.222
CC(=O)N1CCCCCCCN(CC(C)C)Cc2cc(C(=O)NC3CCOCC3)ccc21,-5.234
CC(C)CC1NC(=O)CC(C(=O)N2CCCN(C)CC2)NC(=O)c2ccccc2OCCN(C)C1=O,-7.097
CC(=O)N1CCCCCCCN(C2CCOCC2)Cc2cc(C(=O)N3CCN(C)CC3)ccc21,-5.928
CC(=O)N1CCCCCCCN(CCC(C)C)Cc2cc(C(=O)NC3CCOCC3)ccc21,-5.109
CC(C)CCOC1CN(C(=O)c2ccccc2F)CCN(C(=O)C(N)CCCCN)CCCCOCC(O)C1O,-7.155
CCN1CCOc2ccccc2CCCCC2(CN(C(=O)CN3CCCCC3)CCO2)C1=O,-5.161
CC(=O)N1CCCCCCCN(CCC(C)C)Cc2cc(C(=O)N3CCCC(CO)C3)ccc21,-5.283
COc1ccc(CN2CCOc3ccccc3CCCCC3(CCN(C(=O)CN(C)C)CC3)C2)cc1,-5.55
CC(=O)N1CCCCCCCN(C(C)C)Cc2cc(C(=O)N3CCCCC3Cc3ccccc3)ccc21,-5.967
CCC(=O)N1CCCN(C(C)C)CCCN(C(=O)c2cnc3ccccc3c2)Cc2cc(F)c(F)cc21,-5.078
CC(C)CC1NC(=O)C2(CCCCOCC(C)NC1=O)CCN(Cc1ccc(F)c(F)c1)CC2,-4.84
O=C(c1ccc2ncccc2c1)N1CCCCC2(CCN(Cc3ccccc3)CC2)C(=O)OCC(O)C(O)CC1,-6.444
CC(C)CC1NC(=O)C2(CCCCOCC(C)NC1=O)CCN(Cc1ccccc1Cl)CC2,-4.789
CCC(=O)N1CCCN(C)CCCN(C(=O)C2CCC2)Cc2cc(F)c(F)cc21,-5.09
CN1CCC2(CCCCN(C(=O)c3ccc4c(c3)OCO4)CCC(O)C(O)COC2=O)CC1,-6.602
CN1CCC2(CCCCN(C(=O)CN3CCc4ccccc4C3)CCC(O)C(O)COC2=O)CC1,-6.367
Cc1ccc(CN2CCC3(CCCCOCC(C)NC(=O)C(CC(C)C)NC3=O)CC2)cc1,-4.79
CCN(CC)CCNC(=O)C1CCC(=O)NC(C(C)C)C(=O)NC(C(C)C)COc2ccccc2C(=O)N1,-7.046
CC(=O)N1CCCCCCCN(CCC(C)C)Cc2cc(C(=O)N3CCCC3CO)ccc21,-5.162
CC(C)C1NC(=O)C(Cc2ccc(O)cc2)NC(=O)CC(C(=O)NCCN2CCCCCC2)NC(=O)c2ccccc2OCCNC1=O,-7.523
CC(=O)N1CCCCCCCN(C2CCOCC2)Cc2cc(C(=O)N3CCC(CO)CC3)ccc21,-6.77
O=C1CN(C(=O)CCN2CCCC2)CCCCNC(=O)c2cc(Cl)ccc2OCC(Cc2ccccc2)N1,-6.77
CC(C)CN1CCOc2ccccc2CCCCC2(CCN(C(=O)c3nccnc3N)CC2)C1,-6.886
CC(=O)N1CCCCCCCN(CCC(C)C)Cc2cc(C(=O)NCC(C)C)ccc21,-5.69
O=C(CN1CCc2ccccc2C1)N1CCCCC2(CCN(Cc3ccncc3)CC2)C(=O)OCC(O)C(O)CC1,-6.357
CCOc1ccc(CC(=O)N2CCCCC3(CCN(C)CC3)C(=O)OCC(O)C(O)CC2)cc1,-6.495
CC(=O)N1CCCCCCCN(CC(C)C)Cc2cc(C(=O)NC(C)CO)ccc21,-5.288
CN1CCCCCOc2ccc(C(=O)NCCCO)cc2Cc2cccc(c2)C1,-6.161
CN1CCCCCOc2ccc(C(=O)NCCc3ccc(S(N)(=O)=O)cc3)cc2Cc2cccc(c2)C1,-7.301
CC(=O)N1CCCCCCCN(C2CCOCC2)Cc2cc(C(=O)N3C4CCC3CC(O)C4)ccc21,-6.824
COCC(=O)N1CCCCCCCNCc2cc(N(C)CCc3ccccc3)ccc21,-5.001
COc1cccc(C2C(C(C)C)CN(C(C)=O)CC(OC)C(O)C(O)COCCCCN2C(=O)CNCCOc2ccccc2C)c1,-6.081
Cc1cc(N(C)C)cc(C2CCN(C(=O)CCc3ccc4c(c3)CN(C(C)C)CC(=O)NCCCCCO4)CC2)[nH+]1,-6.357
CCC(=O)N1CCCN(C(C)C)CCCN(C(=O)C2CCOCC2)Cc2cc(F)c(F)cc21,-5.023
O=C(Cc1c(F)cccc1Cl)N1CCCCC2(CCN(Cc3ccncc3)CC2)C(=O)OCC(O)C(O)CC1,-6.959
O=C(c1ccc2c(c1)Cc1cccc(c1)CN(C1CCC1)CCCCCO2)N1CCN(c2ccccn2)CC1,-5.943
CCC(=O)N1CCCN(C)CCCN(C(=O)c2ccccc2F)Cc2cc(F)c(F)cc21,-5.127
Cc1cnc(C(=O)N2CCCCC3(CCN(Cc4ccccc4)CC3)C(=O)OCC(O)C(O)CC2)cn1,-6.602
CC1(C)CCCN(CC(=O)NCCN2CCCC2)Cc2cccnc2Oc2ccccc2OC1,-4.972
Cc1nc(C)n(CC(=O)N2CCCCC3(CCN(Cc4ccccc4)CC3)C(=O)OCC(O)C(O)CC2)n1,-6.387
CC(=O)N1CCCCCCCN(CCC(C)C)Cc2cc(C(=O)N3CCOCC3)ccc21,-5.133
CN(C)CCCCNC(=O)C1CCC(=O)NC(CCC(N)=O)C(=O)N(C)C(Cc2ccccc2)COc2ccccc2C(=O)N1,-6.886
CC(=O)N1CCCCCCCN(C(C)C)Cc2cc(C(=O)Nc3ccc(C)nc3)ccc21,-5.1
CC(C)CCN1CCC2(CCCCc3ccccc3OCC(CC(C)C)NC2=O)CC1,-5.441
CCN1CCOc2ccccc2CCCCC2(CN(C(=O)CCN3CCCCC3)CCO2)C1=O,-5.366
O=C(NCCCO)c1ccc2c(c1)Cc1cccc(c1)CN(CC1CC1)CCCCCO2,-5.366
COc1cccc(F)c1-c1ccc2c(c1)CNCCCCCCCN2C(=O)C(C)C,-5.588
Cc1cc(Nc2ccc3c(c2)CNCCCCCCCN3C(=O)c2cccnc2)n(C)n1,-5.373
COCC(=O)N1CCCCCCCNCc2cc(-c3ccncc3)ccc21,-5.524
O=C(c1ccc2c(c1)Cc1cccc(c1)CN(C1CCOCC1)CCOCCO2)N1CCC(CO)CC1,-6.481
O=C(c1ccc2c(c1)OCO2)N1CCCCC2(CCN(Cc3ccncc3)CC2)C(=O)OCC(O)C(O)CC1,-6.31
CC(=O)N1CCCCCCCN(C2CCOCC2)Cc2cc(C(=O)NC(C)C)ccc21,-5.206
O=C(NCCCN1CCCC1)c1ccc2c(c1)Cc1cccc(c1)CN(CC1CC1)CCCCCO2,-5.159
CCC(CC)Nc1ccc2c(c1)CNCCCCCCCN2C(=O)c1cccnc1,-5.616
CC(C)CCOC1CN(C(=O)c2ccccc2F)CCN(C(=O)C2CCCNC2)CCCCOCC(O)C1O,-7.398
O=C(NCC1CC1)c1ccc2c(c1)Cc1cccc(c1)CN(CC1CC1)CCCCCO2,-5.228
CC(C)N1CC(=O)NCCCCCOc2ccc(CCC(=O)NC3CCN(C)CC3)cc2C1,-6.495
O=C(CCN1CCCC1)N1CCCCC2(CO)CCN(CC2)C(=O)c2ccccc2OCC1,-7.097
CC(=O)N1CCCCCCCN(C(C)C)Cc2cc(C(=O)N3CCN(c4ccccn4)CC3)ccc21,-5.032
CC(=O)N1CCCCCCCN(CC(C)C)Cc2cc(C(=O)NCCCCCO)ccc21,-5.344
CN1CCC(CC(=O)N2CCCCC3(CO)CCN(CC3)C(=O)c3ccccc3OCC2)CC1,-6.638
CC(=O)N1CCCCCCCN(C(C)C)Cc2cc(C(=O)N3CC(O)C3)ccc21,-6.523
Cc1ccc2nc(CNC(=O)c3ccc4c(c3)Cc3cccc(c3)CN(C)CCCCCO4)[nH]c2c1,-5.845
CCN1CCCC1CNC(=O)C1CC(=O)NC(C(C)C)C(=O)N(C)CCOc2ccccc2C(=O)N1,-7.301
CC(=O)N1CCCCCCCN(C2CCOCC2)Cc2cc(C(=O)Nc3cnccc3C)ccc21,-5.488
CC(=O)N1CCCCCCCN(C2CCOCC2)Cc2cc(C(=O)N(C)Cc3ccccc3)ccc21,-5.173
CC(C)C1COc2ccc(Cl)cc2C(=O)NCCCCN(C(=O)C2CCN(C(C)C)CC2)CC(=O)N1,-6.538
CC(=O)N1CCCCCCCN(CCC(C)C)Cc2cc(C(=O)NC3CC3)ccc21,-5.256
CCN1CCCC1CNC(=O)c1ccc2c(c1)Cc1cccc(c1)CN(CC(C)C)CCOCCO2,-5.088
CCC(=O)N1CCCN(C(C)C)CCCN(C(=O)c2cccc(OC)n2)Cc2cc(F)c(F)cc21,-5.256
O=C(NC(CO)Cc1ccccc1)c1ccc2c(c1)Cc1cccc(c1)CN(C1CCOCC1)CCOCCO2,-5.403
CC(=O)N1CCCCCCCN(CCC(C)C)Cc2cc(C(=O)NC3CCN(Cc4ccccc4)CC3)ccc21,-5.719
CC(C)CC1NC(=O)C2(CCCCOCC(C)NC1=O)CCN(Cc1ccc(F)cc1)CC2,-5.002
O=C(c1cnc2ccccc2c1)N1CCCCC2(CCN(Cc3ccncc3)CC2)C(=O)OCC(O)C(O)CC1,-7.046
CN1CCC(C(=O)N2CCCCC3(CCN(Cc4ccccn4)CC3)C(=O)OCC(O)C(O)CC2)CC1,-6.585
CC1Cc2cc(CNC(=O)c3ccc4c(c3)Cc3cccc(c3)CN(C)CCCCCO4)ccc2O1,-5.635
O=C(c1cccnc1)N1CCCCCCCNCc2cc(-c3ccc(Cl)c(F)c3)ccc21,-5.914
CC(C)CN1CCOc2ccccc2CCCCC2(CCN(C(=O)Cn3cncn3)CC2)C1,-5.69
CN1CCCCN(C(=O)CCCCN)CCOc2ccc(Cl)cc2C1=O,-6.032
CC1CCN(CC(=O)N2CCC3(CCCCCCOc4ccccc4C(=O)NC3)CC2)CC1,-5.114
NC(=O)CCNC(=O)c1ccc2c(c1)Cc1cccc(c1)CN(CC1CC1)CCCCCO2,-7.155
CN1CCC2(CCCCN(C(=O)c3ccc(N)nc3)CCC(O)C(O)COC2=O)CC1,-7.0
COc1ccccc1OCC(=O)N1CCCCC2(CCN(C)CC2)C(=O)OCC(O)C(O)CC1,-6.194
O=C(c1cncnc1)N1CCCCC2(CCN(Cc3ccncc3)CC2)C(=O)OCC(O)C(O)CC1,-7.301
CC(=O)N1CCCCCCCN(C2CCOCC2)Cc2cc(C(=O)N3CCN(C(C)C)CC3)ccc21,-5.343
CC(=O)N1CCCCCCCN(CCC(C)C)Cc2cc(C(=O)NC(CO)c3ccccc3)ccc21,-5.873
O=C(Cc1c[nH]c2ccccc12)N1CCCCC2(CCN(Cc3ccccc3)CC2)C(=O)OCC(O)C(O)CC1,-7.301
CC(C)CN1CCOc2ccccc2CCCCC2(CCN(C(=O)c3ccc(N)nc3)CC2)C1,-6.602
Cc1cccc(CN2CCC3(CCCCOCC(C)NC(=O)C(CC(C)C)NC3=O)CC2)c1,-4.794
CCC(=O)N1CCCN(C(C)C)CCCN(C(=O)c2ccc(=O)n(C)c2)Cc2cc(F)c(F)cc21,-6.658
CN(C)CCNC(=O)Cc1ccc2c(c1)CN(Cc1ccccc1)CC(=O)NCCCCCO2,-5.487
CCC(CC)NC(=O)c1ccc2c(c1)Cc1cccc(c1)CN(C1CCC1)CCCCCO2,-5.752
COC1CN(C(=O)c2ccccc2F)CC(CC(C)C)N(C(=O)CN(C)C2CCOCC2)CCCCOCC(O)C1O,-6.237
Cc1cc(CNC(=O)c2ccc3c(c2)Cc2cccc(c2)CN(C)CCCCCO3)[nH]n1,-6.149
COc1cccc(NC(=O)c2ccc3c(c2)CN(CC(C)C)CCCCCCCN3C(C)=O)c1,-6.076
CC(C)CC1NC(=O)C2(CCCCOCC(C)NC1=O)CCN(Cc1cccc(F)c1F)CC2,-4.735
CN(C)CCCNC(=O)c1ccc2c(c1)Cc1cccc(c1)CN(CC1CC1)CCCCCO2,-5.419
O=C(c1cnccn1)N1CCCCC2(CCN(Cc3ccncc3)CC2)C(=O)OCC(O)C(O)CC1,-7.155
CN1C(=O)C(CO)NC(=O)CCC(C(=O)NCCCCN2CCCC2)NC(=O)c2ccccc2OCC1Cc1ccccc1,-6.328
CC(C)CCOC1CN(C(=O)c2ccccc2F)CCN(C(=O)c2ccc(CN)cc2)CCCCOCC(O)C1O,-6.538
CCN(CC)C(=O)c1ccc2c(c1)CN(CC(C)C)CCCCCCCN2C(C)=O,-5.81
CC(C)N1CC(=O)NCCCCCOc2ccc(CCC(=O)N3CCC(C4CCCCN4Cc4ccccn4)CC3)cc2C1,-4.89
CCCCCN1CCC2(CCCCc3ccccc3OCC(CC(C)C)NC2=O)CC1,-5.503
CC(C)CC1NC(=O)C2(CCCCOCC(C)NC1=O)CCN(Cc1ccccc1C(F)(F)F)CC2,-5.398
O=C(C1CCOCC1)N1CCCCC2(CCN(Cc3ccncc3)CC2)C(=O)OCC(O)C(O)CC1,-6.745
CN1CCCCCOc2ccc(C(=O)NCC(C)(C)c3cccc(F)c3)cc2Cc2cccc(c2)C1,-6.046
CC(C)Oc1cccc(-c2ccc3c(c2)CNCCCCCCCN3C(=O)c2ccncc2)c1,-5.572
Cc1nc(CNC(=O)c2ccc3c(c2)Cc2cccc(c2)CN(CC(C)C)CCOCCO3)no1,-5.23
CCCn1ccc(C(=O)N2CCCN(C)CCCN(C(=O)CC)c3cc(F)c(F)cc3C2)n1,-5.054
O=C(c1cnccn1)N1CCCCC2(CCN(Cc3ccccc3)CC2)C(=O)OCC(O)C(O)CC1,-6.721
CC(=O)N1CCCCCCCN(C(C)C)Cc2cc(C(=O)N3CCCC(O)C3)ccc21,-6.237
CC(=O)N1CC(C(=O)N2CCCCC3(CCN(Cc4ccccc4)CC3)C(=O)OCC(O)C(O)CC2)C1,-5.924
CN(Cc1ccccc1)c1ccc2c(c1)CN1CCCC(C1)C(=O)NCCOCCO2,-5.07
Cc1ncncc1C(=O)N1CCCCC2(CCN(Cc3ccncc3)CC2)C(=O)OCC(O)C(O)CC1,-7.222
CC(C)C1NC(=O)CCC(C(=O)N2CCCN(Cc3cccc(F)c3)CC2)NC(=O)c2ccccc2OCC2CCCN2C(=O)C(CCCCN)NC1=O,-7.0
O=C(Cc1c[nH]c2ccccc12)N1CCCCC2(CO)CCN(CC2)Cc2ccccc2OCC1,-6.678
Cc1nc(CNC(=O)c2ccc3c(c2)Cc2cccc(c2)CN(C)CCCCCO3)no1,-5.391
CC(C)CC(=O)N1CCN(C(=O)C(N)Cc2c[nH]c3ccccc23)CCCCOCC(O)C(O)C(O)C1,-7.0
CC(=O)N1CCCCCCCN(CCC(C)C)Cc2cc(C(=O)N3CCCN(C)CC3)ccc21,-5.081
CCC(=O)N1CCCN(C)CCCN(C(=O)c2cccnc2)Cc2cc(F)c(F)cc21,-5.173
CC(C)CC1NC(=O)C2(CCCCOCC(C)NC1=O)CCN(Cc1cccc(F)c1)CC2,-4.873
CN1CCCCCOc2ccc(C(=O)NCCC(N)=O)cc2Cc2cccc(c2)C1,-6.854
COc1cccc(CN2CCC3(CCCCOCC(C)NC(=O)C(CC(C)C)NC3=O)CC2)c1,-5.042
CN1CCC(CNC(=O)c2ccc3c(c2)Cc2cccc(c2)CN(CC2CC2)CCCCCO3)CC1,-6.337
O=C(Cn1cncn1)N1CCCCC2(CCN(Cc3ccncc3)CC2)C(=O)OCC(O)C(O)CC1,-6.62
CC(=O)N1CCCCCCCN(CC(C)C)Cc2cc(C(=O)NC(CO)C(C)C)ccc21,-5.214
CCC(=O)N1CCCN(C)CCCN(C(=O)c2ccc(OCC(C)C)cc2)Cc2cc(F)c(F)cc21,-6.194
COCC(=O)N1CCCCCCCNCc2cc(NCC3CCOCC3)ccc21,-6.585
CCC(=O)N1CCCN(C(C)C)CCCN(C(=O)c2cccnc2C)Cc2cc(F)c(F)cc21,-4.949
O=C(Cc1ccccc1Cl)N1CCCCC2(CCN(Cc3ccncc3)CC2)C(=O)OCC(O)C(O)CC1,-6.509
CS(=O)(=O)NCC(=O)N1CCCCC2(CCN(Cc3ccccc3)CC2)C(=O)OCC(O)C(O)CC1,-6.131
CC(=O)N1CCCCCCCN(C2CCOCC2)Cc2cc(C(=O)NC3CC3)ccc21,-5.593
CC(=O)N1CCCCCCCN(CC(C)C)Cc2cc(C(=O)NCC(C)C)ccc21,-5.833
CCC(=O)N1CCCN(C(C)C)CCCN(C(=O)c2c(C)noc2C)Cc2cc(F)c(F)cc21,-5.327
CC(C)CC(=O)N1CCN(C(=O)c2ccc(CN)cc2)CCCCOCC(O)C(O)C(O)C1,-6.721
CCCCN1CCOc2ccccc2CCCCC2(CCN(C(=O)c3cn(C)nn3)CC2)C1,-5.759
CC(=O)N1CCCCCCCN(C2CCOCC2)Cc2cc(C(=O)N3CCN(CCO)CC3)ccc21,-7.046
CC(C)CC1NC(=O)C2(CCCCOCC(C)NC1=O)CCN(Cc1cccnc1)CC2,-6.585
CC(C)CN1CCOc2ccccc2CCCCC2(CCN(C(=O)c3ccncn3)CC2)C1,-6.328
CC(C)CC1COc2ccccc2CCCCC2(CCN(CCC(C)(C)C)CC2)C(=O)N1,-5.577
CN1CCCC(CNC(=O)CN2CCCC(C)(C)COc3ccccc3Oc3ncccc3C2)C1,-5.155
CN1CC(=O)NC(CCCCN)C(=O)N2CCCC2COc2ccccc2C(=O)NC(C(=O)N2CCC(CCc3ccccc3)CC2)CCC1=O,-6.569
CN1CCC(C(=O)N2CCCCC3(CCN(Cc4ccccc4)CC3)C(=O)OCC(O)C(O)CC2)CC1,-5.757
Cc1ccccc1CC(=O)N1CCCCC2(CCN(Cc3ccncc3)CC2)C(=O)OCC(O)C(O)CC1,-6.585
Fc1ccccc1CN1CCOc2ccccc2CCCCC2(CCNCC2)C1,-5.333
COCC12CCCCN(C(=O)C3CCN(C)CC3)CCOc3ccccc3C(=O)N(CC1)CC2,-6.745
CC(C)C(=O)N1CCCCCCCNCc2cc(-c3ccc(F)cc3F)ccc21,-5.638
CC(C)CCOC1CN(C(=O)c2ccccc2F)CCN(C(=O)c2cccc(CN)c2)CCCCOCC(O)C1O,-6.538
CC(=O)N1CCCCCCCN(CCC(C)C)Cc2cc(C(=O)N3CCC(CCO)CC3)ccc21,-5.237
CC(=O)N1CCCCCCCN(CCC(C)C)Cc2cc(C(=O)N(C)CCc3ccccc3)ccc21,-6.215
Cc1ccc(CNC(=O)c2ccc3c(c2)Cc2cccc(c2)CN(C)CCCCCO3)cc1,-5.764
CC(C)CN1CCOCCOc2ccc(C(=O)NCCN(C)C)cc2Cc2cccc(c2)C1,-5.271
CC(C)CN1CCOCCOc2ccc(C(=O)NCCN3CCOCC3)cc2Cc2cccc(c2)C1,-5.194
CC(=O)N1CCCCCCCN(C2CCOCC2)Cc2cc(C(=O)N3CCN(CCN(C)C)CC3)ccc21,-6.77
COc1ccc(CN2CCC3(CCCCc4ccccc4OCC(CC(C)C)NC3=O)CC2)cc1,-5.745
CC(C)CC1COc2ccccc2CCCCC2(CCN(CC(C)C)CC2)C(=O)N1,-5.801
CC(=O)N1CCCCCCCN(CC(C)C)Cc2cc(C(=O)N(C)CCO)ccc21,-5.376
CN1CCC2(CCCCN(C(=O)Cc3ccc(F)cc3)CCC(O)C(O)COC2=O)CC1,-7.222
CCC(=O)N1CCCN(C)CCCN(C(=O)c2cnc3ccccc3n2)Cc2cc(F)c(F)cc21,-5.295
CCC(=O)N1CCCN(C(C)C)CCCN(C(=O)c2cnc(C)cn2)Cc2cc(F)c(F)cc21,-4.946
CC(=O)N1CCCCCCCN(CC(C)C)Cc2cc(C(=O)NC(CO)Cc3ccccc3)ccc21,-5.017
COc1ccc(CCC(=O)N2CCCCC3(CCN(Cc4ccccc4)CC3)C(=O)OCC(O)C(O)CC2)cc1OC,-5.879
CCC(=O)N1CCCN(C(C)C)CCCN(C(=O)c2cccnc2)Cc2cc(F)c(F)cc21,-5.025
CN1CCCCCOc2ccc(C(=O)NCCn3nccc3NS(C)(=O)=O)cc2Cc2cccc(c2)C1,-7.398
CC(C)C1NC(=O)CC(C(=O)NCCCCN(C)C)NC(=O)c2ccccc2OCC(Cc2ccccc2)NC1=O,-7.699
CC(=O)N1CCCCCCCN(C(C)C)Cc2cc(C(=O)N3CCCCC3CN3CCCC3)ccc21,-4.981
CN1CCCCCOc2ccc(C(=O)NCc3nnc4n3CCCCC4)cc2Cc2cccc(c2)C1,-6.824
CN1CCC(CC(=O)N2CCCCC3(CCN(Cc4ccccc4)CC3)C(=O)OCC(O)C(O)CC2)CC1,-5.772
CC(=O)N1CCCCCCCN(C2CCOCC2)Cc2cc(C(=O)N3CCN(Cc4ccc(F)cc4)CC3)ccc21,-5.271
c1ccc(C[NH+]2CCC(N=C3NCCCCCOc4ccccc4Oc4ncccc43)CC2)cc1,-6.149
CC(=O)N1CCCCCCCN(CC(C)C)Cc2cc(C(=O)N3CCN(Cc4ccc(F)cc4)CC3)ccc21,-5.987
COCC12CCCCN(C(=O)CCN(C)C)CCOc3ccccc3C(=O)N(CC1)CC2,-6.921
CC(C)CNC(=O)c1ccc2c(c1)Cc1cccc(c1)CN(C1CCC1)CCCCCO2,-5.719
COC1CN(C(C)=O)CCCN(CC(=O)N2CCN(c3ccccc3F)CC2)CCCCOCC(O)C1O,-6.678
O=C(c1ccc2c(c1)OCO2)N1CCCCC2(CCN(Cc3ccccc3)CC2)C(=O)OCC(O)C(O)CC1,-5.754
CN1CCCCCOc2ccc(C(=O)NCC3CCCN(C)C3)cc2Cc2cccc(c2)C1,-6.252
CN(C)CCCNC(=O)Cc1ccc2c(c1)CN(Cc1ccccc1)CC(=O)NCCCCCO2,-5.548
O=C(Cc1ccccc1F)N1CCCCC2(CCN(Cc3ccccc3)CC2)C(=O)OCC(O)C(O)CC1,-5.478
CC(C)c1nccn1CCCNC(=O)c1ccc2c(c1)Cc1cccc(c1)CN(CC1CC1)CCCCCO2,-5.573
CC(=O)N1CCCCCCCN(CC(C)C)Cc2cc(C(=O)NC3CC3)ccc21,-5.137
CN1CCCCCOc2ccc(C(=O)NCCC3CCCN(C)C3)cc2Cc2cccc(c2)C1,-6.301
CC(=O)N1CCCCCCCN(C(C)C)Cc2cc(C(=O)N3CCCC3)ccc21,-4.845
CC(=O)N1CCCCCCCN(C2CCOCC2)Cc2cc(C(=O)NC(CO)c3ccccc3)ccc21,-6.658
COCCN1CCN(c2ccc3c(c2)CNCCCCCCCN3C(=O)c2ccncc2)CC1,-6.319
CN(C)CCNC(=O)CN1CCCC(C)(C)COc2ccccc2Oc2ncccc2C1,-5.042
Cc1nccn1CCCNC(=O)c1ccc2c(c1)Cc1cccc(c1)CN(CC1CC1)CCCCCO2,-6.42
CN1CC(=O)N(C)C(Cc2ccccc2)COc2ccccc2C(=O)NC(C(=O)NCCCN2CCCCCC2)CCC1=O,-7.523
COCCN1CCN(C(=O)c2ccc3c(c2)CN(CCC(C)C)CCCCCCCN3C(C)=O)CC1,-5.096
CC(=O)N1CCCCCCCN(C(C)C)Cc2cc(C(=O)NC3CCN(C)CC3)ccc21,-6.268
CN1CCCCCOc2ccc(C(=O)NCCCCn3ccnc3)cc2Cc2cccc(c2)C1,-6.523
CC(C)CC1COc2ccccc2CCCCC2(CCN(Cc3ccccc3)CC2)C(=O)N1,-5.987
CC(=O)N1CCCCCCCN(C2CCOCC2)Cc2cc(C(=O)NC(CO)C(C)C)ccc21,-6.796
Cc1cnccc1C(=O)N1CCCCC2(CCN(Cc3ccncc3)CC2)C(=O)OCC(O)C(O)CC1,-7.046
CC(C)NC(=O)c1ccc2c(c1)Cc1cccc(c1)CN(C1CCC1)CCCCCO2,-5.658
O=C(c1cccc2[nH]ccc12)N1CCCCC2(CCN(Cc3ccccc3)CC2)C(=O)OCC(O)C(O)CC1,-7.097
O=C(Cc1ccc2c(c1)CN(Cc1ccccc1)CC(=O)NCCCCCO2)NCCCN1CCCC1,-5.991
CC(=O)N1CCCCCCCN(C(C)C)Cc2cc(C(=O)N3CCN(c4ncccn4)CC3)ccc21,-4.996
CS(=O)(=O)N1CCC(CC(=O)N2CCCCC3(CO)CCN(CC3)Cc3ccccc3OCC2)CC1,-7.301
CCCCN1CCOc2ccccc2CCCCC2(CCN(C(=O)c3ccc(C(F)(F)F)cc3)CC2)C1,-6.387
O=C(CCc1c[nH]c2ccccc12)N1CCCCC2(CCN(Cc3ccncc3)CC2)C(=O)OCC(O)C(O)CC1,-7.398
CC(=O)N1CCCCCCCN(CC(C)C)Cc2cc(C(=O)N3CCCN(C)CC3)ccc21,-5.014
COCC(=O)N1CCCCCCCNCc2cc(-c3cnc(OC)nc3)ccc21,-5.638
CN1C(=O)C(CCC(N)=O)NC(=O)CCC(C(=O)NCCN2CCCCC2)NC(=O)c2ccccc2OCC1Cc1ccccc1,-8.0
CC(C)CC1COc2ccc(Cl)cc2C(=O)NCCCCN(C(=O)CCCCN)CC(=O)N1,-5.932
CCN1CCOc2ccccc2CCCCC2(CN(C(=O)C3CCN(CCC(N)=O)CC3)CCO2)C1=O,-6.155
CCCCN1CCOc2ccccc2CCCCC2(CCN(C(=O)C3CCOCC3)CC2)C1,-6.125
CCC(=O)N1CCCN(C(C)C)CCCN(C(=O)c2ccc3c(c2)OCO3)Cc2cc(F)c(F)cc21,-5.164
CCC(=O)N1CCCN(C)CCCN(C(=O)C(C)C)Cc2cc(F)c(F)cc21,-4.743
CC(C)N1CCC(C(=O)N2CCCCN(C)C(=O)c3cc(Cl)ccc3OCCC2)CC1,-6.337
COCC12CCCCN(C(=O)CCN3CCCC3)CCOc3ccccc3C(=O)N(CC1)CC2,-6.699
CC(C)CN1CCOCCOc2ccc(C(=O)NCCN3CCCC3=O)cc2Cc2cccc(c2)C1,-5.225
CCOc1cccc2c1OCCCCCNC(=O)CN(C(=O)CN1CCN(C)CC1)C2,-6.921
CC(=O)N1CCCCCCCN(C2CCOCC2)Cc2cc(C(=O)NC(C)CO)ccc21,-6.959
CC(C)CN1CCOc2ccccc2CCCCC2(CCN(C(=O)c3cccnc3N)CC2)C1,-6.824
CC(=O)N1CC(C(=O)N2CCCCC3(CO)CCN(CC3)Cc3ccccc3OCC2)C1,-7.097
CCC(=O)N1CCCN(C)CCCN(C(=O)c2cnc(C)nc2C)Cc2cc(F)c(F)cc21,-5.104
O=C1c2ccccc2OCCNCCCCC2(CO)CCN1CC2,-7.097
CC(=O)N1CCCCCCCN(CC(C)C)Cc2cc(C(=O)N3C4CCC3CC(O)C4)ccc21,-5.031
CCN1CCOc2ccccc2CCCCC2(CN(C(=O)CCN3CCCCCC3)CCO2)C1=O,-5.211
CCCCN1CCOc2ccccc2CCCCC2(CN(C(=O)C3CCN(C)CC3)CCO2)C1=O,-5.188
CCN1CCCC1CNC(=O)CN1CCCCCCOc2ccccc2Oc2ncccc2C1,-4.826
CC(=O)N1CCCCCCCN(CCC(C)C)Cc2cc(C(=O)N3CCN(C)CC3)ccc21,-5.081
Cc1nc(C)n(CC(=O)N2CCCCC3(CCN(Cc4ccncc4)CC3)C(=O)OCC(O)C(O)CC2)n1,-5.873
COc1cccc(C2C(C(C)C)CN(C(C)=O)CC(OC)C(O)C(O)COCCCCN2C(=O)CN2CCC(c3ccncc3)CC2)c1,-6.367
CCN1CCCC1CNC(=O)CN1CCCC(C)(C)COc2ccccc2Oc2ncccc2C1,-5.09
COCC12CCCCN(C(=O)CC3CCN(C)CC3)CCOc3ccccc3C(=O)N(CC1)CC2,-6.77
CC(=O)N1CCCCCCCN(C2CCOCC2)Cc2cc(C(=O)Nc3cccc(Cl)c3)ccc21,-6.194
O=C1NCCCCN(C(=O)CCN2CCCC2)CCCCOc2ccc(Cl)cc21,-6.796
CN(C)CCCCNC(=O)C1CCC(=O)NC(CO)C(=O)N(C)C(Cc2ccccc2)COc2ccccc2C(=O)N1,-6.18
CN1CCC(NC(=O)CN2CCCCCCOc3ccccc3Oc3ncccc3C2)CC1,-5.175
COC1CN(C(C)=O)CCCN(Cc2ncccc2C)CCCCOCC(O)C1O,-6.745
CN1CC(=O)N(C)C(Cc2ccccc2)COc2ccccc2C(=O)NC(C(=O)NCCN2CCCCC2)CCC1=O,-7.523
COc1ccc(CCC(=O)N2CCCCC3(CCN(C)CC3)C(=O)OCC(O)C(O)CC2)cc1OC,-6.268
CN1CCC2(CCCCN(C(=O)Cc3ccc4c(c3)OCO4)CCC(O)C(O)COC2=O)CC1,-6.31
CC(=O)N1CCCCCCCN(C(C)C)Cc2cc(C(=O)N3CC(C)OC(C)C3)ccc21,-4.926
O=C(Cc1ccc2c(c1)CN(Cc1ccccc1)CC(=O)NCCCCCO2)NCc1cccc(CN2CCCCC2)c1,-5.38
CC(=O)N1CCCCCCCN(CC(C)C)Cc2cc(C(=O)N3CCN(CCN(C)C)CC3)ccc21,-5.152
CS(=O)(=O)N1CCN(C(=O)c2ccc3c(c2)Cc2cccc(c2)CN(C2CCOCC2)CCOCCO3)CC1,-6.187
CCC(=O)N1CCCN(C(C)C)CCCN(C(=O)c2scnc2C)Cc2cc(F)c(F)cc21,-4.976
CCC(CC)NC(=O)c1ccc2c(c1)CN(CC(C)C)CCCCCCCN2C(C)=O,-6.041
CN(C)CCN1CCN(C(=O)CN2CCCCCCOc3ccccc3Oc3ncccc3C2)CC1,-5.209
CC(C)N1CCN(/C2=N/CCCCCOc3ccccc3Oc3ncccc32)CC1,-5.684
COCC(=O)N1CCCCCCCNCc2cc(-c3cncc4ccccc34)ccc21,-4.997
CC(=O)N1CCCCCCCN(CC(C)C)Cc2cc(C(=O)N3CCC(CO)CC3)ccc21,-5.078
CCCCN1CCOc2ccccc2CCCCC2(CCN(C(=O)CNS(C)(=O)=O)CC2)C1,-5.507
Cc1cnc(C(=O)N2CCCCC3(CCN(Cc4ccncc4)CC3)C(=O)OCC(O)C(O)CC2)cn1,-7.301
NCCCCC1NC(=O)C2CCCN2C(=O)CCC(C(=O)N2CCC(c3ccccc3)CC2)NC(=O)c2ccccc2OCC2CCCN2C1=O,-7.0
CC(C)CN1CCOc2ccccc2CCCCC2(CCN(C(=O)C3CCOCC3)CC2)C1,-6.143
CC1(C)CCCN(CC(=O)NCCN2CCCCC2)Cc2cccnc2Oc2ccccc2OC1,-5.124
CN(C)c1ccc(C(=O)N2CCCCC3(CCN(Cc4ccccc4)CC3)C(=O)OCC(O)C(O)CC2)cc1,-5.397
CC(C)CN1CCOc2ccccc2CCCCC2(CCN(C(=O)c3ccnc(N)c3)CC2)C1,-6.77
CC(=O)N1CCCCCCCN(CC(C)C)Cc2cc(C(=O)N3CCCCC3Cc3ccccc3)ccc21,-6.26
CC(C)CC1NC(=O)CCC(C(=O)NCCN2CCCCC2)NC(=O)c2ccccc2OCC(C(C)C)NC(=O)C(C(C)C)NC1=O,-7.699
O=C(CN1CCCCCCOc2ccccc2Oc2ncccc2C1)NCCN1CCCCC1,-4.87
Cc1ccncc1-c1ccc2c(c1)CNCCCCCCCN2C(=O)c1cccnc1,-5.1
COCC(=O)N1CCCCCCCNCc2cc(-c3c(C)noc3C)ccc21,-5.151
Cc1ccncc1Nc1ccc2c(c1)CNCCCCCCCN2C(=O)c1cccnc1,-4.99
CC(C)CN1CCOc2ccccc2CCCCC2(CCN(C(=O)c3cccnc3)CC2)C1,-6.201
Cc1ccccc1CN1CCC2(CCCCOCC(C)NC(=O)C(CC(C)C)NC2=O)CC1,-4.694
CN1CCCCCOc2ccc(C(=O)NCCn3ccc(NS(C)(=O)=O)n3)cc2Cc2cccc(c2)C1,-7.398
O=C1CC(C(=O)NCc2ccc(CN3CCCCC3)cc2)NC(=O)c2ccccc2OCC(Cc2ccccc2)NC(=O)C(CO)N1,-5.873
CN1CCC(NC(=O)c2ccc3c(c2)Cc2cccc(c2)CN(C2CCOCC2)CCOCCO3)CC1,-6.886
CC(=O)N1CCCCCCCN(CCC(C)C)Cc2cc(C(=O)N(C)CC(O)CO)ccc21,-6.959
Cc1cc(C(=O)N2CCCCC3(CCN(C)CC3)C(=O)OCC(O)C(O)CC2)no1,-5.804
CCCn1cc(C(=O)N2CCCN(C)CCCN(C(=O)CC)c3cc(F)c(F)cc3C2)cn1,-5.011
O=C(c1cccnc1)N1CCCCCCCNCc2cc(NCc3cccnc3)ccc21,-6.481
CC(=O)N1CCCCCCC[NH+](CC(C)C)Cc2cc(C(=O)Nc3ccncc3)ccc21,-5.329
CCC(=O)N1CCCN(C)CCCN(C(=O)c2c(C(C)C)noc2C)Cc2cc(F)c(F)cc21,-5.154
CCN(CCO)C(=O)c1ccc2c(c1)CN(CC(C)C)CCCCCCCN2C(C)=O,-5.137
COCC(=O)N1CCCN(Cc2ccc(Cl)cc2)CCCN(C(=O)Cc2cccnc2)Cc2ccccc21,-4.865
CCC(CC)NC(=O)c1ccc2c(c1)CN(CCC(C)C)CCCCCCCN2C(C)=O,-5.833
O=C(c1ccc2c(c1)Cc1cccc(c1)CN(C1CCOCC1)CCOCCO2)N1CCN(CCO)CC1,-6.886
CCC(=O)N1CCCN(C)CCCN(C(=O)C2CCOCC2)Cc2cc(F)c(F)cc21,-5.082
CNC(=O)C12CCCCN(C(=O)CN3CCN(C)CC3)CCOc3ccccc3C(=O)N(CC1)CC2,-7.0
CC(C)CC1NC(=O)CC(C(=O)NCCCN(C)C)NC(=O)c2ccccc2OCCN(C)C1=O,-8.0
Cc1nc(CC(=O)N2CCCN(CC(C)C)CCCN(C(=O)CC(C)C)c3ccc(F)cc3C2)cs1,-5.939
CCCCN1CCOc2ccccc2CCCCC2(CCN(C(=O)c3cnc(C)nc3C)CC2)C1,-6.18
CC(C)CC1COc2ccccc2C(=O)NC(C(=O)N2CCCN(C)CC2)CC(=O)NC(C(C)C)C(=O)N1,-7.155
O=C(c1cccnc1)N1CCCCCCCNCc2cc(-c3ccncc3)ccc21,-5.058
CN(C)CCNC(=O)CN1CCCCCCOc2ccccc2Oc2ncccc2C1,-5.025
CCOc1cccc2c1OCCCCCNC(=O)CN(C(=O)CN1CCN(C(C)C)CC1)C2,-6.77
CCC(=O)N1CCCN(C(C)C)CCCN(C(=O)c2cncnc2)Cc2cc(F)c(F)cc21,-5.189
CC(=O)N1CCCCCCCN(C2CCOCC2)Cc2cc(C(=O)NCC(O)CO)ccc21,-7.523
CC(C)CN1CCOc2ccccc2CCCCC2(CCN(C(=O)c3cnccn3)CC2)C1,-6.276
CN1CCC(CC(=O)N2CCCCC3(CCN(Cc4ccccn4)CC3)C(=O)OCC(O)C(O)CC2)CC1,-6.959
CCCOc1cccc(-c2ccc3c(c2)CNCCCCCCCN3C(=O)c2ccncc2)c1,-5.812
CC(C)CC1NC(=O)C2(CCCCOCC(C)NC1=O)CCN(Cc1cccc(C(F)(F)F)c1)CC2,-4.997
COc1ccc(CN2CCC3(CCCCOCC(C)NC(=O)C(CC(C)C)NC3=O)CC2)cc1Cc1c(C)noc1C,-5.184
Cc1cncc(Nc2ccc3c(c2)CNCCCCCCCN3C(=O)c2ccncc2)c1,-6.481
CN1CCCCN(C(=O)CCN2CCCC2)CCCOc2ccc(Cl)cc2C1=O,-7.0
CC(=O)N1CCCCCCCN(CC(C)C)Cc2cc(C(=O)N3CCCC(O)C3)ccc21,-5.183
CCC(=O)N1CCCN(C(C)C)CCCN(C(=O)c2cncnc2C)Cc2cc(F)c(F)cc21,-5.092
COc1ncc(-c2ccc3c(c2)CNCCCCCCCN3C(=O)c2ccncc2)cn1,-5.516
CN(C)CCN1CCN(C(=O)c2ccc3c(c2)Cc2cccc(c2)CN(C2CCOCC2)CCOCCO3)CC1,-6.854
CCC(=O)N1CCCN(C)CCCN(C(=O)c2ccc(C)nc2)Cc2cc(F)c(F)cc21,-4.971
CC(C)C1NC(=O)CC(C(=O)N2CCCN(C)CC2)NC(=O)c2ccccc2OCCN(C)C1=O,-7.523
CC(=O)N1CCCCCCCN(CC(C)C)Cc2cc(C(=O)N3CCOCC3)ccc21,-4.95
CN1CCC2(CCCCN(C(=O)Cc3c(F)cccc3Cl)CCC(O)C(O)COC2=O)CC1,-5.544
CN1CCC(CNC(=O)c2ccc3c(c2)Cc2cccc(c2)CN(C)CCCCCO3)CC1,-6.658
CC(=O)N1CCCCCCCN(CC(C)C)Cc2cc(C(=O)N3CCN(CCO)CC3)ccc21,-5.325
COc1ccnc(C(=O)N2CCC3(CCCCc4ccccc4OCCN(C)C3)CC2)c1,-5.05
CC(=O)N1CCCCCCCN(CC(C)C)Cc2cc(C(=O)N3CCC(CCO)CC3)ccc21,-4.976
CC(=O)N1CCCCCCCN(C2CCOCC2)Cc2cc(C(=O)N3CCN(c4ccccn4)CC3)ccc21,-5.074
CC(=O)N1CCCCCCCN(C(C)C)Cc2cc(C(=O)N3CCN(CCO)CC3)ccc21,-6.495
Cc1ccccc1CN(C(=O)CCc1ccc2c(c1)CN(C(C)C)CC(=O)NCCCCCO2)C1CC(C)(C)NC(C)(C)C1,-5.279
O=C(NCCn1ccnc1)c1ccc2c(c1)Cc1cccc(c1)CN(CC1CC1)CCCCCO2,-6.553
COc1ccc(CN2CCOc3ccccc3CCCCC3(CCNCC3)C2)cc1,-5.231
CC(=O)N1CCCCCCCN(C2CCOCC2)Cc2cc(C(=O)N3CCCC3)ccc21,-5.192
CCC(=O)N1CCCN(C)CCCN(C(=O)c2cccc(OC)n2)Cc2cc(F)c(F)cc21,-5.106
O=C(c1cnc2ccccc2n1)N1CCCCC2(CCN(Cc3ccccc3)CC2)C(=O)OCC(O)C(O)CC1,-5.542
CC(C)CN1CCOCCOc2ccc(C(=O)NCCC(N)=O)cc2Cc2cccc(c2)C1,-7.046
CCN1CCOc2ccccc2CCCCC2(CN(C(=O)CCCCN)CCO2)C1=O,-5.611
CC(=O)N1CCCCCCCN(CCC(C)C)Cc2cc(C(=O)N3CCC(Cc4ccccc4)CC3)ccc21,-6.509
O=C(CCc1c[nH]c2ccccc12)N1CCCCC2(CO)CCN(CC2)Cc2ccccc2OCC1,-7.301
CN(C)CCCNC(=O)C1CCC(=O)N2CCCC2C(=O)N(C)CCOc2ccccc2C(=O)N1,-6.222
O=C(c1cccnc1)N1CCCCCCCNCc2cc(-c3cnc4ccccc4c3)ccc21,-6.367
CN1CCC(C(=O)N2CCCCCCOc3ccccc3Oc3ncccc3C2)C1,-5.017
CN(C)CCCNC(=O)C1CCC(=O)N(C)CC(=O)N(C)C(Cc2ccccc2)COc2ccccc2C(=O)N1,-7.699
CC(C)CC1COc2ccccc2C(=O)NC(C(=O)NCc2ccc(CN3CCCCC3)cc2)CC(=O)N2CCCC2C(=O)N1,-8.0
CCC(=O)N1CCCN(C)CCCN(C(=O)c2scnc2C)Cc2cc(F)c(F)cc21,-4.965
O=C(CN1CCCC1)N1CCOC2(CCCCc3ccccc3OCCNC2=O)C1,-6.523
CCOc1ccccc1CN1CCC2(CCCCc3ccccc3OCC(CC(C)C)NC2=O)CC1,-6.041
O=C1CN(Cc2ccccc2)Cc2c(cccc2C(=O)N2CCCCC2CN2CCCC2)OCCCCCN1,-5.131
CC(C)CN1CCOc2ccccc2CCCCC2(CCN(C(=O)c3csc(N)n3)CC2)C1,-6.959
CCN(CC)C(=O)c1ccc2c(c1)CN(C1CCOCC1)CCCCCCCN2C(C)=O,-4.753
Cc1cc(C(=O)N2CCCCC3(CCN(Cc4ccncc4)CC3)C(=O)OCC(O)C(O)CC2)no1,-7.301
CN1CCC2(CCCCN(C(=O)c3ccc4[nH]cnc4c3)CCC(O)C(O)COC2=O)CC1,-6.31
COc1ccc(CCC(=O)N2CCCCC3(CCN(Cc4ccccc4)CC3)C(=O)OCC(O)C(O)CC2)c(OC)c1OC,-5.521
CCC(=O)N1CCCN(C(C)C)CCCN(C(=O)c2cn(C)nn2)Cc2cc(F)c(F)cc21,-5.23
CCC(=O)N1CCCN(C)CCCN(C(=O)c2cscn2)Cc2cc(F)c(F)cc21,-4.903
COCC12CCCCN(C(=O)CN3CCN(C)CC3)CCOc3ccccc3C(=O)N(CC1)CC2,-7.097
CC(=O)N1CCCCCCCN(CC(C)C)Cc2cc(C(=O)N3CCN(S(C)(=O)=O)CC3)ccc21,-5.335
CCOc1cccc2c1OCCCCCNC(=O)CN(C(=O)CC1CCN(C)CC1)C2,-6.824
O=C(NCCCCCO)c1ccc2c(c1)Cc1cccc(c1)CN(C1CCOCC1)CCOCCO2,-6.959
CN1CCC2(CCCCN(C(=O)c3cn(C)cn3)CCC(O)C(O)COC2=O)CC1,-5.775
CCC(=O)N1CCCN(C)CCCN(C(=O)c2ccccn2)Cc2cc(F)c(F)cc21,-4.798
CC(C)N1CC(=O)NCCCCCOc2ccc(CCC(=O)N3CCN(C4CCC(c5ccccc5)CC4)CC3)cc2C1,-5.917
CNc1ncc(CN2CCCCOCC(O)C(O)C(OC)CN(C(C)=O)CCC2)cn1,-8.0
Cc1ccc(C(=O)N2CCCCC3(CCN(Cc4ccccc4)CC3)C(=O)OCC(O)C(O)CC2)cn1,-7.046
CN1CCCCCOc2ccc(C(=O)NCCO)cc2Cc2cccc(c2)C1,-6.854
CCC(=O)N1CCCN(C(C)C)CCCN(C(=O)c2ccc(C)[nH]c2=O)Cc2cc(F)c(F)cc21,-7.301
CC(C)C1COc2ccc(Cl)cc2C(=O)NCCCCN(C(=O)CN(C)C2CCCC2)CC(=O)N1,-7.097
CCN1CCCC1CNC(=O)C1CCC(=O)NC(CC(C)C)C(=O)NC(C(C)C)C(=O)NC(C(C)C)COc2ccccc2C(=O)N1,-8.0
CC(=O)N1CCCCCCCN(CCC(C)C)Cc2cc(C(=O)N3CCCCC3Cc3ccccc3)ccc21,-6.538
CC(=O)N1CCCCCCCN(C2CCOCC2)Cc2cc(C(=O)N3CCN(c4ncccn4)CC3)ccc21,-5.058
OC1CCNCCCCc2ccccc2OCC1O,-7.046
CC(=O)N1CCCCCCCN(CC(C)C)Cc2cc(C(=O)NC(CO)Cc3cnc[nH]3)ccc21,-5.149
CCCCN1CCOc2ccccc2CCCCC2(CCN(C(=O)c3cnccn3)CC2)C1,-6.367
Cc1ccc(-c2ccc3c(c2)CNCCCCCCCN3C(=O)c2cccnc2)cc1F,-6.432
O=C(c1cccnc1)N1CCCCCCCNCc2cc(NCCc3ccc(F)cc3)ccc21,-6.959
CCC(=O)N1CCCN(C)CCCN(C(=O)c2snnc2CC)Cc2cc(F)c(F)cc21,-4.915
COCC(=O)N1CCCCCCCNCc2cc(Nc3cncc(C)c3)ccc21,-6.745
CN(Cc1ccccc1)C(=O)c1ccc2c(c1)Cc1cccc(c1)CN(C1CCC1)CCCCCO2,-6.509
CC(=O)N1CCCCCCCN(CC(C)C)Cc2cc(C(=O)N3CCN(C)CC3)ccc21,-4.77
O=C(Cc1ccc2c(c1)OCO2)N1CCCCC2(CCN(Cc3ccccc3)CC2)C(=O)OCC(O)C(O)CC1,-5.6
CC(=O)N1CCCCCCCN(C2CCOCC2)Cc2cc(C(=O)N3CCOCC3)ccc21,-5.432
COCCN1CCN(C(=O)c2ccc3c(c2)CN(CC(C)C)CCCCCCCN3C(C)=O)CC1,-4.899
CN(C)CC(=O)N1CCC2(CCCCc3ccccc3OCCN(Cc3ccccc3F)C2)CC1,-6.638
CC(C)N1CCC(C(=O)N2CCCCN(C)C(=O)c3cc(Cl)ccc3OCC2)CC1,-6.921
O=C(c1cccnc1)N1CCCCCCCNCc2cc(-c3ccccc3F)ccc21,-6.523
CC(=O)N1CCCCCCCN(CCC(C)C)Cc2cc(C(=O)N3CCNC(=O)C3)ccc21,-7.523
CN1CC(=O)N(C)C(Cc2ccccc2)COc2ccccc2C(=O)NC(C(=O)NCCCCN2CCCC2)CCC1=O,-8.0
CC1CCN(CCC(=O)N2CCCCN(C)C(=O)c3cc(Cl)ccc3OCC2)CC1,-7.097
CCCCN1CCOc2ccccc2CCCCC2(CCN(C(=O)c3cccnc3C)CC2)C1,-6.237
CC(C)CC1NC(=O)C2(CCCCOCC(C)NC1=O)CCN(Cc1cccc(F)c1O)CC2,-5.111
CN1CCC(NC(=O)c2cccc3c2CN(Cc2ccccc2)CC(=O)NCCCCCO3)CC1,-7.398
CN1CCC(NC(=O)c2ccc3c(c2)Cc2cccc(c2)C(=O)NCCOCCO3)CC1,-7.398
CN1CCCCCOc2ccc(C(=O)NCCn3ccnc3)cc2Cc2cccc(c2)C1,-7.046
O=C(NCCc1c[nH]cn1)c1ccc2c(c1)Cc1cccc(c1)CN(CC1CC1)CCCCCO2,-7.523
CC(C)N1CCOCCOc2ccc(C(=O)NC3CCN(C)CC3)cc2Cc2cccc(c2)C1,-6.796
CN1CCCN(/C2=N/CCCCCOc3ccccc3Oc3ncccc32)CC1,-6.721
Cc1nc(CC(=O)N2CCCCC3(CO)CCN(CC3)Cc3ccccc3OCC2)cs1,-7.155
COc1ccc(CCC(=O)N2CCCCC3(CCN(C)CC3)C(=O)OCC(O)C(O)CC2)c(OC)c1OC,-5.914
O=C(c1cccnc1)N1CCCCCCCNCc2cc(-c3ccc(F)nc3)ccc21,-4.712
Cc1ncc(C(=O)N2CCCCC3(CCN(C)CC3)C(=O)OCC(O)C(O)CC2)c(C)n1,-8.0
Cc1ncc(C(=O)N2CCCCC3(CCN(Cc4ccccc4)CC3)C(=O)OCC(O)C(O)CC2)c(C)n1,-7.0
CN1CC2(CCNCC2)CC(O)C(O)Cc2ccccc2OCC1=O,-5.959
CN1CCOc2ccccc2CCCCC2(CCN(C(=O)c3ccc(N)nc3)CC2)C1,-5.217
CC(C)C1COc2ccc(Cl)cc2C(=O)NCCCCN(C(=O)CCN2CCCCCC2)CC(=O)N1,-7.699
CC(=O)N1CCCCCCCN(CC(C)C)Cc2cc(C(=O)N3CCC(Cc4ccccc4)CC3)ccc21,-6.745
CC(C)CC1NC(=O)CCC(C(=O)N2CCCN(C)CC2)NC(=O)c2ccccc2OCCN(C)C1=O,-7.699
CC(C)CN1CCOCCOc2ccc(C(=O)NCCc3c[nH]cn3)cc2Cc2cccc(c2)C1,-7.155
CCC(=O)N1CCCN(C)CCCN(C(=O)c2ccc(C)[nH]c2=O)Cc2cc(F)c(F)cc21,-7.523
O=C(Cc1c[nH]c2ccccc12)N1CCCCC2(CCN(Cc3ccncc3)CC2)C(=O)OCC(O)C(O)CC1,-8.0
CC(C)CC1NC(=O)CCC(C(=O)N2CCCN(C)CC2)NC(=O)c2ccccc2OCC(Cc2ccccc2)N(C)C1=O,-7.699
CC(C)N1CCOCCOc2ccc(C(=O)N3CCN(CCN(C)C)CC3)cc2Cc2cccc(c2)C1,-6.959
CN(C)CCCNC(=O)C1CC(=O)NC(CC(N)=O)C(=O)N(C)CCOc2ccccc2C(=O)N1,-6.569
CNc1ncc(CN2CCC3(CCCCOCC(C)NC(=O)C(CC(C)C)NC3=O)CC2)cn1,-7.699
Cc1ncccc1C(=O)N1CCCCC2(CCN(Cc3ccccc3)CC2)C(=O)OCC(O)C(O)CC1,-7.222
CS(=O)(=O)Nc1ccnn1CCNC(=O)c1ccc2c(c1)Cc1cccc(c1)CN(CC1CC1)CCCCCO2,-8.0
Cn1cc(C(=O)N2CCCCC3(CCN(Cc4ccccc4)CC3)C(=O)OCC(O)C(O)CC2)cn1,-7.699
CC(=O)N1CCCCCCCN(CCC(C)C)Cc2cc(C(=O)Nc3cccc(Cl)c3)ccc21,-6.585
COCC(=O)N1CCCCCCCNCc2cc(-c3cccc(C(N)=O)c3)ccc21,-8.0
NCCCCC1NC(=O)CN(Cc2ccccc2)C(=O)CCC(C(=O)N2CCC(Cc3ccccc3)CC2)NC(=O)c2ccccc2OCC2CCCN2C1=O,-8.0
NCCCCC1NC(=O)C2CCCN2C(=O)CCC(C(=O)N2CCCN(Cc3ccccn3)CC2)NC(=O)c2ccccc2OCC2CCCN2C1=O,-7.222
CC(C)C1COc2ccc(Cl)cc2C(=O)NCCCCN(C(=O)CCCCN)CC(=O)N1,-6.328
CN(C)CCCCNC(=O)C1CC(=O)N(C)CC(=O)N(C)CCOc2ccccc2C(=O)N1,-6.409
CN1CCOc2ccccc2C(=O)NC(C(=O)NCCN2CCCCCC2)CC(=O)NC(CC(N)=O)C1=O,-6.678
CS(=O)(=O)N1CCN(c2ccc3c(c2)CNCCCCCCCN3C(=O)c2cccnc2)CC1,-5.082
CCCc1cc(C(=O)N2CCCN(C(C)C)CCCN(C(=O)CC)c3cc(F)c(F)cc3C2)no1,-6.824
c1ccc2c(c1)OCCCCCNC(=NCCC[NH+]1CCOCC1)c1cccnc1O2,-7.046
CC[NH+]1CCCC1CN=C1NCCCCCOc2ccccc2Oc2ncccc21,-6.921
CN1CCN(CC(=O)N2CCCCC3(CO)CCN(CC3)C(=O)c3ccccc3OCC2)CC1,-8.0
COc1ccc(-c2ccc3c(c2)CNCCCCCCCN3C(=O)c2cccnc2)cc1C,-6.77
Cc1ccc(C(=O)N2CCCCC3(CO)CCN(CC3)Cc3ccccc3OCC2)cn1,-7.523
O=C(c1ccc2c(c1)Cc1cccc(c1)CN(C1CCOCC1)CCOCCO2)N1CC(O)C1,-7.699
OCC12CCCCNCCOc3ccccc3CN(CC1)CC2,-7.523
Cc1ccc(CNc2ccc3c(c2)CNCCCCCCCN3C(=O)c2cccnc2)cc1,-7.398
CCCCN1CCOc2ccccc2CCCCC2(CCN(C(=O)COc3cccnc3)CC2)C1,-7.222
O=C(CN1CCCCC1)N1CCCCC2(CO)CCN(CC2)C(=O)c2ccccc2OCC1,-8.0
CC(=O)N1CCCCCCCN(C2CCOCC2)Cc2cc(C(=O)N3CC(O)C3)ccc21,-8.0
O=C(c1ccncc1)N1CCCCCCCNCc2cc(NCCCN3CCOCC3)ccc21,-7.398
O=C(c1cccnc1)N1CCCCCCCNCc2cc(NC3CCN(Cc4ccccc4)CC3)ccc21,-7.222
CCN(Cc1ccccc1)C1CCN(C(=O)CCc2ccc3c(c2)CN(C(C)C)CC(=O)NCCCCCO3)CC1,-8.0
Cc1ccc(C(=O)N2CCCCC3(CCN(Cc4ccncc4)CC3)C(=O)OCC(O)C(O)CC2)cn1,-8.0
O=C1CCCOc2ccccc2CCCCC2(CCNCC2)CN1,-7.699
CCOc1ccc(CN2CCC3(CCCCc4ccccc4OCC(CC(C)C)NC3=O)CC2)cc1,-6.553
Cc1ccnc(C2CCCN2C(=O)CN2CCC3(CCCCc4ccccc4OCCCNC3=O)CC2)n1,-7.222
c1ccc2c(c1)OCCCCCCNC(=NCC[NH+]1CCCC1)c1cccnc1O2,-7.523
CN1CCC2(CCCCN(C(=O)c3cn(C)nn3)CCC(O)C(O)COC2=O)CC1,-5.369
CN1CCOCCCCC2(CCNCC2)COc2ccccc2C1,-8.0
O=C(c1ccncc1)N1CCCCCCCNCc2cc(NCc3cccnc3)ccc21,-8.0
CC(C)CNc1ccc2c(c1)CNCCCCCCCN2C(=O)c1cccnc1,-7.699
COC1CN(C(C)=O)CC(CC(C)C)N(C(=O)/C=C/c2ccc(Cl)cc2Cl)CCCCOCC(O)C1O,-5.369
CN1CCCCN(C(=O)c2cccc(F)c2)C(Cc2ccccc2)COc2ccccc2C1=O,-4.979
CCOc1cccc2c1OCCCCCNC(=O)CN(C(=O)Cc1csc(C)n1)C2,-5.983
Cc1cccnc1C(=O)N1CCCCNC(=O)c2cc(Cl)ccc2OCCCC1,-5.87
COCCN1CCN(C(=O)c2ccc3c(c2)Cc2cccc(c2)CN(C(C)C)CCOCCO3)CC1,-5.509
COCc1cccc(C(=O)N2CCCCNC(=O)c3cc(Cl)ccc3OCC(Cc3ccccc3)NC(=O)C2)c1,-6.208
CCN1CCOc2ccccc2C(=O)NC(C(=O)NCCc2ccc(F)cc2)CC(=O)N(Cc2ccccc2)CC1=O,-6.18
Cc1cc(C(=O)N2CCOC3(CCCCc4ccccc4OCCN(C)C3=O)C2)nn1-c1ccccc1,-5.666
c1ccc(OCCN=C2NCCCCCOc3ccccc3Oc3ncccc32)cc1,-5.462
CCOc1cccc2c1OCCCCCNC(=O)CN(C(=O)Cc1ccc(C)cc1)C2,-5.315
O=C1CN(C(=O)c2ccc(F)cc2)CCCCNC(=O)c2cc(Cl)ccc2OCC(Cc2ccccc2)N1,-6.244
CC(C)CNC(=O)c1ccc2c(c1)Cc1cccc(c1)C(=O)NCCOCCO2,-6.18
CC(O)C1NC(=O)CC(C(=O)NCCOc2ccc(F)cc2)NC(=O)c2ccccc2OCC2CCCN2C1=O,-7.097
O=C1CC(C(=O)NCc2ccc(CN3CCOCC3)cc2)NC(=O)c2ccccc2OCCNC(=O)C(Cc2ccccc2)N1,-6.602
O=C1CN(C(=O)c2ccccc2C(F)(F)F)CCCCNC(=O)c2cc(Cl)ccc2OCC(Cc2ccccc2)N1,-6.18
O=C1CN(Cc2ccccc2)Cc2c(cccc2C(=O)NC2CCCC2)OCCCCCN1,-6.131
COCCN1CCN(C(=O)C2CCC(=O)N(C)CCOc3ccccc3C(=O)NCCCOc3ccccc3C(=O)N2)CC1,-6.796
CC(C)CC1COc2ccccc2CCCCCC2(CCN(C(=O)c3cc[nH]n3)CC2)C(=O)N1,-5.745
CC(C)C(CO)NC(=O)c1cccc2c1CN(Cc1ccccc1)CC(=O)NCCCCCO2,-6.201
CC(C)C1COc2ccc(Cl)cc2C(=O)NCCCCN(C(=O)CCN2CCCC2=O)CC(=O)N1,-6.481
CC1CN(C(=O)C2CC(=O)NC(C(C)O)C(=O)N3CCCC3COc3ccccc3C(=O)N2)CC(C)O1,-6.824
Cc1ccccc1CC(=O)N1CCCCNC(=O)c2cc(Cl)ccc2OCCCC1,-5.307
CN(CCC(=O)N1CCOC2(CCCCc3ccccc3OCCN(C)C2=O)C1)Cc1ccccn1,-5.446
Cc1ncsc1C(=O)N1CCCCN(C)C(=O)c2cc(Cl)ccc2OCCC1,-5.629
Cc1noc(C)c1CCC(=O)N1CCCCNC(=O)c2cc(Cl)ccc2OCC(CC(C)C)NC(=O)C1,-6.456
Cc1c(C(=O)N2CCCCN(C)C(=O)c3cc(Cl)ccc3OCC2)c2ccccc2n1C,-5.281
COCCC(=O)N1CCC2(CCCCc3ccccc3OCC(C)NC2=O)CC1,-5.344
CC(C)C1COc2ccc(Cl)cc2C(=O)NCCCCN(C(=O)c2ccccc2Cl)CC(=O)N1,-5.975
O=C1CC(C(=O)NCCCc2ccccc2)NC(=O)c2ccccc2OCCNC(=O)C(CO)N1,-6.959
Cc1cc(C(=O)N2CCCCC3(CCN(Cc4ccccn4)CC3)C(=O)OCC(O)C(O)CC2)no1,-6.824
CS(=O)(=O)N1CCN(C(=O)CN2CCCCCCOc3ccccc3Oc3ncccc3C2)CC1,-5.772
COc1cccc(CCCNC(=O)C2CC(=O)NC(CC(C)C)C(=O)N(C)CCOc3ccccc3C(=O)N2)c1,-5.893
CCOc1cccc2c1OCCCCCNC(=O)CN(C(=O)CCCn1cccn1)C2,-5.979
CC(C)CC1NC(=O)CC(C(=O)NCc2ccc(CN3CCOCC3)cc2)NC(=O)c2ccccc2OCC(C)NC1=O,-6.854
CN1CCN(C(=O)CN2CCCCCCOc3ccccc3Oc3ncccc3C2)CC1,-5.51
Cc1nc(CNC(=O)c2ccc3c(c2)Cc2cccc(c2)CN(C(C)C)CCOCCO3)no1,-5.622
CCN1CCN(C(=O)C2CC(=O)NC(C)C(=O)N(C)CCOc3ccccc3C(=O)N2)CC1,-6.569
CN(CCc1ccccc1)C(=O)c1cccc2c1CN(Cc1ccccc1)CC(=O)NCCCCCO2,-5.382
CCCCN1CCOc2ccccc2CCCCC2(CN(C(=O)CNC(=O)c3ccccc3)CCO2)C1=O,-5.785
Cc1csc(CCCNC(=O)C2CC(=O)NC(C(C)O)C(=O)N(C)CCOc3ccccc3C(=O)N2)n1,-7.097
CCN1CCOc2ccccc2CCCCC2(CN(C(=O)c3ccnn3C(C)C)CCO2)C1=O,-5.484
CCN(CC)C(=O)CCc1ccc2c(c1)CN(Cc1ccccc1)CC(=O)NCCCCCO2,-5.177
CC(C)CC1COc2ccc(Cl)cc2C(=O)NCCCCN(C(=O)c2cnc(N(C)C)nc2)CC(=O)N1,-6.387
CCN1CCOc2ccccc2C(=O)NC(C(=O)NCCCc2ccccc2)CC(=O)N(Cc2ccccc2)CC1=O,-6.347
CCN(CCO)C(=O)CCc1ccc2c(c1)CN(Cc1ccccc1)CC(=O)NCCCCCO2,-5.597
CC(C)N1CC(=O)NCCCCCOc2ccc(CCC(=O)N3CCC(COc4ccc(Cl)cc4)CC3)cc2C1,-4.961
CN1CCOc2ccccc2CCCCC2(CN(C(=O)c3ccccc3C(F)(F)F)CCO2)C1=O,-5.614
O=C1NCC2(CCCCCOc3ccccc31)CCCN(C(=O)CN1CCCCCC1=O)C2,-5.664
CC(C)N1CC(=O)NCCCCCOc2ccc(CCC(=O)N(C)CCO)cc2C1,-6.237
COc1cccc(CCCNC(=O)C2CCC(=O)NC(C(C)C)C(=O)N(C)CCOc3ccccc3C(=O)N2)c1,-6.509
CCCCN1CCOc2ccccc2CCCCC2(CN(C(=O)c3cncs3)CCO2)C1=O,-5.326
CC1(C)CCCN(CC(=O)NCCc2c[nH]cn2)Cc2cccnc2Oc2ccccc2OC1,-6.229
COc1ccc(CCNC(=O)C2CC(=O)NC(C(C)C)C(=O)N(C)CCOc3ccccc3C(=O)N2)cc1,-6.444
CC(C)CC1NC(=O)CC(C(=O)NCCc2cnccn2)NC(=O)c2ccccc2OCCCNC1=O,-7.0
Cc1nc(C)c(C(=O)N2CCCCN(C)C(=O)c3cc(Cl)ccc3OCCC2)s1,-5.388
COc1cc(CN=C2NCCOCCOc3ccccc3Oc3ncccc32)cc(OC)c1,-6.523
CC(C)c1nnsc1CNC(=O)CN1CCCC(C)(C)COc2ccccc2Oc2ncccc2C1,-5.656
Cc1nn(C)cc1C(=O)N1CCCCOc2ccc(Cl)cc2C(=O)N(C)C(C(C)C)C(=O)N(C)CCCC1,-5.91
CCCn1ccc(C(=O)N2CCC(N3CCCC(C)(C)COc4ccccc4Oc4ncccc4C3)CC2)n1,-5.656
O=C1NCCCCN(C(=O)c2cncs2)CCCCOc2ccc(Cl)cc21,-5.914
COC(C)(C)C(=O)N1CCCCNC(=O)c2cc(Cl)ccc2OCC(Cc2ccccc2)NC(=O)C1,-5.879
CC(C)c1cc(C(=O)N2CCCCNC(=O)c3cc(Cl)ccc3OCC(C(C)C)NC(=O)C2)on1,-6.036
CN1CCOc2ccccc2CCCCC2(CN(C(=O)COc3cccc4cccnc34)CCO2)C1=O,-5.561
CC(C)CC1COc2ccccc2CCCCCC2(CCN(C(=O)c3ccnc(N)c3)CC2)C(=O)N1,-5.495
CC(O)C1NC(=O)CC(C(=O)NCCCn2ccc(C(F)(F)F)n2)NC(=O)c2ccccc2OCC2CCCN2C1=O,-7.398
CCCCN1CCOc2ccccc2C(=O)NC(C(=O)N(C)CCOC)CC(=O)NC(Cc2ccccc2)C1=O,-6.432
CCc1noc(C)c1C(=O)N1CCCCN(C)C(=O)c2cc(Cl)ccc2OCCC1,-5.441
O=C1NCC2(CCCCCOc3ccc(Cl)cc31)CCN(C(=O)c1ccc3c(c1)OCO3)CC2,-5.67
Cc1ccc(C)c(NC(=O)CN2CCOC3(CCCCc4ccccc4OCCNC3=O)C2)c1,-5.706
Cc1nn(C)cc1C(=O)N1CCCC2(CCCCCOc3ccccc3C(=O)NC2)C1,-6.143
CC(C)Cc1cc(C(=O)N2CCC(N3CCCC(C)(C)COc4ccccc4Oc4ncccc4C3)CC2)on1,-5.638
CCOc1ccc(CCCNC(=O)C2CC(=O)NC(Cc3ccccc3)C(=O)N3CCCC3COc3ccccc3C(=O)N2)cc1OC,-6.367
CC1CN(C(=O)C2CC(=O)NC(C(C)C)C(=O)N(C)CCOc3ccccc3C(=O)N2)CC(C)O1,-6.585
CCOc1cccc2c1OCCCCCNC(=O)CN(C(=O)Cc1ccccc1F)C2,-5.491
CC(C)N1CCOCCOc2ccc(C(=O)N3CCN(Cc4ccc(F)cc4)CC3)cc2Cc2cccc(c2)C1,-5.39
COCCN1CCN(C(=O)c2cccc3c2CN(Cc2ccccc2)CC(=O)NCCCCCO3)CC1,-5.58
CC1(C)CCCN(CC(=O)NCCc2ccc3c(c2)OCO3)Cc2cccnc2Oc2ccccc2OC1,-6.056
CN1CCOc2ccccc2C(=O)NC(C(=O)NCCN2CCNC2=O)CCC(=O)N2CCCC2C1=O,-6.678
Cc1cc(OCCNC(=O)C2CC(=O)NC(Cc3ccccc3)C(=O)N(C)CCOc3ccccc3C(=O)N2)ccc1Cl,-6.42
CNC(=O)C12CCCCN(C(=O)c3ccc4cc[nH]c4c3)CCOc3ccccc3C(=O)N(CC1)CC2,-6.469
Cc1ccncc1NC(=O)CCc1ccc2c(c1)CN(Cc1ccccc1)CC(=O)NCCCCCO2,-5.712
CC(C)N1CC(=O)NCCCCCOc2ccc(CCC(=O)N3CCCC(c4cncn4C)C3)cc2C1,-6.187
Clc1ccccc1CCN=C1NCCCCCOc2ccccc2Oc2ncccc21,-5.286
CCCCN1CCOc2ccccc2CCCCC2(CN(C(=O)COCC)CCO2)C1=O,-5.321
CN1CCCCN(C(=O)Cc2c(F)cccc2Cl)CCCOc2ccc(Cl)cc2C1=O,-5.455
CC(C)C1COc2ccc(Cl)cc2C(=O)NCCCCN(C(=O)c2ccnn2C(C)C)CC(=O)N1,-6.481
COc1cccc(CN=C2NCCCCCOc3ccccc3Oc3ncccc32)c1,-5.812
CC(C)CC1COc2ccc(Cl)cc2C(=O)NCCCCN(C(=O)c2ccnn2C(C)C)CC(=O)N1,-5.951
CN1CCCCN(S(=O)(=O)c2ccc(-n3cnnn3)cc2)C2CCCCC2Oc2ccccc2C1=O,-6.161
O=C(Cn1ccc2ccc(F)cc21)N1CCOC2(CCCCc3ccccc3OCCNC2=O)C1,-5.842
CC(C)Cc1cc(C(=O)N2CCCCNC(=O)c3cc(Cl)ccc3OCC(C(C)C)NC(=O)C2)on1,-6.26
CCN1CC(=O)N(C)CC(=O)NC(Cc2ccccc2)COc2ccccc2C(=O)NC(C(=O)NCCCn2ccnc2)CC1=O,-7.0
CN1CCOc2ccccc2C(=O)NC(C(=O)NCCc2cnccn2)CCC(=O)N2CCCC2C1=O,-6.699
Cc1noc(C)c1CCC(=O)N1CCCCN(C)C(=O)c2cc(Cl)ccc2OCC1,-5.987
CCOc1cccc2c1OCCCCCNC(=O)CN(C(=O)Cc1ccccc1)C2,-5.357
CN1CCCCN(C(=O)Cc2cn(C)c3ccccc23)CCOc2ccc(Cl)cc2C1=O,-5.234
CCN1CCCCN(C(=O)c2c(F)cccc2F)C(Cc2ccccc2)COc2ccccc2C1=O,-5.469
O=C(CN1CCCCCCOc2ccccc2Oc2ncccc2C1)NC1CCCC1,-5.656
CC(C)CC1NC(=O)CC(C(=O)NCCCc2ccccc2)NC(=O)c2ccccc2OCCN(C)C1=O,-5.939
Cc1ncccc1C(=O)N1CCC2(CCCCc3ccccc3OCC(=O)N(C)C2)CC1,-5.385
CN1CCCCN(C(=O)c2ccc3ncccc3c2)CCOc2ccc(Cl)cc2C1=O,-5.9
CN1CCCCN(C(=O)c2ccccc2F)C(Cc2ccccc2)COc2ccccc2C1=O,-5.023
COC1CN(C(C)=O)CCCN(CC(=O)Nc2ccc(F)cc2)CCCCOCC(O)C1O,-6.678
CCOc1cccc2c1OCCCCCNC(=O)CN(C(=O)CC1CC1)C2,-5.385
CCCCN1CCOc2ccccc2CCCCC2(CN(C(=O)CCN3CCOCC3)CCO2)C1=O,-5.077
CN1CCCCN(C(=O)CCc2ccccc2)CCOc2ccc(Cl)cc2C1=O,-5.123
Cc1cc(C(=O)N2CCCCNC(=O)c3cc(Cl)ccc3OCC(C(C)C)NC(=O)C2)no1,-6.523
Cc1ccc(OCCNC(=O)C2CC(=O)NC(Cc3ccccc3)C(=O)N(C)CCOc3ccccc3C(=O)N2)cc1,-6.377
CC(C)CC1NC(=O)CC(C(=O)NCc2ccc(CN3CCOCC3)cc2)NC(=O)c2ccccc2OCCCNC1=O,-6.854
COc1ccc(C(=O)N2CCCCNC(=O)c3cc(Cl)ccc3OCC(C(C)C)NC(=O)C2)cc1,-6.357
CC(C)CC1COc2ccc(Cl)cc2C(=O)NCCCCN(C(=O)CN2CCCCCC2=O)CC(=O)N1,-6.387
CCCCN1CCOc2ccccc2CCCCC2(CN(C(=O)c3cnccn3)CCO2)C1=O,-5.173
COC1CN(C(C)=O)CCCN(CC(=O)Nc2cn(C)nc2C)CCCCOCC(O)C1O,-6.886
Cc1csc(CCCNC(=O)C2CC(=O)N3CCCC3C(=O)NC(CC(C)C)COc3ccccc3C(=O)N2)n1,-6.638
O=C1CN(Cc2ccccc2)Cc2cc(CCC(=O)N3CCC(CO)CC3)ccc2OCCCCCN1,-6.187
CCOc1cccc2c1OCCCCCNC(=O)CN(C(=O)CC1CCCCO1)C2,-5.333
CN(CCc1ccccc1)/C1=N/CCCCCOc2ccccc2Oc2ncccc21,-5.233
CN1CCCCN(C(=O)CCC2CCCC2)C2CCCCC2Oc2ccccc2C1=O,-5.192
CC(C)C1NC(=O)CC(C(=O)N2CCCC2CO)NC(=O)c2ccccc2OCCN(C)C1=O,-6.959
Cc1cccc(C(=O)N2CCCCN(C)C(=O)c3cc(Cl)ccc3OCC2)n1,-5.606
O=C(c1cc[nH]n1)N1CCCCC2(CO)CCN(CC2)C(=O)c2ccccc2OCC1,-7.0
CCOc1cccc2c1OCCCCCNC(=O)CN(C(=O)Cc1cccc(C)c1)C2,-5.247
CCOc1ccc(CCCNC(=O)C2CC(=O)NC(Cc3ccccc3)C(=O)N(CC)CCOc3ccccc3C(=O)N2)cc1OC,-6.553
CN1CCCCN(C(=O)Cc2cccc(Cl)c2)CCOc2ccc(Cl)cc2C1=O,-5.173
CCN1CCCCN(C(=O)CC(C)C)C(Cc2ccccc2)COc2ccccc2C1=O,-5.212
CC(C)CC1NC(=O)CCC(C(=O)N2CC(C)OC(C)C2)NC(=O)c2ccccc2OCCNC1=O,-6.745
CCN1CCOc2ccccc2CCCCC2(CN(C(=O)CNS(C)(=O)=O)CCO2)C1=O,-5.876
CC(C)c1ccccc1OCCNC(=O)C1CC(=O)NC(Cc2ccccc2)C(=O)N(C)CCOc2ccccc2C(=O)N1,-6.509
CCc1cc(C(=O)N2CCCCOc3ccc(Cl)cc3C(=O)N(C)C(Cc3ccccc3)C(=O)N(C)CCCC2)on1,-5.754
O=C(Cc1ccc2c(c1)OCO2)N1CCCCC2(CCN(Cc3ccccn3)CC2)C(=O)OCC(O)C(O)CC1,-6.553
Cc1csc(CCCNC(=O)C2CCC(=O)N(C)CC(=O)NCCCCC(=O)NC(C)COc3ccccc3C(=O)N2)n1,-7.222
COc1cc(C)ccc1OCCNC(=O)C1CC(=O)NC(C(C)C)C(=O)N2CCCC2COc2ccccc2C(=O)N1,-6.26
COCC(=O)N1CC(OC)C(O)C(O)COCCCCN(C(=O)/C=C/c2ccc3c(c2)OCO3)C(CC(C)C)C1,-6.721
COc1ccc2[nH]c3c(c2c1)CN(C(=O)CCc1ccc2c(c1)CN(C(C)C)CC(=O)NCCCCCO2)CC3,-5.836
CC(=O)N1CCC(C(=O)N2CCCCNC(=O)c3cc(Cl)ccc3OCC(Cc3ccccc3)NC(=O)C2)CC1,-6.208
CCC(C)C1NC(=O)CC(C(=O)NCCCc2cccc(OC)c2)NC(=O)c2ccccc2OCCN(C)C1=O,-6.252
O=C1NCCCCN(C(=O)Cc2ccccc2)CCCCOc2ccc(Cl)cc21,-5.026
CC(C)c1ccc(OCCNC(=O)C2CC(=O)NC(Cc3ccccc3)C(=O)N(C)CCOc3ccccc3C(=O)N2)cc1,-6.602
CCN(CC)C(=O)c1cccc2c1CN(Cc1ccccc1)CC(=O)NCCCCCO2,-5.04
CN1CCCCN(C(=O)c2ccccn2)CCOc2ccc(Cl)cc2C1=O,-5.81
CC1Cc2cc(CNC(=O)CN3CCCCCCOc4ccccc4Oc4ncccc4C3)ccc2O1,-5.936
Cc1onc(C(C)C)c1C(=O)N1CCCCNC(=O)c2cc(Cl)ccc2OCC(C(C)C)NC(=O)C1,-6.367
COc1cc(C(=O)N2CCCCCCOc3ccccc3Oc3ncccc3C2)ccn1,-5.688
COc1ccc(CCN(C)C(=O)C2CCC(=O)NC(CC(C)C)C(=O)NCCOc3ccccc3C(=O)N2)cc1OC,-7.0
COc1ccc(C(=O)N2CCCCNC(=O)c3cc(Cl)ccc3OCC(CC(C)C)NC(=O)C2)cc1F,-6.022
COc1ccc(OCC2CCN(C(=O)CCc3ccc4c(c3)CN(C(C)C)CC(=O)NCCCCCO4)CC2)cc1,-5.377
CN1CCCCN(C(=O)Cc2cccc(F)c2)CCOc2ccc(Cl)cc2C1=O,-5.077
CC(C)CC1COc2ccc(Cl)cc2C(=O)NCCCCN(C(=O)CN2CCC(C)CC2)CC(=O)N1,-5.845
CCCCN1CCOc2ccccc2CCCCC2(CN(C(=O)CCc3cnn(C)c3C)CCO2)C1=O,-5.377
O=C(CN1CCOC2(CCCCc3ccccc3OCCNC2=O)C1)NCCc1ccccc1,-5.539
COc1ccccc1C(=O)N1CCCCNC(=O)c2cc(Cl)ccc2OCC(C(C)C)NC(=O)C1,-6.244
Cc1ccc(C(=O)N2CCCCN(C)C(=O)c3ccccc3OCC2Cc2ccccc2)cc1,-5.119
CC(C)N1CC(=O)NCCCCCOc2ccc(CCC(=O)N3CCN(C)CC3)cc2C1,-5.78
CC(C)NC(=O)CN1CCCCCCOc2ccccc2Oc2ncccc2C1,-5.377
O=C(c1csc(Cc2ccccc2)n1)N1CCOC2(CCCCc3ccccc3OCCNC2=O)C1,-5.575
CCN(CCO)C(=O)CN1CCCCCCOc2ccccc2Oc2ncccc2C1,-5.483
CC(C)C1COc2ccc(Cl)cc2C(=O)NCCCCN(C(=O)c2cc[nH]n2)CC(=O)N1,-6.854
Cc1ccccc1C(=O)N1CCCCNC(=O)c2cc(Cl)ccc2OCC(Cc2ccccc2)NC(=O)C1,-5.708
CCC(C)C1NC(=O)CC(C(=O)NCCCc2ccccc2)NC(=O)c2ccccc2OCCN(C)C1=O,-6.022
Cc1cnccc1NC(=O)c1cccc2c1CN(Cc1ccccc1)CC(=O)NCCCCCO2,-5.521
COc1ccc(CCCNC(=O)C2CC(=O)NC(C(C)C)C(=O)N(C)CCOc3ccccc3C(=O)N2)cc1OC,-6.745
O=C(CN1CCOC2(C/C=C/Cc3ccccc3OCCNC2=O)C1)NCc1ccccn1,-6.009
CC1NC(=O)CC(C)(C)NC(=O)CCC(C(=O)N(C)Cc2ccccc2N2CCOCC2)NC(=O)c2ccccc2OCC(Cc2ccccc2)N(C)C1=O,-6.699
CCOc1cccc2c1OCCCCCNC(=O)CN(C(=O)CCCc1ccncc1)C2,-6.222
CN1CCOc2ccccc2C(=O)NC(C(=O)NCCc2ccccn2)CCC(=O)N2CCCC2C1=O,-6.432
Cc1ccc(CN(CCCn2ccnc2)C(=O)CCc2ccc3c(c2)CN(C(C)C)CC(=O)NCCCCCO3)s1,-5.764
CCn1cc(C(=O)N2CCOC3(CCCCc4ccccc4OCCNC3=O)C2)cn1,-5.903
Cc1n[nH]c(C)c1CCC(=O)N1CCCCNC(=O)c2cc(Cl)ccc2OCC(CC(C)C)NC(=O)C1,-6.658
Cn1ccc(NC(=O)CN2CCOC3(C/C=C/Cc4ccccc4OCCNC3=O)C2)n1,-6.102
CC1NC(=O)CC(C(=O)NCCCN2CCCC2=O)NC(=O)c2ccccc2OCCN(C)C1=O,-7.301
CCCCN1CCOc2ccccc2C(=O)NC(C(=O)NCCOCC2CCCO2)CC(=O)NC(Cc2ccccc2)C1=O,-6.367
CCn1cc(C(=O)N2CCCCOc3ccc(Cl)cc3C(=O)N(C)C(Cc3ccccc3)C(=O)N(C)CCCC2)cn1,-5.599
Cc1ccc(C(=O)N2CCCCOc3ccc(Cl)cc3C(=O)N(C)C(C(C)C)C(=O)N(C)CCCC2)cc1F,-5.633
Cc1noc(C)c1CCC(=O)N1CCCCN(C)C(=O)c2cc(Cl)ccc2OCCC1,-5.333
CCN1CCOc2ccccc2CCCCC2(CN(C(=O)c3ccc4c(c3)OCO4)CCO2)C1=O,-5.582
CC(C)Cc1cc(C(=O)N2CCCCNC(=O)c3cc(Cl)ccc3OCC(Cc3ccccc3)NC(=O)C2)n(C)n1,-6.119
Cc1ncccc1C(=O)N1CCCCC2(CCN(Cc3ccccn3)CC2)C(=O)OCC(O)C(O)CC1,-6.699
CC(C)CNC(=O)CN1CCCC(C)(C)COc2ccccc2Oc2ncccc2C1,-5.866
COc1ccc(OCCNC(=O)C2CC(=O)NC(CC(C)C)C(=O)N(C)CCOc3ccccc3C(=O)N2)cc1,-6.77
Cc1cccc(OCCNC(=O)C2CC(=O)NC(Cc3ccccc3)C(=O)N(C)CCOc3ccccc3C(=O)N2)c1C,-6.215
O=C1NCC2(CCCCCOc3ccccc31)CCCN(C(=O)CCc1ccc(F)cc1)C2,-5.577
CCN1CCOc2ccccc2C(=O)NC(C(=O)NCCOc2ccc(C(C)C)cc2)CC(=O)NC(CC(C)C)C1=O,-5.821
COc1ccc(CN=C2NCCCCCOc3ccccc3Oc3ncccc32)cc1,-5.928
CC(C)C1COc2ccc(Cl)cc2C(=O)NCCCCN(C(=O)CC2CC2)CC(=O)N1,-6.215
COc1cccc(CCCNC(=O)C2CCC(=O)NC(C(C)C)C(=O)N(C)C(Cc3ccccc3)COc3ccccc3C(=O)N2)c1,-6.62
CC(C)C1COc2ccc(Cl)cc2C(=O)NCCCCN(C(=O)Cc2ccc(F)cc2)CC(=O)N1,-6.097
CCn1nc(C(=O)N2CCCCNC(=O)c3cc(Cl)ccc3OCC(CC(C)C)NC(=O)C2)cc1C,-6.143
CCN1CCOc2ccccc2CCCCC2(CN(C(=O)CCc3cccnc3)CCO2)C1=O,-5.148
O=C(CN1CCCCCCOc2ccccc2Oc2ncccc2C1)N1CCCC1CO,-5.951
CC1COc2ccccc2CCCCC2(CCN(C(=O)c3ccc(Cl)cc3)CC2)C(=O)N1,-5.339
CCOC(=O)c1cccc(NC(=O)CN2CCC3(C/C=C/CNC(=O)c4ccccc4OCC(C(C)C)NC3=O)CC2)c1,-6.432
CCc1cc(C(=O)N2CCOC3(CCCCc4ccccc4OCCN(CC)C3=O)C2)no1,-5.668
CC(C)N1CC(=O)NCCCCCOc2ccc(CCC(=O)N3CCN(S(C)(=O)=O)CC3)cc2C1,-6.495
CC(C)N(Cc1ccccc1)C(=O)CN1CCOC2(CCCCc3ccccc3OCCNC2=O)C1,-5.47
CN1CC2(CCCCc3ccccc3OCC1=O)CCN(C(=O)c1cn(C)nn1)CC2,-5.66
CC1(C)CCCN(CC(=O)NCC2CC2)Cc2cccnc2Oc2ccccc2OC1,-5.757
COc1ccc(CCCNC(=O)C2CCC(=O)NC(C)C(=O)N(C)C(Cc3ccccc3)COc3ccccc3C(=O)N2)cc1OC,-6.699
CN1CCCCN(S(=O)(=O)c2cccc(F)c2)C(Cc2ccccc2)COc2ccccc2C1=O,-6.009
CC(C)CC1COc2ccc(Cl)cc2C(=O)NCCCCN(C(=O)c2ccccn2)CC(=O)N1,-6.244
O=C1CN(Cc2ccccc2)Cc2cc(CCC(=O)N3CCC(O)CC3)ccc2OCCCCCN1,-6.268
CCOc1ccc(CN(CCc2ccc3c(c2)OCO3)C(=O)CCc2ccc3c(c2)CN(C(C)C)CC(=O)NCCCCCO3)cc1,-5.699
CC(C)C1COc2ccc(Cl)cc2C(=O)NCCCCN(C(=O)c2ccc3c(c2)OCO3)CC(=O)N1,-6.347
CCc1ccc(C(=O)N2CCCCNC(=O)c3cc(Cl)ccc3OCCCC2)cc1,-5.378
CN1CCCCN(C(=O)c2ccc(=O)n(CC(N)=O)c2)CCOc2ccc(Cl)cc2C1=O,-6.921
Cc1oc2c(c1C(=O)N1CCCCN(C)C(=O)c3cc(Cl)ccc3OCC1)CCCC2,-5.231
COCC(=O)N1CCC2(CCCCc3ccccc3OCC(C)NC2=O)CC1,-5.265
CC(C)CC1COc2ccc(Cl)cc2C(=O)NCCCCN(C(=O)c2cc(F)cc(F)c2)CC(=O)N1,-5.585
CC(C)N1CCOCCOc2ccc(C(=O)N3C4CCC3CC(O)C4)cc2Cc2cccc(c2)C1,-5.745
O=C(CN1CCCCCCOc2ccccc2Oc2ncccc2C1)N1CCCC1,-5.072
COc1ccc(C)cc1CC(=O)N1CCCCN(C)C(=O)c2cc(Cl)ccc2OCCC1,-5.061
Cc1nn(C)c(C)c1CCNC(=O)C1CC(=O)NC(CC(C)C)C(=O)N(C)CCOc2ccccc2C(=O)N1,-7.155
CCN1CCCCN(C(=O)c2ccccc2)C(Cc2ccccc2)COc2ccccc2C1=O,-5.088
CN(C)CC(=O)N1CCCCOc2ccc(Cl)cc2C(=O)N(C)C(Cc2ccccc2)C(=O)N(C)CCCC1,-5.664
CCCCN1CCOc2ccccc2C(=O)NC(C(=O)NCC2CCOCC2)CC(=O)NC(CC(C)C)C1=O,-6.481
Cc1csc(CCCNC(=O)C2CCC(=O)NC(Cc3ccc(O)cc3)C(=O)N(C)CCOc3ccccc3C(=O)N2)n1,-7.523
Clc1cccc(N=C2NCCOCCOc3ccccc3Oc3ncccc32)c1,-5.616
CC(C)N1CC(=O)NCCCCCOc2ccc(CCC(=O)N3CCC(c4ccc(F)cc4)CC3)cc2C1,-4.998
Cc1c(C(=O)N2CCOC3(CCCCc4ccccc4OCCNC3=O)C2)oc2ccc(F)cc12,-6.0
O=C(c1ccc2c(c1)CCC2)N1CCOC2(CCCCc3ccccc3OCCNC2=O)C1,-5.558
CCC(C)C1NC(=O)CCC(C(=O)NCCc2ccc(F)cc2)NC(=O)c2ccccc2OCCN(C)C1=O,-6.854
CCc1noc(CCC(=O)N2CCC3(CCCCCCOc4ccccc4C(=O)NC3)CC2)n1,-5.253
COc1ccccc1C(=O)N1CCCCN(C)C(=O)c2cc(Cl)ccc2OCC1,-5.399
COc1cccc(OCC(=O)N2CCCCC3(CCN(Cc4ccccn4)CC3)C(=O)OCC(O)C(O)CC2)c1,-7.301
CC(C)Cc1cc(C(=O)N2CCCCNC(=O)c3cc(Cl)ccc3OCC(C)NC(=O)C2)on1,-6.678
Cc1noc(C)c1C(=O)N1CCCCC2(CO)CCN(CC2)C(=O)c2ccccc2OCC1,-6.602
CC(=O)N1CCC2(CC1)CC(O)C(O)Cc1ccccc1OCC(=O)N(C)C2,-6.481
CC(C)N1CC(=O)NCCCCCOc2ccc(CCC(=O)NC3CC3)cc2C1,-5.446
CCCCN1CCOc2ccccc2CCCCC2(CN(C(=O)c3sc(C)nc3C)CCO2)C1=O,-5.455
CC1COc2ccc(Cl)cc2C(=O)NCCCCN(C(=O)Cn2ccnc2)CC(=O)N1,-6.081
COc1ccccc1OCC(=O)N1CCCCC2(CCN(Cc3ccccn3)CC2)C(=O)OCC(O)C(O)CC1,-6.585
CC(C)CC1COc2ccccc2C(=O)NC(C(=O)NCCOc2ccc(F)cc2)CC(=O)N2CCCC2C(=O)N1,-6.553
Cc1ccccc1OCC(=O)N1CCCCC2(CCN(Cc3ccccn3)CC2)C(=O)OCC(O)C(O)CC1,-6.432
COc1ccccc1CNC(=O)CN1CCC2(C/C=C/CNC(=O)c3ccccc3OCC(C(C)C)NC2=O)CC1,-6.699
COc1cccc(NC(=O)CN2CCCCCCOc3ccccc3Oc3ncccc3C2)c1,-5.917
COCC12CCCCN(C(=O)CCc3ccc(OC)c(OC)c3)CCOc3ccccc3C(=O)N(CC1)CC2,-5.883
Fc1ccc(CCN=C2NCCCCCOc3ccccc3Oc3ncccc32)cc1,-5.602
O=C1NC(C(=O)NCc2ccc(CN3CCOCC3)cc2)CC(=O)N2CCCC2C(=O)NCCOc2ccccc21,-6.721
CC(C)CC1COc2ccccc2CCCCCC2(CCN(C(=O)c3cn(C)cn3)CC2)C(=O)N1,-5.405
O=C1NC(C(=O)NCc2cccc(CN3CCOCC3)c2)CC(=O)N2CCCC2C(=O)NCCOc2ccccc21,-7.097
CCCCN1CCOc2ccccc2CCCCC2(CN(C(=O)C3=NN(c4ccccc4)C(=O)C3)CCO2)C1=O,-5.682
CC(C)CC1COc2ccccc2C(=O)NC(C(=O)NCc2cccc(CN3CCOCC3)c2)CC(=O)NC(C)C(=O)N1,-6.854
CC1NC(=O)CC(C(=O)N2CCNC(=O)C2)NC(=O)c2ccccc2OCC2CCCN2C1=O,-7.046
CCN(C(=O)CN1CCOC2(CCCCc3ccccc3OCCNC2=O)C1)C1CCS(=O)(=O)C1,-6.469
CCOCC(=O)N1CCOC2(CCCCc3ccccc3OCCNC2=O)C1,-5.614
CN1CCCCN(C(=O)CCc2ccnn2C)CCCOc2ccc(Cl)cc2C1=O,-6.347
COc1cccc(NC(=O)c2ccc3c(c2)Cc2cccc(c2)C(=O)NCCOCCO3)c1,-6.268
CC1COc2ccccc2CCCCC2(CCN(C(=O)Cc3cn(C)c4ccccc34)CC2)C(=O)N1,-5.529
COC1CN(C(C)=O)CCCN(C(=O)Cc2c[nH]c3ccccc23)CCCCOCC(O)C1O,-6.921
CCOc1cccc2c1OCCCCCNC(=O)CN(C(=O)CCn1nnc3ccccc31)C2,-6.009
CC(C)CC1NC(=O)CC(C(=O)NCCCn2ccc(C(F)(F)F)n2)NC(=O)c2ccccc2OCCCNC1=O,-7.398
CCOc1cccc2c1OCCCCCNC(=O)CN(C(=O)CCC1CCCO1)C2,-5.735
CN1CCCCN(C(=O)c2cccc(Cl)c2)CCOc2ccc(Cl)cc2C1=O,-5.24
O=C(CN1CCOC2(CCCCc3ccccc3OCCNC2=O)C1)N1CCN(c2ccc(F)cc2)CC1,-5.449
COc1cc(C(=O)N2CCC(N3CCCC(C)(C)COc4ccccc4Oc4ncccc4C3)CC2)ccn1,-5.636
CN1CCOc2ccccc2CCCCC2(CN(C(=O)c3cc(F)ccc3F)CCO2)C1=O,-5.474
CC(C)c1nc2ccccc2n1CC(=O)N1CCCC2NC(=O)COc3ccccc3C/C=C/CC21,-5.747
CCOc1ccc(CC(=O)N2CCCCC3(CCN(Cc4ccccn4)CC3)C(=O)OCC(O)C(O)CC2)cc1,-6.469
CC(C)CC1COc2ccccc2CCCCCC2(CCN(C(=O)c3csc(N)n3)CC2)C(=O)N1,-5.863
CC1COc2ccccc2CCCCC2(CCN(C(=O)c3ccncn3)CC2)C(=O)N1,-5.516
CCCCN1CCOc2ccccc2CCCCC2(CN(C(=O)c3scnc3C)CCO2)C1=O,-5.24
CN1CCCCN(C(=O)Cn2ccc(C(F)(F)F)n2)CCCCOc2ccc(Cl)cc2C(=O)N(C)C(Cc2ccccc2)C1=O,-5.767
CC(C)C1COc2ccccc2C(=O)NC(C(=O)NCc2ccc(CN3CCOCC3)cc2)CCC(=O)NC(C)(C)C(=O)N1,-6.959
CC(C)C(CO)NC(=O)CCc1ccc2c(c1)CN(C(C)C)CC(=O)NCCCCCO2,-5.939
CC(C)N1CCOCCOc2ccc(C(=O)N3CCCC3CO)cc2Cc2cccc(c2)C1,-5.541
COc1ccc(C(C)N(Cc2cccnc2)C(=O)CCc2ccc3c(c2)CN(C(C)C)CC(=O)NCCCCCO3)cc1,-5.475
CCn1nc(C(C)C)cc1C(=O)N1CCCC2(CCCCCOc3ccccc3C(=O)NC2)C1,-5.24
CCOc1ccc(CCCNC(=O)C2CC(=O)NC(CC(C)C)C(=O)N(C)C(CC(C)C)COc3ccccc3C(=O)N2)cc1OC,-6.009
Cc1nc(CNC(=O)Cc2ccc3c(c2)CN(Cc2ccccc2)CC(=O)NCCCCCO3)no1,-5.812
CN1CCCCN(C(=O)c2nccc3ccccc23)CCOc2ccc(Cl)cc2C1=O,-5.245
CCCCN1CCOc2ccccc2CCCCC2(CN(C(=O)c3cnc(N(C)C)nc3)CCO2)C1=O,-5.845
CN1CC2(CCN(C(=O)Cc3ccc(Cl)cc3)CC2)CC(O)C(O)Cc2ccccc2OCC1=O,-6.745
CCCCN1CCOc2ccccc2CCCCC2(CN(C(=O)c3coc(C)n3)CCO2)C1=O,-5.311
COc1ccccc1C(=O)N1CCC2(CCCCCOc3ccc(Cl)cc3C(=O)NC2)CC1,-5.635
CN1CCOc2ccccc2CCCCC2(CN(C(=O)c3cnc4ccccc4c3)CCO2)C1=O,-5.435
O=C(Cc1ccc2c(c1)CN(Cc1ccccc1)CC(=O)NCCCCCO2)NCCCn1cncn1,-6.081
CCCCN1CCOc2ccccc2CCCCC2(CN(C(=O)c3n[nH]c4c3CCCC4)CCO2)C1=O,-6.161
CCOc1cccc2c1OCCCCCNC(=O)CN(C(=O)CCc1ccccc1)C2,-6.041
CCN1CCOc2ccccc2C(=O)NC(C(=O)NCCOc2ccc(C)cc2OC)CC(=O)NC(Cc2ccccc2)C1=O,-6.398
Cc1cccc(C(=O)N2CCCCC3(CCN(Cc4ccccn4)CC3)C(=O)OCC(O)C(O)CC2)c1C,-6.092
Cc1cccc(C(=O)N2CCCCNC(=O)c3cc(Cl)ccc3OCC(Cc3ccccc3)NC(=O)C2)c1,-5.907
COc1cc(CN=C2NCCCCCOc3ccccc3Oc3ncccc32)cc(OC)c1OC,-6.523
COCC1CCCN1C(=O)C1CC(=O)NC(C(C)O)C(=O)N(C)CCOc2ccccc2C(=O)N1,-6.745
O=C1CN(Cc2ccccc2)Cc2c(cccc2C(=O)N2CCCC2)OCCCCCN1,-4.95
CC(C)c1cc(C(=O)N2CCC3(CCCCCOc4ccccc4C(=O)NC3)CC2)on1,-5.572
Cn1cc(C(=O)N2CCC(N3CCCC(C)(C)COc4ccccc4Oc4ncccc4C3)CC2)ccc1=O,-5.408
COc1ccc(CCCNC(=O)C2CC(=O)NC(C(C)O)C(=O)N3CCCC3COc3ccccc3C(=O)N2)cc1OC,-6.678
CCc1ccccc1S(=O)(=O)N1CCCCN(C)C(=O)c2ccccc2OC2CCCCC21,-5.623
CCc1cc(C(=O)N2CCCCNC(=O)c3cc(Cl)ccc3OCC(C(C)C)NC(=O)C2)on1,-6.42
O=C1NCC2(CCCCCOc3ccccc31)CCN(C(=O)c1cncs1)CC2,-5.215
Cc1noc(C)c1CCC(=O)N1CCC2(CCCCCOc3ccccc3C(=O)NC2)CC1,-5.215
CN1CC2(CCN(C(=O)c3cc4ccccc4[nH]3)CC2)CC(O)C(O)Cc2ccccc2OCC1=O,-6.569
Cc1cnc(C(=O)N2CCCCC3(CCN(Cc4ccccn4)CC3)C(=O)OCC(O)C(O)CC2)cn1,-6.959
CCN1CCOc2ccccc2CCCCC2(CN(C(=O)CN(C)C)CCO2)C1=O,-5.257
CCCCN1CCOc2ccccc2CCCCC2(CN(C(=O)c3ccn(C)n3)CCO2)C1=O,-5.394
CC(C)CC1NC(=O)CCC(C(=O)NCC2CCC3CC2C3(C)C)NC(=O)c2ccccc2OCCNC1=O,-6.222
CC(C)CC1COc2ccc(Cl)cc2C(=O)NCCCCN(C(=O)CCCc2cn[nH]c2)CC(=O)N1,-6.658
Cc1c(CCC(=O)N2CCCCNC(=O)c3cc(Cl)ccc3OCC(CC(C)C)NC(=O)C2)cnn1C,-6.252
COCCCNC(=O)C1CC(=O)NC(CC(C)C)C(=O)NCCCOc2ccccc2C(=O)N1,-7.097
COCC1CCCN1C(=O)C1CC(=O)NC(CC(C)C)C(=O)N(C)CCOc2ccccc2C(=O)N1,-6.854
O=C(Cc1ccccc1Cl)N1CCCCC2(CCN(Cc3ccccn3)CC2)C(=O)OCC(O)C(O)CC1,-6.523
O=C1NCC2(CCCCCOc3ccccc31)CCCN(C(=O)COc1ccccc1F)C2,-5.411
CCN1CCOc2ccccc2C(=O)NC(C(=O)NCCOc2ccc(C)cc2)CC(=O)NC(Cc2ccccc2)C1=O,-6.201
COc1cccc(CC(=O)N2CCCCN(C)C(=O)c3cc(Cl)ccc3OCC2)c1,-5.292
O=C(CN1CCOCC1)N1CCCCC2(CO)CCN(CC2)C(=O)c2ccccc2OCC1,-6.658
CCn1c(CCC(=O)N2CCCC3NC(=O)COc4ccccc4C/C=C/CC32)nc2ccccc21,-5.32
CC1COc2ccccc2CCCCC2(CCN(C(=O)COc3ccc(Cl)cc3)CC2)C(=O)N1,-5.299
CC(C)CNC(=O)C1CC(=O)NC(CC(C)C)C(=O)NCCOc2ccccc2C(=O)N1,-6.745
COC1CN(C(C)=O)CCCN(C(=O)c2cccc(C)n2)CCCCOCC(O)C1O,-6.77
O=C1c2ccccc2OCCN(C(=O)c2cccc3cc[nH]c23)CCCCC2(CO)CCN1CC2,-6.699
CC(C)CC1NC(=O)CC(C(=O)NCc2cccc(CN3CCCC3=O)c2)NC(=O)c2ccccc2OCCN(C)C1=O,-7.398
CC(C)CC1COc2ccc(Cl)cc2C(=O)NCCCCN(C(=O)Cc2cn(C)c3ccccc23)CC(=O)N1,-6.114
CCCCN1CCOc2ccccc2CCCCC2(CN(C(=O)CCCn3cccn3)CCO2)C1=O,-5.389
CC(C)CC1COc2ccc(Cl)cc2C(=O)NCCCCN(C(=O)c2ccc3nc[nH]c3c2)CC(=O)N1,-6.699
COCCN1CCN(C(=O)CCc2ccc3c(c2)CN(Cc2ccccc2)CC(=O)NCCCCCO3)CC1,-5.467
O=C1NCC2(CCCCCOc3ccccc31)CCN(C(=O)CCCn1cccn1)CC2,-5.32
CN1CC2(CCN(C(=O)Cn3cccn3)CC2)CC(O)C(O)Cc2ccccc2OCC1=O,-6.854
COc1cccc(CCCNC(=O)C2CC(=O)NC(C)C(=O)NC(CC(C)C)COc3ccccc3C(=O)N2)c1,-6.469
CCN1CCOc2ccccc2CCCCC2(CN(C(=O)Cc3cccnc3)CCO2)C1=O,-5.116
Cc1c(C(=O)N2CCCCNC(=O)c3cc(Cl)ccc3OCC(C(C)C)NC(=O)C2)c2ccccc2n1C,-5.676
Cn1cc(C(=O)N2CCCCC3(COc4cccnc4)CCN(CC3)C(=O)c3ccccc3OCC2)c2ccccc21,-5.325
CCCCN1CCOc2ccccc2CCCCC2(CN(C(=O)c3cn(C)cn3)CCO2)C1=O,-5.564
COCC1CCCN1C(=O)C1CC(=O)NC(Cc2ccccc2)C(=O)N2CCCC2COc2ccccc2C(=O)N1,-6.26
CCCCN1CCOc2ccccc2CCCCC2(CN(C(=O)CN(C)C)CCO2)C1=O,-5.004
COc1ccc(CCC(=O)N2CCCCC3(CCN(Cc4ccccn4)CC3)C(=O)OCC(O)C(O)CC2)c(OC)c1OC,-6.481
COCC(=O)N1CC(OC)C(O)C(O)COCCCCN(C(=O)/C=C/c2cccc(F)c2)C(CC(C)C)C1,-6.319
CN1CCOc2ccccc2C(=O)NC(C(=O)NCC(O)CO)CC(=O)NCCCC1=O,-7.222
CN1CCN(C(=O)c2cccc3c2CN(Cc2ccccc2)CC(=O)NCCCCCO3)CC1,-5.491
CC1NC(=O)CC(C(=O)NCc2cccc(CN3CCCC3=O)c2)NC(=O)c2ccccc2OCC(Cc2ccccc2)N(C)C1=O,-6.699
COCC(=O)N1CC(OC)C(O)C(O)COCCCCN(C(=O)/C=C/c2ccc(Cl)cc2Cl)C(CC(C)C)C1,-5.453
CCn1cc(C(=O)N2CCCCOc3ccc(Cl)cc3C(=O)N(C)C(Cc3ccccc3)C(=O)N(C)CCCC2)c(C)n1,-5.463
CCOc1ccc(CCCNC(=O)C2CC(=O)N3CCCC3C(=O)NC(CC(C)C)COc3ccccc3C(=O)N2)cc1OC,-6.208
CC(C)C1NC(=O)CC(C(=O)NCCN2CCNC2=O)NC(=O)c2ccccc2OCC2CCCN2C1=O,-6.678
CCOc1ccc(CC(=O)N2CC(=O)NCCCCCOc3c(cccc3OCC)C2)cc1,-6.013
Cc1ccc(OCCNC(=O)C2CC(=O)NC(CC(C)C)C(=O)N(C)CCOc3ccccc3C(=O)N2)cc1,-6.357
CC1(C)CCCN(CC(=O)NCCn2ccnc2)Cc2cccnc2Oc2ccccc2OC1,-5.234
COC1CN(C(C)=O)CCCN(C(=O)c2cnn(C)c2)CCCCOCC(O)C1O,-6.921
CC(O)C1NC(=O)CC(C(=O)NCCc2ccc3c(c2)OCCO3)NC(=O)c2ccccc2OCC2CCCN2C1=O,-6.959
CC(C)N1CCOCCOc2ccc(C(=O)N(C)CCc3ccccc3)cc2Cc2cccc(c2)C1,-5.382
CCN1CCOc2ccccc2C(=O)NC(C(=O)NCCOc2ccccc2C(C)C)CC(=O)NC(Cc2ccccc2)C1=O,-6.222
O=C(CCc1ccc2c(c1)CN(Cc1ccccc1)CC(=O)NCCCCCO2)NCCCCCO,-6.31
CCN1CCOc2ccccc2C(=O)NC(C(=O)NCCOc2ccc(C(C)C)cc2)CC(=O)NC(Cc2ccccc2)C1=O,-6.292
Cc1cncc(C(=O)N2CCOC3(CCCCc4ccccc4OCCNC3=O)C2)c1,-5.754
Cc1cccc2nc(C(=O)N3CCCCNC(=O)c4cc(Cl)ccc4OCC(C(C)C)NC(=O)C3)cn12,-6.398
Cc1ccc2c(c1)C(NC(=O)CCc1ccc3c(c1)CN(C(C)C)CC(=O)NCCCCCO3)CC(C)(C)O2,-5.783
Cc1cncc(C(=O)N2CCCCNC(=O)c3cc(Cl)ccc3OCCCC2)c1,-5.939
Cc1ncc(C(=O)N2CCC3(CCCCc4ccccc4OCC(=O)N(C)C3)CC2)c(C)n1,-5.496
NC(=O)C1CCN(C(=O)CN2C/C=C/COc3ccccc3CN(Cc3ccccc3)C(=O)c3cc(Cl)ccc3OCCC2)CC1,-6.538
COc1cccc(CNC(=O)CN2CCCC(C)(C)COc3ccccc3Oc3ncccc3C2)c1,-6.119
O=C1c2ccccc2OCCN(C(=O)C2Cc3ccccc3C2)CCCCC2(CO)CCN1CC2,-5.631
CCOC(=O)Cc1csc(NC(=O)CN2CCCCOCC(O)C(O)C(OC)CN(C(C)=O)CCC2)n1,-7.301
CCN1CCOc2ccccc2CCCCC2(CN(C(=O)CN3Cc4ccccc4C3=O)CCO2)C1=O,-5.321
CN1CCCCN(C(=O)CCCn2cccn2)CCCOc2ccc(Cl)cc2C1=O,-5.936
COc1ccc(OCCCNC(=O)C2CC(=O)NC(C(C)C)C(=O)NCCCOc3ccccc3C(=O)N2)cc1,-6.569
COc1ccc(OC)c(CN(Cc2ccccc2)C(=O)CCc2ccc3c(c2)CN(C(C)C)CC(=O)NCCCCCO3)c1,-5.04
CC(C)C1COc2ccccc2C(=O)NC(C(=O)NCc2ccc(CN3CCOCC3)cc2)CCC(=O)NC2(CCCCC2)C(=O)N1,-6.854
CN1CCOc2ccccc2C(=O)NC(C(=O)NCCc2ccc3c(c2)OCCO3)CCC(=O)N2CCCC2C1=O,-6.569
CCOc1cccc2c1OCCCCCNC(=O)CN(C(=O)CC1CCCC1)C2,-5.79
CCc1noc(CCC(=O)N2CCCCN(C)C(=O)c3cc(Cl)ccc3OCC2)n1,-5.951
O=C(CN1CCCCCCOc2ccccc2Oc2ncccc2C1)N1CCCCC1Cc1ccccc1,-5.174
CCOc1cccc2c1OCCCCCNC(=O)CN(C(=O)CCc1ccccc1OC)C2,-6.041
CCCCN1CCOc2ccccc2CCCCC2(CN(C(=O)c3ccc(C)nc3)CCO2)C1=O,-5.554
Cc1noc(C)c1C(=O)N1CCCCOc2ccc(Cl)cc2C(=O)N(C)C(Cc2ccccc2)C(=O)N(C)CCCC1,-5.449
COC1CN(C(=O)c2ccccc2F)CC(CC(C)C)N(C(=O)CN(C)CCc2ccccn2)CCCCOCC(O)C1O,-6.553
CCn1nc(C(C)C)cc1C(=O)N1CCCCNC(=O)c2cc(Cl)ccc2OCC(C)NC(=O)C1,-6.721
Cc1n[nH]c(C)c1CCC(=O)N1CCCCNC(=O)c2cc(Cl)ccc2OCC(C(C)C)NC(=O)C1,-6.638
CN1CCOc2ccccc2C(=O)NC(C(=O)NCc2cccc(CN3CCOCC3)c2)CC(=O)NCCC1=O,-6.959
CNC(=O)C12CCCCN(C(=O)c3cccnc3N)CCOc3ccccc3C(=O)N(CC1)CC2,-6.959
Cc1cc(C(=O)N2CCCCN(C)C(=O)c3ccccc3OCC2C(C)C)no1,-5.903
O=C(Cc1ccccc1F)N1CCCCC2(CCN(Cc3ccccn3)CC2)C(=O)OCC(O)C(O)CC1,-6.268
Cc1cnn(CC(=O)N2CCCCNC(=O)c3cc(Cl)ccc3OCCCC2)c1,-6.347
CC(C)CC1NC(=O)CCC(C(=O)NCC(O)c2ccccc2)NC(=O)c2ccccc2OCC(C(C)C)NC1=O,-8.0
O=C(CCc1cccnc1)N1CCOC2(CCCCc3ccccc3OCCNC2=O)C1,-5.777
CC(C)C1NC(=O)CC(C(=O)NCCc2ccc3c(c2)OCCO3)NC(=O)c2ccccc2OCCN(C)C1=O,-6.602
CN(Cc1ccccc1)C(=O)c1ccc2c(c1)Cc1cccc(c1)C(=O)NCCOCCO2,-5.287
CCOc1cccc2c1OCCCCCNC(=O)CN(C(=O)CCC1CCC1)C2,-5.156
CC1COc2ccc(Cl)cc2C(=O)NCCCCN(C(=O)CNS(C)(=O)=O)CC(=O)N1,-6.77
CCN1CCCCN(C(=O)c2ccccc2F)C(Cc2ccccc2)COc2ccccc2C1=O,-5.292
CC(C)CC1COc2ccc(Cl)cc2C(=O)NCCCCN(C(=O)c2ccccc2Cl)CC(=O)N1,-5.848
CN(CCc1ccccc1)C(=O)c1ccc2c(c1)Cc1cccc(c1)C(=O)NCCOCCO2,-5.391
CCn1cc(C(=O)N2CCOC3(CCCCc4ccccc4OCCN(C)C3=O)C2)cn1,-5.189
CN1CCOc2ccccc2C(=O)NC(C(=O)NCc2ccc(CN3CCOCC3)cc2)CC(=O)NCCCC1=O,-7.0
CCCCN1CCOc2ccccc2CCCCC2(CN(C(=O)c3cncc(C)c3)CCO2)C1=O,-5.32
CC(C)CC1COc2ccc(Cl)cc2C(=O)NCCCCN(C(=O)CCc2ccc(F)cc2)CC(=O)N1,-5.889
CC(C)Cc1cc(C(=O)N2CCCCOc3ccc(Cl)cc3C(=O)N(C)C(C)C(=O)N(C)CCCC2)on1,-5.478
CC(C)C1NC(=O)CC(C(=O)NCc2cccc(CN3CCCC3=O)c2)NC(=O)c2ccccc2OCCN(C)C1=O,-6.921
COc1ccc(C(=O)N2CCCCN(C)C(=O)c3cc(Cl)ccc3OCC2)cc1F,-5.342
CCOc1ccc(CCCNC(=O)C2CC(=O)NC(CC(C)C)C(=O)N(C)CCOc3ccccc3C(=O)N2)cc1OC,-6.523
CN1CCN(C(=O)CCc2ccc3c(c2)CN(Cc2ccccc2)CC(=O)NCCCCCO3)CC1,-5.365
Cc1cccc(C)c1OCC(=O)N1CCOC2(CCCCc3ccccc3OCCNC2=O)C1,-5.5
O=C1CN(Cc2ccccc2)Cc2c(cccc2C(=O)N2CCN(c3ccccn3)CC2)OCCCCCN1,-5.199
CN1CCCCN(S(=O)(=O)c2cccc(Cl)c2)C2CCCCC2Oc2ccccc2C1=O,-5.724
O=C1NCCCCN(C(=O)Cc2ccccc2F)CCCCOc2ccc(Cl)cc21,-5.112
CCc1noc(CCC(=O)N2CCCCOc3ccc(Cl)cc3C(=O)N(C)C(C)C(=O)N(C)CCCC2)n1,-5.635
CCCCN1CCOc2ccccc2CCCCC2(CN(C(=O)c3cc(C)no3)CCO2)C1=O,-5.863
CC(C)C1NC(=O)CC(C(=O)NCCOc2ccc(F)cc2)NC(=O)c2ccccc2OCCN(C)C1=O,-6.367
Cc1ccccc1OCC(=O)N1CCCCC2(CO)CCN(CC2)C(=O)c2ccccc2OCC1,-6.367
CCn1nc(C(=O)N2CCC3(CCCCCCOc4ccccc4C(=O)NC3)CC2)cc1C,-5.357
O=C1NCCOCCOc2ccc(C(=O)N3CCN(Cc4ccc(F)cc4)CC3)cc2Cc2cccc1c2,-5.489
COCC12CCCCN(C(=O)Cc3ccc(Cl)cc3)CCOc3ccccc3C(=O)N(CC1)CC2,-5.131
Cc1ccccc1CCNC(=O)C1CC(=O)NC(CC(C)C)C(=O)NCCOc2ccccc2C(=O)N1,-6.31
CC(O)C1NC(=O)c2ccccc2OCCN(C)C(=O)C(Cc2ccccc2)NC1=O,-6.824
CCn1c(=O)n(CC)c2cc(NC(=O)CN3CCC4(C/C=C/CNC(=O)c5ccccc5OCC(C(C)C)NC4=O)CC3)ccc21,-6.854
Cc1ccc2c(c1)OC(C)(C)CC2NC(=O)CCc1ccc2c(c1)CN(C(C)C)CC(=O)NCCCCCO2,-5.662
COCC12CCCCN(C(=O)CCc3ccccc3Cl)CCOc3ccccc3C(=O)N(CC1)CC2,-5.138
Cc1ccc(OCCNC(=O)C2CC(=O)NC(CC(C)C)C(=O)N(C)CCOc3ccccc3C(=O)N2)c(C)c1,-6.252
Cc1nn(C)c(C)c1CC(=O)N1CCCCNC(=O)c2cc(Cl)ccc2OCC(CC(C)C)NC(=O)C1,-6.602
COCc1cccc(C(=O)N2CCCCNC(=O)c3cc(Cl)ccc3OCC(C(C)C)NC(=O)C2)c1,-6.328
CCOc1cccc2c1OCCCCCNC(=O)CN(C(=O)Cc1c(C)noc1C)C2,-6.456
Cc1ccccc1CC(=O)N1CCCC2(CCCCCOc3ccccc3C(=O)NC2)C1,-5.399
CC(C)C1NC(=O)CC(C(=O)NCCCc2ccccc2)NC(=O)c2ccccc2OCCN(C)C1=O,-6.081
CC1CCC(N(Cc2cccnc2)C(=O)CCc2ccc3c(c2)CN(C(C)C)CC(=O)NCCCCCO3)CC1,-5.616
O=C(Cc1ccc2c(c1)CN(Cc1ccccc1)CC(=O)NCCCCCO2)NCc1nnc2n1CCCCC2,-6.222
CC(=O)N1CCC2(CCCCCc3ccccc3OCC(CC(C)C)NC2=O)CC1,-5.156
CCN1CCCCN(C(=O)c2ccccc2OC)C(Cc2ccccc2)COc2ccccc2C1=O,-5.114
CCCCN1CCOc2ccccc2CCCCC2(CN(C(=O)c3ccnn3C)CCO2)C1=O,-5.447
CCN1CCCCN(C(=O)c2ccc(C)cc2)C(Cc2ccccc2)COc2ccccc2C1=O,-5.36
CN1CC2(CCN(C(=O)c3ccc(N)nc3)CC2)CC(O)C(O)Cc2ccccc2OCC1=O,-7.699
CN1CCOc2ccccc2CCCCC2(CN(C(=O)Cc3ccc(F)cc3)CCO2)C1=O,-5.578
COCC1CCCN1C(=O)C1CC(=O)NC(CC(C)C)C(=O)NCCCOc2ccccc2C(=O)N1,-6.538
COCC12CCCCN(C(=O)CCC3CCCC3)CCOc3ccccc3C(=O)N(CC1)CC2,-5.593
CN1CCCN=C(Nc2cccc(Cl)c2)c2cccnc2Oc2ccccc2OCC1,-5.149
CCN1CCOc2ccccc2C(=O)NC(C(=O)NCCOc2ccc(C)cc2C)CC(=O)NC(Cc2ccccc2)C1=O,-6.009
CCC(C)C1NC(=O)CC(C(=O)NCc2cccc(CN3CCOCC3)c2)NC(=O)c2ccccc2OCCN(C)C1=O,-6.824
CCC(CC)NC(=O)CN1CCCCCCOc2ccccc2Oc2ncccc2C1,-5.699
O=C1NCCOCCOc2ccc(C(=O)Nc3cccc(Cl)c3)cc2Cc2cccc1c2,-6.0
CC(C)CCNC1=NCCCCCOc2ccccc2Oc2ncccc21,-5.866
CN1CCCCN(S(=O)(=O)c2ccc(Cl)s2)C2CCCCC2Oc2ccccc2C1=O,-5.644
O=C(CN1CCC2NC(=O)C(Cc3ccccc3)NC(=O)C3(C/C=C/CC2C1)CCOCC3)NCCOc1ccccc1,-6.155
O=C(CN1CCCCCCOc2ccccc2Oc2ncccc2C1)NCCCCCO,-5.357
O=C(Cc1ccc2c(c1)CN(Cc1ccccc1)CC(=O)NCCCCCO2)NCCN1CCCC1=O,-5.812
CC(C)CC1COc2ccc(Cl)cc2C(=O)NCCCCN(C(=O)CCc2ccnn2C)CC(=O)N1,-6.456
COc1cc(OC)cc(C(=O)N2CCCCNC(=O)c3cc(Cl)ccc3OCC(C(C)C)NC(=O)C2)c1,-6.328
CCN1CCOc2ccccc2CCCCC2(CN(C(=O)c3nccc4ccccc34)CCO2)C1=O,-5.529
COC1CN(C(=O)c2ccccc2F)CC(CC(C)C)N(C(=O)/C=C/c2ccccc2)CCCCOCC(O)C1O,-5.592
CCC(C)C1NC(=O)CC(C(=O)NCC(O)c2ccccc2)NC(=O)c2ccccc2OCC(CC(C)C)NC1=O,-6.602
Cc1cccc(OCCNC(=O)C2CC(=O)NC(CC(C)C)C(=O)N(C)CCOc3ccccc3C(=O)N2)c1C,-6.201
O=C1NCCCCN(C(=O)Cc2ccc(F)cc2)CCCCOc2ccc(Cl)cc21,-5.084
CC1(C)CCCN(CC(=O)N2CCCC2CO)Cc2cccnc2Oc2ccccc2OC1,-5.249
CC(C)CC1COc2ccc(Cl)cc2C(=O)NCCCCN(C(=O)CCc2cnn(C)c2)CC(=O)N1,-6.721
CCOc1cccc2c1OCCCCCNC(=O)CN(C(=O)CCc1c(C)nn(C)c1C)C2,-6.125
O=C(Cc1ccc(F)cc1)N1CCCCC2(CCN(Cc3ccccn3)CC2)C(=O)OCC(O)C(O)CC1,-6.237
Cc1ncncc1C(=O)N1CCOC2(CCCCc3ccccc3OCCNC2=O)C1,-6.167
CCCN1CCCCN(C(=O)c2cccc(F)c2)C2CCCCC2Oc2ccccc2C1=O,-5.394
CC1COc2ccccc2CCCCC2(CCN(C(=O)c3cccc4[nH]ccc34)CC2)C(=O)N1,-5.75
CC(C)CC(=O)N1CCCCN(C)C(=O)c2ccccc2OCC1Cc1ccccc1,-4.986
CCOc1cccc2c1OCCCCCNC(=O)CN(C(=O)COc1cccc(OC)c1)C2,-6.495
O=C1CC(C(=O)NCCOc2ccc(F)cc2)NC(=O)c2ccccc2OCCNC(=O)C(CO)N1,-7.523
O=C1CC(C(=O)NCCc2ccc(F)cc2)NC(=O)c2ccccc2OCC2CCCN2C(=O)C(Cc2ccc(O)cc2)N1,-6.959
CCCCN1CCOc2ccccc2CCCCC2(CN(C(=O)CCn3ccnc3)CCO2)C1=O,-5.215
CCN1CCOc2ccccc2CCCCC2(CN(C(=O)c3cccc4ncccc34)CCO2)C1=O,-5.365
COc1ccnc(C(=O)N2CCC3(CC2)CC(O)C(O)Cc2ccccc2OCC(=O)N(C)C3)c1,-7.222
CC(C)CC1NC(=O)CC(C(=O)NCCOc2ccc(-c3ccccc3)cc2)NC(=O)c2ccccc2OCCN(C)C1=O,-6.143
COCC1CCCN1C(=O)C1CCC(=O)NC(C(C)C)C(=O)NCCCOc2ccccc2C(=O)N1,-6.62
CCN1CCOc2ccccc2CCCCC2(CN(C(=O)c3nnn(-c4ccccc4F)c3C)CCO2)C1=O,-5.77
COCc1ccccc1CNC(=O)CN1CCCCCCOc2ccccc2Oc2ncccc2C1,-5.51
O=C1NCC2(CCCCCOc3ccccc31)CCCN(C(=O)c1cccc(Cl)c1)C2,-5.633
CC(C)N1CC(=O)NCCCCCOc2ccc(CCC(=O)N3CCCC(CO)C3)cc2C1,-6.125
CN1CCCCN(S(=O)(=O)c2ccc(F)c(F)c2)C(Cc2ccccc2)COc2ccccc2C1=O,-6.004
CCC(CC)C(=O)N1CCCCN(CC)C(=O)c2ccccc2OC2CCCCC21,-5.115
CCC(CC)C(=O)N1CCCCN(C)C(=O)c2ccccc2OCC1Cc1ccccc1,-5.171
COc1cccc(CCCNC(=O)C2CC(=O)NC(C(C)C)C(=O)N(C)CCOc3ccccc3C(=O)N2)c1,-6.553
CCN1CCCCN(C(=O)c2ccc(C)cc2)C2CCCCC2Oc2ccccc2C1=O,-5.097
CN1C(=O)C2(CC2)NC(=O)CCC(C(=O)NCc2cccc(CN3CCCC3=O)c2)NC(=O)c2ccccc2OCC1Cc1ccccc1,-6.523
O=C(c1cnc2ccccc2n1)N1CCCCC2(CO)CCN(CC2)C(=O)c2ccccc2OCC1,-6.42
COC1CN(C(=O)c2ccccc2F)CC(CC(C)C)N(C(=O)/C=C/c2cccc(Br)c2)CCCCOCC(O)C1O,-5.564
CC(C)C1COc2ccc(Cl)cc2C(=O)NCCCCN(C(=O)c2ccc(F)cc2F)CC(=O)N1,-5.971
CCCc1cc(C(=O)N2CCCCN(C)C(=O)c3cc(Cl)ccc3OCCC2)no1,-5.415
CC(C)N1CC(=O)NCCCCCOc2ccc(CCC(=O)N(Cc3ccc(N(C)C)cc3)CC3CCCO3)cc2C1,-5.745
Cc1n[nH]c(C)c1CCC(=O)N1CCC2(CCCCCOc3ccccc3C(=O)NC2)CC1,-5.921
Cc1onc(C(C)C)c1C(=O)N1CCC(N2CCCC(C)(C)COc3ccccc3Oc3ncccc3C2)CC1,-5.714
O=C1CN(Cc2ccccc2)Cc2cc(CCC(=O)NC(CO)Cc3cnc[nH]3)ccc2OCCCCCN1,-6.62
Cc1ncc(C(=O)N2CCOC3(CCCCc4ccccc4OCCNC3=O)C2)c(C)n1,-6.081
CC(=O)NCC(=O)N1CCCCNC(=O)c2cc(Cl)ccc2OCC(Cc2ccccc2)NC(=O)C1,-6.456
CC(C)CC1COc2ccccc2CCCCCC2(CCN(C(=O)c3ncccn3)CC2)C(=O)N1,-5.159
O=C1CC(C(=O)NCCc2ccc(F)cc2)NC(=O)c2ccccc2OCCNC(=O)C(CO)N1,-7.222
CCN(CCO)C(=O)CCc1ccc2c(c1)CN(C(C)C)CC(=O)NCCCCCO2,-5.879
O=C(Cc1ccc2c(c1)CN(Cc1ccccc1)CC(=O)NCCCCCO2)NCC1CCOCC1,-5.514
CC(C)CC1COc2ccccc2CCCCCC2(CCN(C(=O)Cn3cccn3)CC2)C(=O)N1,-5.169
O=C(CN1CCCCCCOc2ccccc2Oc2ncccc2C1)N1CCN(c2ccccn2)CC1,-5.339
CCN1CCOc2ccccc2CCCCC2(CN(C(=O)c3cnn4cccnc34)CCO2)C1=O,-5.686
CC1NC(=O)CC(C(=O)NCCOc2ccc(Cl)cc2)NC(=O)c2ccccc2OCC(Cc2ccccc2)N(C)C1=O,-6.432
CCC(C)C1NC(=O)CC(C(=O)NCC(O)c2ccccc2)NC(=O)c2ccccc2OCCNC1=O,-7.222
CCOc1cccc2c1OCCCCCNC(=O)CN(C(=O)CCOC)C2,-6.108
CC(C)CC1NC(=O)CC(C(=O)NCCc2ccc3c(c2)OCCO3)NC(=O)c2ccccc2OCCCNC1=O,-6.959
CC(C)Cc1cc(C(=O)N2CCC(N3CCCC(C)(C)COc4ccccc4Oc4ncccc4C3)CC2)n(C)n1,-5.706
CC(O)C1NC(=O)CC(C(=O)NCCc2ccc3c(c2)OCCO3)NC(=O)c2ccccc2OCCCNC1=O,-7.222
CC(C)N1CC(=O)NCCCCCOc2ccc(CCC(=O)N(CCCN3CCOCC3)Cc3ccccc3F)cc2C1,-5.386
CN1CC2(CCN(C(=O)Cc3noc4ccccc34)CC2)CC(O)C(O)Cc2ccccc2OCC1=O,-7.097
O=C(CN1CCOC2(CCCCc3ccccc3OCCNC2=O)C1)N1CCN(C(=O)c2ccco2)CC1,-6.638
CC(C)Cc1cc(C(=O)N2CCCC3(CCCCCOc4ccccc4C(=O)NC3)C2)n(C)n1,-5.327
CCn1cc(C(=O)N2CCOC3(CCCCc4ccccc4OCCNC3=O)C2)c(C)n1,-6.009
CN1CCOc2ccccc2C(=O)NC(C(=O)NCCCc2ccccc2)CCC(=O)N(C)CC1=O,-6.62
CCOc1cccc(C(=O)N2CCC3(CCCCc4ccccc4OCC(=O)N(C)C3)CC2)c1,-5.179
CNC(=O)C12CCCCN(C(=O)c3n[nH]c4ccccc34)CCOc3ccccc3C(=O)N(CC1)CC2,-6.721
CN1CCOc2ccccc2CCCCC2(CN(C(=O)COc3ccc(F)cc3)CCO2)C1=O,-5.86
CCOc1cccc(C(=O)N2CCCCC3(CCN(Cc4ccccn4)CC3)C(=O)OCC(O)C(O)CC2)c1,-6.292
CCc1noc(CCC(=O)N2CCCCOc3ccc(Cl)cc3C(=O)N(C)C(Cc3ccccc3)C(=O)N(C)CCCC2)n1,-5.302
CCN1CCCCN(C(=O)c2cccc(Cl)c2)C2CCCCC2Oc2ccccc2C1=O,-5.21
CCn1nc(C(C)C)cc1C(=O)N1CCC2(CCCCCOc3ccccc3C(=O)NC2)CC1,-5.184
CC1NC(=O)CC(C(=O)NCc2cccc(CN3CCCC3=O)c2)NC(=O)c2ccccc2OCC2CCCN2C1=O,-6.553
CN1CC(=O)NCCCOc2ccccc2C(=O)NC(C(=O)NCc2cccc(CN3CCOCC3)c2)CCC(=O)NC(Cc2ccccc2)COc2ccccc2C1=O,-6.921
CN1CCOc2ccccc2C(=O)NC(C(=O)NCc2ccc(CN3CCOCC3)cc2)CCC(=O)N2CCCC2C1=O,-7.097
CCCN1CCCCN(C(=O)CC(C)C)C2CCCCC2Oc2ccccc2C1=O,-5.364
CCN1CCOc2ccccc2CCCCC2(CN(C(=O)c3cccc4cccnc34)CCO2)C1=O,-5.295
O=C1COc2ccccc2C/C=C/CC2C(CCCN2C(=O)Cc2c(F)cccc2Cl)N1,-5.654
CCCCN1CCOc2ccccc2CCCCC2(CN(C(=O)CCn3nccc3C)CCO2)C1=O,-5.509
c1ccc(CC2CCN(/C3=N/CCCCCOc4ccccc4Oc4ncccc43)CC2)cc1,-5.188
CC(C)N1CC(=O)NCCCCCOc2ccc(CCC(=O)NC(CO)Cc3cnc[nH]3)cc2C1,-6.62
CCc1nc2ccccc2n1CC(=O)N1CCOC2(C/C=C/Cc3ccccc3OCCNC2=O)C1,-6.097
CN1CCCCN(C(=O)c2ccc(F)cc2F)C(Cc2ccccc2)COc2ccccc2C1=O,-5.116
Cc1nc2ccccn2c1CC(=O)N1CCCCNC(=O)c2cc(Cl)ccc2OCC(CC(C)C)NC(=O)C1,-6.187
CC(C)CC1COc2ccc(Cl)cc2C(=O)NCCCCN(C(=O)Cc2cccnc2)CC(=O)N1,-6.398
O=C1CN(Cc2ccccc2)Cc2c(cccc2C(=O)NC2CCOCC2)OCCCCCN1,-5.921
CCCCN1CCOc2ccccc2CCCCC2(CN(C(=O)CCn3ccnc3C(C)C)CCO2)C1=O,-5.087
CC(C)CC1NC(=O)C(C(C)O)NC(=O)c2ccccc2OCCN(C)C1=O,-6.824
CC(C)C1COc2ccc(Cl)cc2C(=O)NCCCCN(C(=O)/C=C/c2ccccc2)CC(=O)N1,-5.65
Cc1ccc(CN=C2NCCCCCOc3ccccc3Oc3ncccc32)cc1,-5.372
O=C(c1cc(F)cc(F)c1)N1CCCCC2(CO)CCN(CC2)C(=O)c2ccccc2OCC1,-6.432
CCCCN1CCOc2ccccc2CCCCC2(CN(C(=O)CCc3nc(CC)no3)CCO2)C1=O,-5.955
CCN1CCOc2ccccc2C(=O)NC(C(=O)NCCOc2ccc(Cl)cc2)CC(=O)NC(Cc2ccccc2)C1=O,-6.292
CCN1CCOc2ccccc2CCCCC2(CN(C(=O)Cc3c(C)nc4ccccn34)CCO2)C1=O,-5.536
CN1CC2(CCN(C(=O)CCOc3ccc(F)cc3)CC2)CC(O)C(O)Cc2ccccc2OCC1=O,-6.585
COc1ccc(OCCCNC(=O)C2CC(=O)NC(CC(C)C)C(=O)N(C)CCOc3ccccc3C(=O)N2)cc1,-6.222
Cn1c(=O)c2c(ncn2CC(=O)N2CCCC3NC(=O)COc4ccccc4C/C=C/CC32)n(C)c1=O,-6.569
CCOCCNC(=O)C1CC(=O)NC(C(C)O)C(=O)N(C)CCOc2ccccc2C(=O)N1,-7.0
COC1CN(C(C)=O)CC(CC(C)C)N(C(=O)/C=C/c2ccc3c(c2)OCO3)CCCCOCC(O)C1O,-6.357
CCOc1cccc2c1OCCCCCNC(=O)CN(C(=O)Cc1ccc(Cl)cc1)C2,-5.578
CC(C)c1nccn1CCCNC(=O)Cc1ccc2c(c1)CN(Cc1ccccc1)CC(=O)NCCCCCO2,-6.081
CCCCN1CCOc2ccccc2CCCCC2(CN(C(=O)CNC(=O)OC(C)(C)C)CCO2)C1=O,-5.963
CC(C)CC1NC(=O)CC(C(=O)NCCCn2ccc(C(F)(F)F)n2)NC(=O)c2ccccc2OCCN(C)C1=O,-7.222
CCN1CCCCN(C(=O)c2ccccc2Br)C2CCCCC2Oc2ccccc2C1=O,-5.095
CC(C)C1C(=O)N(C)CCCCN(C(=O)c2cc[nH]n2)CCCCOc2ccc(Cl)cc2C(=O)N1C,-6.638
CCc1cc(C(=O)N2CCOC3(CCCCc4ccccc4OCCN(CC)C3=O)C2)on1,-5.554
CC(C)C1COc2ccc(Cl)cc2C(=O)NCCCCN(C(=O)c2cc(F)cc(F)c2)CC(=O)N1,-6.215
CCN1CCOc2ccccc2CCCCC2(CN(C(=O)c3nc(C)n(-c4ccccc4)n3)CCO2)C1=O,-5.845
CCCCN1CCOc2ccccc2CCCCC2(CN(C(=O)CCOC)CCO2)C1=O,-5.231
CN(C)CC(=O)N1CCC2(CCCCCOc3ccccc3C(=O)NC2)CC1,-6.046
CCCCCC(=O)N1CCCCN(C)C(=O)c2ccccc2OC2CCCCC21,-5.327
Cc1nn(C)cc1C(=O)N1CCOC2(CCCCc3ccccc3OCCNC2=O)C1,-6.328
O=C(Cc1ccc2c(c1)CN(Cc1ccccc1)CC(=O)NCCCCCO2)NCc1cccc(N2CCCC2=O)c1,-5.987
O=C1NCCOCCOc2ccc(C(=O)N(CCO)Cc3ccccc3)cc2Cc2cccc1c2,-7.097
CCOc1ccc(CCCNC(=O)C2CC(=O)NC(C(C)C)C(=O)N(C)CCOc3ccccc3C(=O)N2)cc1OC,-6.62
CC(C)N1CC(=O)NCCCCCOc2ccc(CCC(=O)N(Cc3cccnc3)Cc3c(F)cccc3Cl)cc2C1,-6.222
O=C(CN1CCCCCCOc2ccccc2Oc2ncccc2C1)NCCOc1ccccc1,-5.914
CCN1CCCCN(C(=O)c2cc(C)on2)C(C(C)C)COc2ccccc2C1=O,-5.658
Cc1ocnc1C(=O)N1CCCCNC(=O)c2cc(Cl)ccc2OCC(C(C)C)NC(=O)C1,-6.553
CC(C)N1CC(=O)NCCCCCOc2ccc(CCC(=O)N(C)Cc3ccccc3)cc2C1,-5.208
CC(C)CC1COc2ccc(Cl)cc2C(=O)NCCCCN(C(=O)CNC(=O)OC(C)(C)C)CC(=O)N1,-6.409
Cc1ccncc1NC(=O)CCc1ccc2c(c1)CN(C(C)C)CC(=O)NCCCCCO2,-5.554
CC(C)N1CCN(C(=O)c2cccc3c2CN(Cc2ccccc2)CC(=O)NCCCCCO3)CC1,-5.062
COc1ccccc1C(=O)N1CCCCNC(=O)c2cc(Cl)ccc2OCC(CC(C)C)NC(=O)C1,-5.66
COC1CN(C(C)=O)CCCN(CC(=O)Nc2cccc(C(C)=O)c2)CCCCOCC(O)C1O,-7.301
CCN1CCOc2ccccc2CCCCC2(CN(C(=O)c3n[nH]c4ccccc34)CCO2)C1=O,-5.777
O=C(Cc1ccc2c(c1)CN(Cc1ccccc1)CC(=O)NCCCCCO2)NCCCCn1ccnc1,-6.167
COc1ccc(NC(C)=O)cc1CNC(=O)CN1CCC2(C/C=C/COc3ccc(Cl)cc3C(=O)NC(CC(C)C)C(=O)NC2)CC1,-7.097
COc1ccc(C(=O)N2CCCCNC(=O)c3cc(Cl)ccc3OCC(C(C)C)NC(=O)C2)cc1F,-6.638
Cc1nc(CC(=O)N2CCC3(CCCCCOc4ccccc4C(=O)NC3)CC2)cs1,-5.113
CC1NC(=O)CC(C(=O)NCc2cccc(CN3CCCC3=O)c2)NC(=O)c2ccccc2OCCCNC1=O,-6.886
O=C(CN1CCOC2(CCCCc3ccccc3OCCNC2=O)C1)Nc1nncs1,-6.041
CCN1CCOc2ccccc2CCCCC2(CN(C(=O)c3c(C(C)C)noc3C)CCO2)C1=O,-5.682
CC1(C)CCCN(C2CCN(C(=O)C3CCOCC3)CC2)Cc2cccnc2Oc2ccccc2OC1,-5.184
COc1ccc(C(=O)N2CCC(N3CCCC(C)(C)COc4ccccc4Oc4ncccc4C3)CC2)cn1,-5.754
CCN1CCOc2ccccc2CCCCC2(CN(C(=O)c3ccccc3OC)CCO2)C1=O,-5.425
CC(C)N1CC(=O)NCCCCCOc2ccc(CCC(=O)N3CCC(COCc4ccccc4)CC3)cc2C1,-5.545
CC(C)Cc1cc(C(=O)N2CCC3(CCCCCOc4ccccc4C(=O)NC3)CC2)n(C)n1,-5.382
CN(CC(O)CO)C(=O)CN1CCCCCCOc2ccccc2Oc2ncccc2C1,-6.398
CN1CCOc2ccccc2CCCCC2(CN(C(=O)Cc3ccccc3)CCO2)C1=O,-5.58
CCN1CCOc2ccccc2CCCCC2(CN(C(=O)CCn3cnc4ccccc43)CCO2)C1=O,-5.595
CC(C)C1NC(=O)CC(C(=O)NCc2ccc(CN3CCCC3=O)cc2)NC(=O)c2ccccc2OCCN(C)C1=O,-6.959
CC1(C)CCCN(C2CCN(C(=O)c3cnc(C4CC4)nc3)CC2)Cc2cccnc2Oc2ccccc2OC1,-5.801
CN1CCOc2ccccc2CCCCC2(CN(C(=O)CN3CCOCC3)CCO2)C1=O,-5.348
CN1CCCCN(C(=O)c2cccc(Cl)c2)C(Cc2ccccc2)COc2ccccc2C1=O,-5.273
O=C1CN(Cc2ccccc2)C(=O)CCC(C(=O)NCC2(c3cccc(F)c3)CCOCC2)NC(=O)c2ccccc2OCCN1,-6.432
CN1CCCCN(C(=O)c2cc(C(C)(C)C)n[nH]2)CCCOc2ccc(Cl)cc2C1=O,-5.759
Cc1nc(C(=O)N2CCOC3(CCCCc4ccccc4OCCNC3=O)C2)nn1-c1ccccc1,-6.569
CCN1CCCCN(C(=O)c2ccccc2Br)C(Cc2ccccc2)COc2ccccc2C1=O,-5.406
CCCN1CCCCN(S(=O)(=O)c2ccc(F)cc2)C2CCCCC2Oc2ccccc2C1=O,-6.027
CC(=O)NCC(=O)N1CCOC2(CCCCc3ccccc3OCCNC2=O)C1,-6.62
O=C1CC(C(=O)NCCOc2ccc(Cl)cc2)NC(=O)c2ccccc2OCC2CCCN2C(=O)C(Cc2ccccc2)N1,-6.62
COC1CN(C(C)=O)CCCN(CC(=O)N2CCCc3ccccc32)CCCCOCC(O)C1O,-6.569
CCOc1ccc(CCCNC(=O)C2CC(=O)NC(CO)C(=O)NCCOc3ccccc3C(=O)N2)cc1OC,-7.155
CN1C(=O)C2(CC2)NC(=O)CCC(C(=O)NCCN2CCCC2=O)NC(=O)c2ccccc2OCC1Cc1ccccc1,-6.796
COCC(=O)N1CC(OC)C(O)C(O)COCCCCN(C(=O)/C=C/c2ccccc2)C(CC(C)C)C1,-6.409
CCCn1nccc1C(=O)N1CCC(N2CCCC(C)(C)COc3ccccc3Oc3ncccc3C2)CC1,-5.963
CC1(C)CCCN(CC(=O)NCc2cccc(N3CCCC3=O)c2)Cc2cccnc2Oc2ccccc2OC1,-5.231
Cc1cccc(CCNC(=O)C2CC(=O)NC(CC(C)C)C(=O)NCCOc3ccccc3C(=O)N2)c1,-6.658
CC(C)CC1COc2ccc(Cl)cc2C(=O)NCCCCN(C(=O)Cc2cccc(Cl)c2)CC(=O)N1,-6.222
O=C(CCc1ccccc1Cl)N1CCCCC2(CO)CCN(CC2)C(=O)c2ccccc2OCC1,-5.81
CC(C)Cc1cc(C(=O)N2CCCCOc3ccc(Cl)cc3C(=O)N(C)C(C(C)C)C(=O)N(C)CCCC2)on1,-5.896
CCCN1CCCCN(C(=O)c2ccccc2Cl)C2CCCCC2Oc2ccccc2C1=O,-5.305
COc1cccc(C(=O)N2CCCCNC(=O)c3cc(Cl)ccc3OCC(C(C)C)NC(=O)C2)c1,-6.108
CC(C)C1NC(=O)CC(C(=O)NCC2(c3cccc(F)c3)CCOCC2)NC(=O)c2ccccc2OCCN(C)C1=O,-6.699
O=C1NCCCOc2ccccc2C(=O)NC(C(=O)NCc2ccc(CN3CCOCC3)cc2)CCC(=O)N2CCCC2COc2ccccc21,-6.959
Cn1c(=O)n(C)c2cc(CCC(=O)N3CCCC4NC(=O)COc5ccccc5C/C=C/CC43)ccc21,-5.688
Cc1cncc(NC(=O)CN2CCCCCCOc3ccccc3Oc3ncccc3C2)c1,-5.936
CCOc1cccc2c1OCCCCCNC(=O)CN(C(=O)CN1CCCCC1)C2,-5.857
CCOCCNC(=O)C1CC(=O)NC(CC(C)C)C(=O)N(C)CCOc2ccccc2C(=O)N1,-6.77
O=C(C1=NN(c2ccccc2)C(=O)C1)N1CCOC2(CCCCc3ccccc3OCCN(Cc3ccccc3)C2=O)C1,-5.562
COCC12CCCCN(C(=O)c3cncnc3C)CCOc3ccccc3C(=O)N(CC1)CC2,-6.097
CCN1CCCCN(C(=O)c2cc(C)on2)C(Cc2ccccc2)COc2ccccc2C1=O,-5.202
CC1COc2ccccc2CCCCC2(CCN(C(=O)C3Cc4ccccc4C3)CC2)C(=O)N1,-5.506
CCCN1CCCCN(C(=O)C(CC)CC)C2CCCCC2Oc2ccccc2C1=O,-5.32
CC(C)CC1NC(=O)CC(C(=O)N2CCCC2CO)NC(=O)c2ccccc2OCCN(C)C1=O,-6.678
O=C(c1cncnc1)N1CCOC2(CCCCc3ccccc3OCCNC2=O)C1,-6.161
CC(C)C(CO)NC(=O)c1ccc2c(c1)Cc1cccc(c1)CN(C(C)C)CCOCCO2,-5.717
CCN1CCOc2ccccc2CCCCC2(CN(C(=O)c3ccc4ccccc4n3)CCO2)C1=O,-5.81
CN1CCCCN(C(=O)c2cccnc2Cl)C(Cc2ccccc2)COc2ccccc2C1=O,-4.996
CC(C)CC1NC(=O)CC(C(=O)NCC2(c3cccc(F)c3)CCOCC2)NC(=O)c2ccccc2OCCCNC1=O,-6.523
CC(C)CC1COc2ccc(Cl)cc2C(=O)NCCCCN(C(=O)c2cccc3cccnc23)CC(=O)N1,-5.866
CN1CCCCN(C(=O)c2c(F)cccc2F)C(Cc2ccccc2)COc2ccccc2C1=O,-5.208
Cc1onc(C(C)C)c1C(=O)N1CCCCNC(=O)c2cc(Cl)ccc2OCC(CC(C)C)NC(=O)C1,-5.633
CN1CCOc2ccccc2C(=O)NC(C(=O)NCCOCc2ccccc2Cl)CC(=O)NC(Cc2ccccc2)C1=O,-6.319
COC1CN(C(C)=O)CCCN(C(=O)c2ccc(C)[nH]c2=O)CCCCOCC(O)C1O,-7.222
Cc1cc(OCCNC(=O)C2CC(=O)NC(CC(C)C)C(=O)N(C)CCOc3ccccc3C(=O)N2)ccc1Cl,-6.149
COc1ccc(/C=C/C(=O)N2CCCCOCC(O)C(O)C(OC)CN(C(=O)c3ccccc3F)CC2CC(C)C)cc1OC,-6.602
CCCN1CCCCN(C(=O)c2ccc(C)cc2)C2CCCCC2Oc2ccccc2C1=O,-5.237
CC(C)N1CC(=O)NCCCCCOc2ccc(CCC(=O)N(CCc3ccccc3)C3CCS(=O)(=O)C3)cc2C1,-5.275
Cc1ccc(C(=O)N2CCCCNC(=O)c3cc(Cl)ccc3OCC(Cc3ccccc3)NC(=O)C2)cc1F,-6.208
CC(C)CC1NC(=O)CCC(C(=O)NC(CO)CO)NC(=O)c2ccccc2OCC(C(C)C)NC(=O)C(C(C)C)NC1=O,-7.301
COCc1cccc(C(=O)N2CCOC3(CCCCc4ccccc4OCCN(C)C3=O)C2)c1,-5.157
Cc1cnc(C(=O)N2CCCCCCOc3ccccc3Oc3ncccc3C2)cn1,-5.407
CCN1CCOc2ccccc2CCCCC2(CN(C(=O)CCN3CCCC3=O)CCO2)C1=O,-5.857
CC(C)(C)OC(=O)CN1CCCCCCOc2ccccc2Oc2ncccc2C1,-5.932
Cc1cnc2[nH]c(C3CCCN(C(=O)CCc4ccc5c(c4)CN(C(C)C)CC(=O)NCCCCCO5)C3)cc2c1,-5.793
O=C1NCCCCN(C(=O)c2cnccn2)CCCCOc2ccc(Cl)cc21,-5.824
CCCCN1CCOc2ccccc2C(=O)NC(C(=O)NC2CCCOC2)CC(=O)NC(Cc2ccccc2)C1=O,-6.481
O=C(NCC(=O)N1CCOC2(CCCCc3ccccc3OCCNC2=O)C1)c1ccccc1,-6.237
CN(Cc1ccccc1)C(=O)c1cccc2c1CN(Cc1ccccc1)CC(=O)NCCCCCO2,-5.194
CCN1CCCCN(C(=O)c2ccccc2Cl)C(Cc2ccccc2)COc2ccccc2C1=O,-5.519
CCCCN1CCOc2ccccc2CCCCC2(CN(C(=O)c3cccc(C)n3)CCO2)C1=O,-5.41
COCC1CCCN1C(=O)C1CCC(=O)N(C)CC(=O)N(C)CCOc2ccccc2C(=O)N1,-6.678
CN1CCOc2ccccc2CCCCC2(CN(C(=O)c3cccc(F)c3)CCO2)C1=O,-5.502
CCc1noc(CCC(=O)N2CCCCN(C)C(=O)c3cc(Cl)ccc3OCCC2)n1,-5.379
CN1CCOc2ccccc2C(=O)NC(C(=O)NCCOc2ccc(Cl)cc2)CC(=O)NC(CC(N)=O)C1=O,-7.301
CN1CCOc2ccccc2CCCCC2(CN(C(=O)c3ccccc3)CCO2)C1=O,-5.228
Cc1cc2nc(C)n(CC(=O)N3CCOC4(C/C=C/Cc5ccccc5OCCNC4=O)C3)c2cc1C,-6.229
CC(C)CC1NC(=O)CCC(C(=O)N2CC(C)OC(C)C2)NC(=O)c2ccccc2OCC(C(C)C)NC(=O)C(C(C)C)NC1=O,-6.886
CCN1CCOc2ccccc2C(=O)NC(C(=O)NCCOc2cccc(C)c2C)CC(=O)NC(CC(C)C)C1=O,-5.932
O=C(CN1CCCCCCOc2ccccc2Oc2ncccc2C1)NCCN1CCCC1=O,-5.255
CN1CCCCN(C(=O)C(C)(C)C)C(Cc2ccccc2)COc2ccccc2C1=O,-5.076
O=C1NCC2(CCCCCOc3ccccc31)CCCN(C(=O)c1cncnc1)C2,-5.815
CCN1CCOc2ccccc2CCCCC2(CN(C(=O)c3ccccc3)CCO2)C1=O,-5.476
CCOc1ccc(CCCNC(=O)C2CC(=O)NC(Cc3ccccc3)C(=O)N(C)CCOc3ccccc3C(=O)N2)cc1OC,-6.796
CC(C)CNC(=O)CN1CCCCCCOc2ccccc2Oc2ncccc2C1,-5.301
Cc1csc(CCCNC(=O)C2CC(=O)NC(CC(C)C)C(=O)N(C)CCOc3ccccc3C(=O)N2)n1,-7.301
CCN1CCCCN(C(=O)c2ccc(F)cc2F)C(Cc2ccccc2)COc2ccccc2C1=O,-5.503
CC(C)Cc1nocc1CNC(=O)CN1CCCCCCOc2ccccc2Oc2ncccc2C1,-6.114
CC(C)N1CCOc2ccccc2CCCCC2(CN(C(=O)CN3Cc4ccccc4C3=O)CCO2)C1=O,-5.754
CC1COc2ccc(Cl)cc2C(=O)NCCCCN(C(=O)Cc2c(F)cccc2Cl)CC(=O)N1,-5.827
O=C1CN(Cc2ccccc2)Cc2cc(CCC(=O)NC(CO)Cc3ccccc3)ccc2OCCCCCN1,-6.071
O=C1CN(Cc2ccccc2)Cc2cc(CCC(=O)N3CCCC3CO)ccc2OCCCCCN1,-5.519
COc1cccc(C(=O)N2CCCC3(CCCCCOc4ccccc4C(=O)NC3)C2)c1,-5.358
COCC12CCCCN(C(=O)c3cnn(C)c3)CCOc3ccccc3C(=O)N(CC1)CC2,-6.377
CCN1CCCCN(C(=O)c2ccc(Cl)cc2)C2CCCCC2Oc2ccccc2C1=O,-5.048
CCN1CCOc2ccccc2CCCCC2(CN(C(=O)Cn3nnc4ccccc43)CCO2)C1=O,-6.194
O=C1CN(C(=O)CN2CCCCCCOc3ccccc3Oc3ncccc3C2)CCN1,-6.357
Cn1nccc1C(=O)N1CCCCNC(=O)c2cc(Cl)ccc2OCCCC1,-5.86
CCOCCCNC(=O)C1CC(=O)N(C)CCCCCCCCCCCOc2ccccc2C(=O)N1,-6.125
CC(=O)N1CCC(c2cnc(CCC(=O)N3CCC4(CCCCc5ccccc5OCCCC(=O)NC4)CC3)cn2)CC1,-6.456
O=C1c2ccccc2OCCN(C(=O)C2CCCCC2)CCCCC2(CO)CCN1CC2,-6.26
CCCn1cc(Cl)c(C(=O)N2CCCCNC(=O)c3cc(Cl)ccc3OCC(Cc3ccccc3)NC(=O)C2)n1,-5.83
CCCCC(=O)N1CCCCN(C)C(=O)c2ccccc2OCC1Cc1ccccc1,-5.007
CCCCN1CCOc2ccccc2CCCCC2(CN(C(=O)CCc3c(C)n[nH]c3C)CCO2)C1=O,-5.491
COCCC(=O)N1CCCCNC(=O)c2cc(Cl)ccc2OCCCC1,-5.81
Cc1nc(C)c(CC(=O)N2CCOC3(CCCCc4ccccc4OCCNC3=O)C2)c(O)n1,-6.796
CC(C)CC1NC(=O)CCC(C(=O)NCCOc2ccc(F)cc2)NC(=O)c2ccccc2OCC(C(C)C)NC1=O,-6.745
COCC1CCCN1C(=O)C1CCC(=O)NC(CC(C)C)C(=O)N(C)C(Cc2ccccc2)COc2ccccc2C(=O)N1,-6.328
CCN1CCN(C(=O)C2CC(=O)NC(C(C)C)C(=O)NCCOc3ccccc3C(=O)N2)CC1,-6.62
CC1COc2ccccc2C(=O)NC(C(=O)NCc2ccc(CN3CCOCC3)cc2)CC(=O)N(Cc2ccccc2)CC(=O)NC(C(C)C)C(=O)N1,-7.301
CCOc1cccc2c1OCCCCCNC(=O)CN(C(=O)c1cn(C)c3ccccc13)C2,-5.26
CCCCN1CCOc2ccccc2CCCCC2(CN(C(=O)CCn3ccccc3=O)CCO2)C1=O,-5.302
O=C1NCCOCCOc2ccc(C(=O)N3CCN(c4ccccn4)CC3)cc2Cc2cccc1c2,-6.056
COC1CN(C(=O)c2ccccc2F)CC(CC(C)C)N(C(=O)/C=C/c2cccc(C)c2)CCCCOCC(O)C1O,-5.425
CC(O)C1NC(=O)CC(C(=O)NCCCc2ccccc2)NC(=O)c2ccccc2OCC2CCCN2C1=O,-6.796
O=C1NC2CCN(C(=O)COc3ccccc3)CC2C/C=C/CC2(CCOCC2)C(=O)NC1Cc1ccccc1,-6.377
COCC(=O)N1CC(OC)C(O)C(O)COCCCCN(C(=O)/C=C/c2ccccc2F)C(CC(C)C)C1,-6.222
Cc1ncsc1C(=O)N1CCC2(CCCCCCOc3ccccc3C(=O)NC2)CC1,-5.141
Nc1nccnc1C(=O)N1CCCCC2(CO)CCN(CC2)C(=O)c2ccccc2OCC1,-7.523
Cc1ccccc1C(=O)N1CCOC2(CCCCc3ccccc3OCCN(C)C2=O)C1,-5.307
CC(C)CC1NC(=O)CC(C(=O)NCCOc2ccc(F)cc2)NC(=O)c2ccccc2OCCCNC1=O,-7.301
CC(C)N(Cc1ccccc1)C(=O)CN1CCOC2(C/C=C/Cc3ccccc3OCCNC2=O)C1,-5.6
O=C1CN(Cc2ccccc2)Cc2c(cccc2C(=O)N2CCCC(CO)C2)OCCCCCN1,-6.538
COCC12CCCCN(C(=O)c3ccc(C)nc3)CCOc3ccccc3C(=O)N(CC1)CC2,-5.75
Clc1ccc(CCN=C2NCCCCCOc3ccccc3Oc3ncccc32)cc1,-5.292
CN1CCCCCCCCCCCOc2ccccc2C(=O)NC(C(=O)N2CCOCC2)CC1=O,-5.67
O=C(CN1CCCCCCOc2ccccc2Oc2ncccc2C1)NC1CCOCC1,-5.69
O=C1NCC2(CCCCCOc3ccccc31)CCCN(C(=O)c1ccc(F)c(Cl)c1)C2,-5.521
CN1CCCCN(C(=O)C2CCOCC2)CCCCOc2ccc(Cl)cc2C(=O)N(C)C(Cc2ccccc2)C1=O,-5.18
O=C(CN1CCOC2(CCCCc3ccccc3OCCNC2=O)C1)N1CCC(Cc2ccccc2)CC1,-5.86
CCC(C)C1NC(=O)CC(C(=O)NCC2(c3cccc(F)c3)CCOCC2)NC(=O)c2ccccc2OCCN(C)C1=O,-6.456
COCc1cccc(C(=O)N2CCCC3(CCCCCOc4ccccc4C(=O)NC3)C2)c1,-5.274
CCC(CC)C(=O)N1CCCCN(CC)C(=O)c2ccccc2OCC1Cc1ccccc1,-5.523
CCOc1cccc2c1OCCCCCNC(=O)CN(C(=O)CCc1ccc(OC)c(OC)c1)C2,-5.602
COc1cccc(C(=O)N2CCC(N3CCCC(C)(C)COc4ccccc4Oc4ncccc4C3)CC2)n1,-5.914
COC1CN(C(C)=O)CC(CC(C)C)N(C(=O)/C=C/c2ccc(F)cc2Cl)CCCCOCC(O)C1O,-5.499
COCC12CCCCN(C(=O)Cc3csc(C)n3)CCOc3ccccc3C(=O)N(CC1)CC2,-5.695
CCn1cc(C(=O)N2CCC3(CCCCCCOc4ccccc4C(=O)NC3)CC2)cn1,-5.269
O=C1NCC2(CCCCCOc3ccccc31)CCCN(C(=O)Cc1ccc(F)cc1)C2,-5.513
O=C(Cc1c[nH]c2ccccc12)N1CCCCC2(CCN(Cc3ccccn3)CC2)C(=O)OCC(O)C(O)CC1,-6.77
CCN1CCOc2ccccc2CCCCC2(CN(C(=O)c3cccc(COC)c3)CCO2)C1=O,-5.382
Cc1ccnn1CCC(=O)N1CCC2(CCCCCCOc3ccccc3C(=O)NC2)CC1,-5.166
O=C(Cc1ccccc1Cl)N1CCCCC2(CO)CCN(CC2)C(=O)c2ccccc2OCC1,-6.06
CC1COc2ccccc2CCCCC2(CCN(C(=O)c3n[nH]c4ccccc34)CC2)C(=O)N1,-5.947
CCOc1cccc2c1OCCCCCNC(=O)CN(C(=O)C1CC1)C2,-5.484
Cc1cccc(C(=O)N2CCCCNC(=O)c3cc(Cl)ccc3OCC(CC(C)C)NC(=O)C2)n1,-5.971
CN(Cc1ccccc1)/C1=N/CCOCCOc2ccccc2Oc2ncccc21,-5.676
CC(C)CC1COc2ccccc2C(=O)NCCCOc2ccccc2C(=O)NC(C(=O)NCc2ccc(CN3CCOCC3)cc2)CCC(=O)N1,-6.77
CCN1CCCCN(C(=O)c2c(-c3ccccc3Cl)noc2C)C(Cc2ccccc2)COc2ccccc2C1=O,-5.328
Cc1cc(CCC(=O)N2CCC3(CCCCc4ccccc4OCCCC(=O)NC3)CC2)nc(C2CCCN(S(C)(=O)=O)C2)n1,-6.357
COc1ccc(OC)c(S(=O)(=O)N2CCCCN(C)C(=O)c3ccccc3OCC2Cc2ccccc2)c1,-5.396
O=C(CN1CCCCCCOc2ccccc2Oc2ncccc2C1)N1CCOCC1,-6.086
CN1CCCCN(C(=O)c2ccc(F)cc2)CCCCOc2ccc(Cl)cc2C(=O)N(C)C(Cc2ccccc2)C1=O,-6.032
COCC12CCCCN(C(=O)CCc3ccccc3)CCOc3ccccc3C(=O)N(CC1)CC2,-5.018
CCCCC(=O)N1CCCCN(CC)C(=O)c2ccccc2OCC1Cc1ccccc1,-5.313
CN1CCOc2ccccc2C(=O)NC(C(=O)NCc2ccc(CN3CCCC3=O)cc2)CCC(=O)N2CCCC2C1=O,-6.276
CNC(=O)C12CCCCN(C(=O)c3ccnc(O)c3)CCOc3ccccc3C(=O)N(CC1)CC2,-6.959
O=C(c1csc(-c2ccccc2)n1)N1CCOC2(CCCCc3ccccc3OCCNC2=O)C1,-5.955
Cc1nc(C)c(C(=O)N2CCCCOc3ccc(Cl)cc3C(=O)N(C)C(Cc3ccccc3)C(=O)N(C)CCCC2)s1,-5.419
CC1CN(C(=O)C2CC(=O)NC(C)C(=O)N3CCCC3COc3ccccc3C(=O)N2)CC(C)O1,-6.638
O=C(CN1CCCCCCOc2ccccc2Oc2ncccc2C1)N1CCC(Cc2ccccc2)CC1,-5.369
CCN1CCOc2ccccc2CCCCC2(CN(C(=O)Cn3nc(C)cc3C)CCO2)C1=O,-5.277
Cn1c(COCC(=O)N2CCOC3(C/C=C/Cc4ccccc4OCCNC3=O)C2)nc2ccccc21,-6.174
CC(C)C1COc2ccccc2C(=O)NC(C(=O)NCCc2ccncc2)CCC(=O)NC(C(C)C)C(=O)N1,-7.097
Cc1cc(S(N)(=O)=O)ccc1OCC(=O)N1CCOC2(CCCCc3ccccc3OCCN(C)C2=O)C1,-6.959
CNC(=O)C12CCCCN(C(=O)c3csc(N)n3)CCOc3ccccc3C(=O)N(CC1)CC2,-7.398
O=C(CN1CCCCCCOc2ccccc2Oc2ncccc2C1)NCC(O)CO,-5.703
CCN1CCN(C(=O)C2CCC(=O)NC(C(C)C)C(=O)NC(C(C)C)COc3ccccc3C(=O)N2)CC1,-6.678
COC1CN(C(C)=O)CCCN(Cc2ccc(F)cn2)CCCCOCC(O)C1O,-6.086
Cc1cc(C)n(CC(=O)N2CCCC3(CCCCCOc4ccccc4C(=O)NC3)C2)n1,-5.45
COC1CN(C(=O)c2ccccc2F)CC(CC(C)C)N(C(=O)/C=C/c2cccs2)CCCCOCC(O)C1O,-5.788
COc1ccc(CCCNC(=O)C2CC(=O)NC(CC(C)C)C(=O)NCCCOc3ccccc3C(=O)N2)cc1OC,-6.824
CCN1CCN(C(=O)C2CCC(=O)NC(CC(C)C)C(=O)NCCOc3ccccc3C(=O)N2)CC1,-6.886
CCCCN1CCOc2ccccc2CCCCC2(CN(C(=O)c3ccnc(C)n3)CCO2)C1=O,-5.225
CCCCN1CCOc2ccccc2CCCCC2(CN(C(=O)Cc3csc(C)n3)CCO2)C1=O,-5.719
CC(C)CC1COc2ccccc2C(=O)NC(C(=O)NCc2ccc(CN3CCOCC3)cc2)CC(=O)NC(C)C(=O)N1,-6.959
CCCCN1CCOc2ccccc2CCCCC2(CN(C(=O)c3cnn(C)c3)CCO2)C1=O,-5.131
CCCCN1CCOc2ccccc2CCCCC2(CN(C(=O)c3cnn(CC)c3)CCO2)C1=O,-5.275
COc1ccc(OCCNC(=O)C2CC(=O)NC(Cc3ccccc3)C(=O)N3CCCC3COc3ccccc3C(=O)N2)cc1,-6.42
CC1(C)CCCN(CC(=O)NCc2nnc3n2CCCCC3)Cc2cccnc2Oc2ccccc2OC1,-6.18
CC(C)CC1NC(=O)CC(C(=O)NCCc2ccc3c(c2)OCCO3)NC(=O)c2ccccc2OCCN(C)C1=O,-6.495
CC(O)C1NC(=O)CC(C(=O)NCC2CC2)NC(=O)c2ccccc2OCCN(C)C1=O,-7.523
COC1CN(C(C)=O)CC(CC(C)C)N(C(=O)/C=C/c2cccc(Br)c2)CCCCOCC(O)C1O,-5.402
CN1CCCCN(C(=O)COc2ccc(Cl)cc2)C2CCCCC2Oc2ccccc2C1=O,-5.252
CN1CC2(CCCCc3ccccc3OCC1=O)CCN(C(=O)c1cncnc1)CC2,-5.693
COc1ccc(CCCNC(=O)C2CC(=O)NC(CO)C(=O)N(C)CCOc3ccccc3C(=O)N2)cc1OC,-7.398
O=C(/C=C/c1cnc[nH]1)N1CCCCOCC(O)C(O)C(O)CN(C(=O)c2ccc(F)cc2)CC1,-7.699
CC(C)C1NC(=O)CC(C(=O)N2CCc3ccccc3CC2)NC(=O)c2ccccc2OCCN(C)C1=O,-5.799
CCn1nc(C(C)C)cc1C(=O)N1CCCCNC(=O)c2cc(Cl)ccc2OCC(Cc2ccccc2)NC(=O)C1,-6.229
CNC(=O)C12CCCCN(C(=O)c3cccc(N)n3)CCOc3ccccc3C(=O)N(CC1)CC2,-7.398
Cc1onc(C(C)C)c1C(=O)N1CCCCN(C)C(=O)c2cc(Cl)ccc2OCC1,-5.385
CN1CC2(CCN(C(=O)CC3CCCC3)CC2)CC(O)C(O)Cc2ccccc2OCC1=O,-6.699
COc1ncccc1C(=O)N1CCC2(CCCCc3ccccc3OCCOC2=O)CC1,-5.678
CCOc1cccc2c1OCCCCCNC(=O)CN(C(=O)CCc1cc(OC)no1)C2,-5.79
COc1ccc(CNC(=O)CN2CCCCCCOc3ccccc3Oc3ncccc3C2)cc1,-5.762
CC(C)CC1COc2ccc(Cl)cc2C(=O)NCCCCN(C(=O)c2ccc3ccccc3n2)CC(=O)N1,-5.757
CC(=O)N1CCCCCCCCN(CC(=O)N2CCC(O)CC2)Cc2ccccc21,-6.06
CCn1cc(C(=O)N2CCCCNC(=O)c3cc(Cl)ccc3OCCCC2)c(C)n1,-6.337
CCN1CCCCN(C(=O)c2cccc(OC)c2)C(Cc2ccccc2)COc2ccccc2C1=O,-5.191
COc1ccccc1CNC(=O)CN1CCCCCCOc2ccccc2Oc2ncccc2C1,-5.483
CN1C(=O)C(CCC(N)=O)NC(=O)CCC(C(=O)NCC2CC2)NC(=O)c2ccccc2OCC1Cc1ccccc1,-6.921
Cc1nc(C2CC2)ncc1C(=O)N1CCC(N2CCCC(C)(C)COc3ccccc3Oc3ncccc3C2)CC1,-5.772
CCCCCC(=O)N1CCCCN(CC)C(=O)c2ccccc2OCC1Cc1ccccc1,-5.777
O=C1CN(Cc2ccccc2)Cc2c(cccc2C(=O)N(CCO)Cc2ccccc2)OCCCCCN1,-5.53
COC1CN(C(C)=O)CC(CC(C)C)N(C(=O)/C=C/c2cccc(C)c2)CCCCOCC(O)C1O,-5.562
O=C1COc2ccccc2C/C=C/CC2C(CCCN2C(=O)Cn2c(C(F)(F)F)nc3ccccc32)N1,-5.775
Cc1[nH]c2ccc(C(=O)N3CCCCN(C)C(=O)c4cc(Cl)ccc4OCC3)cc2c1C,-6.155
CCCCN1CCOc2ccccc2CCCCC2(CN(C(=O)c3cn(CC)nc3C)CCO2)C1=O,-5.162
COc1ccc(C)c(NC(=O)CN2CCC3(C/C=C/CNC(=O)c4ccccc4OCC(C(C)C)NC3=O)CC2)c1,-6.481
Cc1nnsc1CNC(=O)Cc1ccc2c(c1)CN(Cc1ccccc1)CC(=O)NCCCCCO2,-5.199
Cc1cnccc1C(=O)N1CCCCC2(CCN(Cc3ccccn3)CC2)C(=O)OCC(O)C(O)CC1,-6.538
CC1CN(C(=O)C2CC(=O)NC(C(C)O)C(=O)NCCCOc3ccccc3C(=O)N2)CC(C)O1,-7.301
CC(C)C1COc2ccc(Cl)cc2C(=O)NCCCCN(C(=O)c2cccc(Cl)c2)CC(=O)N1,-5.886
COCc1ccccc1CNC(=O)CN1CCCC(C)(C)COc2ccccc2Oc2ncccc2C1,-5.996
COC1CN(C(C)=O)CCCN(C(=O)c2ccc3c(c2)OCO3)CCCCOCC(O)C1O,-6.959
O=C(Cc1ccc2c(c1)CN(Cc1ccccc1)CC(=O)NCCCCCO2)NCCn1ccnc1,-5.971
CN1CCOc2ccccc2C(=O)NC(C(=O)NCCc2ccc(F)cc2)CC(=O)NCCC1=O,-7.046
CCN1CCOc2ccccc2CCCCC2(CN(C(=O)c3cccc(OC)c3)CCO2)C1=O,-5.606
COc1cccc(C(=O)N2CCCCN(C)C(=O)c3cc(Cl)ccc3OCC2)c1,-5.068
Cc1cc(C(=O)N2CCOC3(CCCCc4ccccc4OCCNC3=O)C2)nn1-c1ccccc1,-5.361
CC(C)C1NC(=O)CC(C(=O)NCCc2cnccn2)NC(=O)c2ccccc2OCCN(C)C1=O,-7.046
CCc1noc(C)c1C(=O)N1CCC2(CCCCCCOc3ccccc3C(=O)NC2)CC1,-5.348
COCC1CCCN1C(=O)C1CC(=O)NC(C(C)O)C(=O)NC(Cc2ccccc2)COc2ccccc2C(=O)N1,-6.721
CCCCN1CCOc2ccccc2CCCCC2(CN(C(=O)CCc3ccnn3C)CCO2)C1=O,-5.475
CCN1CCOc2ccccc2CCCCC2(CN(C(=O)c3ccno3)CCO2)C1=O,-5.228
O=C1NCC2(CCCCCCOc3ccccc31)CCN(C(=O)c1cncs1)CC2,-5.164
COCC12CCCCN(C(=O)c3ccccn3)CCOc3ccccc3C(=O)N(CC1)CC2,-5.728
CNC(=O)C12CCCCN(C(=O)c3ccc4[nH]cnc4c3)CCOc3ccccc3C(=O)N(CC1)CC2,-7.046
O=C(c1cccc(Cc2ccccc2)n1)N1CCOC2(CCCCc3ccccc3OCCNC2=O)C1,-5.585
CC(C)CC1COc2ccc(Cl)cc2C(=O)NCCCCN(C(=O)c2n[nH]c3c2CCCC3)CC(=O)N1,-7.046
CCN1CCOc2ccccc2CCCCC2(CN(C(=O)Cc3ccccc3OC)CCO2)C1=O,-5.932
CC(C)CC1NC(=O)CC(C(=O)NCC(O)CO)NC(=O)c2ccccc2OCCCNC1=O,-7.222
c1ccc2c(c1)OCCOCC/N=C(/N1CCOCC1)c1cccnc1O2,-6.26
COC1CN(C(C)=O)CC(CC(C)C)N(C(=O)CN(C)CCc2ccccn2)CCCCOCC(O)C1O,-6.377
O=C(CN1CCCCCCOc2ccccc2Oc2ncccc2C1)N1CC(O)C1,-6.114
CCN1CCOc2ccccc2CCCCC2(CN(C(=O)CC3CC3)CCO2)C1=O,-5.379
COC1CN(C(C)=O)CCCN(CC(=O)Nc2cccc(F)c2C)CCCCOCC(O)C1O,-6.824
Cc1n[nH]c(C)c1CCC(=O)N1CCCCNC(=O)c2cc(Cl)ccc2OCC(C)NC(=O)C1,-6.432
CC(C)CC1NC(=O)CC(C(=O)NC(C)COc2ccccc2Oc2ccc(Cl)cc2)NC(=O)c2ccccc2OCCN(C)C1=O,-6.032
COc1cccc(C(=O)N2CCCCN(C)C(=O)c3ccccc3OCC2Cc2ccccc2)c1,-5.005
COc1cccc(C2C(C(C)C)CN(C(C)=O)CC(OC)C(O)C(O)COCCCCN2C(=O)CN(C)Cc2ccncc2)c1,-6.456
CC1(C)CCCN(CC(=O)NCCc2ccccn2)Cc2cccnc2Oc2ccccc2OC1,-5.106
CC(C)CC1COc2ccc(Cl)cc2C(=O)NCCCCN(C(=O)c2cccc(Cl)c2)CC(=O)N1,-5.652
Cc1cccc(C(=O)N2CCCCNC(=O)c3cc(Cl)ccc3OCCCC2)c1,-5.127
CC(C)CC1COc2ccc(Cl)cc2C(=O)NCCCCN(C(=O)c2ccc3[nH]nnc3c2)CC(=O)N1,-6.721
CC(C)CC(CO)NC(=O)CCc1ccc2c(c1)CN(C(C)C)CC(=O)NCCCCCO2,-5.389
Cc1ccnn1CCC(=O)N1CCCCNC(=O)c2cc(Cl)ccc2OCC(Cc2ccccc2)NC(=O)C1,-6.553
COc1cccc(C(=O)N2CCC3(CC2)CC(O)C(O)Cc2ccccc2OCC(=O)N(C)C3)n1,-6.77
CC(C)Cc1nc2ccccc2n1CC(=O)N1CCCC2NC(=O)COc3ccccc3C/C=C/CC21,-5.391
O=C1NC2CCN(C(=O)c3cccc(Cc4ccccc4)n3)CC2C/C=C/CC2(CCOCC2)C(=O)NC1Cc1ccccc1,-6.041
CN1CC2(CCN(C(=O)c3ccc(F)cc3)CC2)CC(O)C(O)Cc2ccccc2OCC1=O,-6.77
CCN1CCOc2ccccc2C(=O)NC(C(=O)NCCOc2cccc(C)c2C)CC(=O)NC(Cc2ccccc2)C1=O,-6.125
CCc1nnsc1C(=O)N1CCCCCCOc2ccccc2Oc2ncccc2C1,-5.656
CN1CC2(CCN(C(=O)CC3CC3)CC2)CC(O)C(O)Cc2ccccc2OCC1=O,-6.638
COC1CN(C(C)=O)CC(CC(C)C)N(C(=O)/C=C/c2ccccc2)CCCCOCC(O)C1O,-6.036
CNC(=O)C12CCCCN(C(=O)CCC(F)(F)F)CCOc3ccccc3C(=O)N(CC1)CC2,-6.721
Cc1nccn1CCCNC(=O)Cc1ccc2c(c1)CN(Cc1ccccc1)CC(=O)NCCCCCO2,-5.69
CC(C)C1COc2ccc(Cl)cc2C(=O)NCCCCN(C(=O)Cc2cccc(Cl)c2)CC(=O)N1,-5.588
CNC(=O)CN1CCOC2(C/C=C/Cc3ccccc3OCCNC2=O)C1,-5.917
CNC(=O)C12CCCCN(C(=O)CCc3ccccc3Cl)CCOc3ccccc3C(=O)N(CC1)CC2,-6.229
CN1CCOc2ccccc2CCCCC2(CN(C(=O)c3cnn(C)c3)CCO2)C1=O,-5.523
O=C1NCC2(CCCCCCOc3ccccc31)CCN(C(=O)Cn1ccc(C(F)(F)F)n1)CC2,-5.807
CN1CCOc2ccccc2C(=O)NC(C(=O)NCC(C)(C)c2ccc(F)cc2)CCC(=O)NC(CO)C1=O,-7.046
CCCCN1CCOc2ccccc2CCCCC2(CN(C(=O)CCCn3cncn3)CCO2)C1=O,-5.296
CC(C)c1cc(C(=O)N2CCCCN(C)C(=O)c3cc(Cl)ccc3OCCC2)on1,-5.233
CC(O)C1NC(=O)CC(C(=O)NCc2cccc(CN3CCCC3=O)c2)NC(=O)c2ccccc2OCCCNC1=O,-6.921
CCCc1cc(C(=O)N2CCCCNC(=O)c3cc(Cl)ccc3OCC(C)NC(=O)C2)no1,-6.208
CCOCC(=O)N1CCOC2(CCCCc3ccccc3OCCN(C)C2=O)C1,-5.023
CN1CCCCN(S(=O)(=O)c2ccc(F)cc2F)C2CCCCC2Oc2ccccc2C1=O,-6.31
Cc1cnn(CC(=O)N2CCOC3(CCCCc4ccccc4OCCNC3=O)C2)c1,-5.987
CC(O)C1NC(=O)CC(C(=O)NCCc2ccc(F)cc2)NC(=O)c2ccccc2OCCN(C)C1=O,-7.097
CCCCN1CCOc2ccccc2CCCCC2(CN(C(=O)c3ccc(C)n(C)c3=O)CCO2)C1=O,-5.767
CN1CCOc2ccccc2CCCCC2(CN(C(=O)c3cccnn3)CCO2)C1=O,-5.712
CCN1CCOc2ccccc2CCCCC2(CN(C(=O)Cn3ccc(C(F)(F)F)n3)CCO2)C1=O,-6.081
CC(C)N1CC(=O)NCCCCCOc2ccc(CCC(=O)N3CCCC3)cc2C1,-5.02
CCN(CCO)C(=O)c1ccc2c(c1)Cc1cccc(c1)CN(C(C)C)CCOCCO2,-5.851
COCC12CCCCN(C(=O)c3cccc(C)c3)CCOc3ccccc3C(=O)N(CC1)CC2,-5.38
Cc1ccc(CN(CC2CCCO2)C(=O)CCc2ccc3c(c2)CN(C(C)C)CC(=O)NCCCCCO3)s1,-5.558
COC1CN(C(=O)c2ccccc2F)CC(CC(C)C)N(C(=O)/C=C/c2ccc(Cl)cc2Cl)CCCCOCC(O)C1O,-5.917
CC1COc2ccccc2C(=O)NC(C(=O)NCc2cccc(CN3CCOCC3)c2)CC(=O)NC(CC(N)=O)C(=O)NC(C(C)C)C(=O)N1,-8.0
COc1cccc(CCCNC(=O)C2CC(=O)NC(C(C)O)C(=O)N3CCCC3COc3ccccc3C(=O)N2)c1,-6.959
COCC12CCCCN(C(C)=O)CCOc3ccccc3C(=O)N(CC1)CC2,-5.9
CC(=O)N1CCC(C(=O)N2CCCCNC(=O)c3cc(Cl)ccc3OCC(CC(C)C)NC(=O)C2)CC1,-6.569
CCN1CCOc2ccccc2CCCCC2(CN(C(=O)c3cn4c(C)cccc4n3)CCO2)C1=O,-5.327
Cc1ccc(NC(=O)CN2CCCCCCOc3ccccc3Oc3ncccc3C2)cn1,-5.04
CCC(C)C1NC(=O)CC(C(=O)NCc2ccc(CN3CCOCC3)cc2)NC(=O)c2ccccc2OCC(CC(C)C)NC1=O,-6.658
CC(C)C1COc2ccc(Cl)cc2C(=O)NCCCCN(C(=O)c2nccc3ccccc23)CC(=O)N1,-5.975
O=C(CN1CCCCCCOc2ccccc2Oc2ncccc2C1)NCC1CC1,-5.209
Cc1nn(CCNC(=O)CN2CCCC(C)(C)COc3ccccc3Oc3ncccc3C2)c(C)c1Cl,-6.051
CCN1CCOc2ccccc2CCCCC2(CN(C(=O)C(C)(C)OC)CCO2)C1=O,-5.325
CC(O)C1NC(=O)CC(C(=O)NCc2ccc(CN3CCOCC3)cc2)NC(=O)c2ccccc2OCCCNC(=O)C(Cc2ccccc2)NC1=O,-8.0
CCN1CCOc2ccccc2CCCCC2(CN(C(=O)CCCn3cncn3)CCO2)C1=O,-5.564
COc1ccc(OCCNC(=O)C2CC(=O)NC(C(C)C)C(=O)N(C)CCOc3ccccc3C(=O)N2)cc1,-7.046
CCCc1cc(C(=O)N2CCCCOCC(O)C(O)C(OC)CN(C(C)=O)CCC2)no1,-6.77
COc1cccc(CN2CCN(CC(=O)N3CCCCOCC(O)C(O)C(OC)CN(C(C)=O)CC(C(C)C)C3c3cccc(OC)c3)CC2)c1,-6.31
O=C1CC(C(=O)NCc2cccc(CN3CCCC3=O)c2)NC(=O)c2ccccc2OCCNC(=O)C(CO)N1,-7.222
COCCC(=O)N1CCCC2(CCCCCOc3ccccc3C(=O)NC2)C1,-5.133
CC1CN(C(=O)C2CC(=O)N3CCCC3C(=O)NCCOc3ccccc3C(=O)N2)CC(C)O1,-6.959
CC(C)C1COc2ccc(Cl)cc2C(=O)NCCCCN(C(=O)Cc2cccc(F)c2)CC(=O)N1,-5.818
CCN1CCOc2ccccc2CCCCC2(CN(C(=O)CN3CCC(C(N)=O)CC3)CCO2)C1=O,-6.387
CCN1CCOc2ccccc2CCCCC2(CN(C(=O)c3cccnn3)CCO2)C1=O,-5.399
CC(C)c1ccc(NC(=O)CN2CCC3NC(=O)C(Cc4ccccc4)NC(=O)C4(C/C=C/CC3C2)CCOCC4)cc1,-6.114
Cc1ccncc1NC(=O)CN1CCCC(C)(C)COc2ccccc2Oc2ncccc2C1,-5.149
CN(C)c1ccc(NC(=O)CN2CCC3NC(=O)C(Cc4ccccc4)NC(=O)C4(C/C=C/CC3C2)CCOCC4)cc1,-6.004
CCn1nc(C(=O)N2CCCCOc3ccc(Cl)cc3C(=O)N(C)C(C)C(=O)N(C)CCCC2)cc1C,-5.489
COCCNC(=O)Cc1ccc2c(c1)CN(Cc1ccccc1)CC(=O)NCCCCCO2,-5.297
Cc1noc(C)c1CCC(=O)N1CCCCNC(=O)c2cc(Cl)ccc2OCC(C(C)C)NC(=O)C1,-6.721
CN1CCCCN(C(=O)c2ccccc2)C(Cc2ccccc2)COc2ccccc2C1=O,-4.884
CCN1CCOc2ccccc2CCCCC2(CN(C(=O)CCn3ccnc3)CCO2)C1=O,-5.896
COCC12CCCCN(C(=O)c3scnc3C)CCOc3ccccc3C(=O)N(CC1)CC2,-5.575
CCCCN1CCOc2ccccc2CCCCC2(CN(C(=O)CCc3cccnc3)CCO2)C1=O,-5.474
COC1CN(C(C)=O)CCCN(C(=O)c2cnc(N(C)C)nc2)CCCCOCC(O)C1O,-7.097
CCCN1CCCCN(C(=O)c2ccccc2Br)C2CCCCC2Oc2ccccc2C1=O,-5.595
O=C(Cc1ccc2c(c1)CN(Cc1ccccc1)CC(=O)NCCCCCO2)NCc1cccnc1,-5.493
CC1(C)CCCN(CC(=O)NCc2cccc(CN3CCOCC3)c2)Cc2cccnc2Oc2ccccc2OC1,-5.438
CCN1CCOc2ccccc2CCCCC2(CN(C(=O)Cc3csc(C)n3)CCO2)C1=O,-5.234
O=C1CN(Cc2ccccc2)Cc2cc(CCC(=O)N3CCC(CCO)CC3)ccc2OCCCCCN1,-5.879
CCN1CCOc2ccccc2CCCCC2(CN(C(=O)c3ccccc3F)CCO2)C1=O,-5.556
CN1CCCCN(C(=O)c2ccccc2Cl)C(Cc2ccccc2)COc2ccccc2C1=O,-5.171
Cc1cccnc1C(=O)N1CCCCNC(=O)c2cc(Cl)ccc2OCC(Cc2ccccc2)NC(=O)C1,-6.444
CCOc1cccc2c1OCCCCCNC(=O)CN(C(=O)Cn1ccnc1)C2,-6.495
CCN1CCOc2ccccc2CCCCC2(CN(C(=O)c3ccnc(NC(C)=O)c3)CCO2)C1=O,-6.056
CCCCN1CCOc2ccccc2CCCCC2(CN(C(=O)CNC(C)=O)CCO2)C1=O,-5.457
CC(C)N1CCOCCOc2ccc(C(=O)N3CCN(S(C)(=O)=O)CC3)cc2Cc2cccc(c2)C1,-5.979
COc1cccc(C(=O)N2CCCCC3(CO)CCN(CC3)C(=O)c3ccccc3OCC2)n1,-6.658
CN1CCCCN(C(=O)C2CCC(F)(F)CC2)CCCCOc2ccc(Cl)cc2C(=O)N(C)C(Cc2ccccc2)C1=O,-5.625
O=C1CN(Cc2ccccc2)Cc2c(cccc2C(=O)N2C3CCC2CC(O)C3)OCCCCCN1,-6.42
CCOc1cccc2c1OCCCCCNC(=O)CN(C(=O)COc1ccccc1OC)C2,-5.416
CN1CCCCN(C(=O)COc2cccc(F)c2)CCCOc2ccc(Cl)cc2C1=O,-5.085
Cc1cc(C(=O)N2CCC3(CCCCc4ccccc4OCC(C)NC3=O)CC2)nn1C,-5.457
CN1CCOc2ccccc2CCCCC2(CN(C(=O)CCc3cccnc3)CCO2)C1=O,-5.077
COCC(=O)N1CC(OC)C(O)C(O)COCCCCN(C(=O)/C=C/c2cccc(C)c2)C(CC(C)C)C1,-6.036
O=C1NCC2(CCCCCOc3ccc(Cl)cc31)CCN(C(=O)CCn1ccccc1=O)CC2,-5.889
COC1CN(C(C)=O)CC(CC(C)C)N(C(=O)/C=C/c2cccc(F)c2)CCCCOCC(O)C1O,-5.893
Cc1ccncc1NC(=O)c1ccc2c(c1)Cc1cccc(c1)CN(C(C)C)CCOCCO2,-5.458
CNC(=O)C12CCCCN(C(=O)c3ccc(C(F)(F)F)cc3)CCOc3ccccc3C(=O)N(CC1)CC2,-6.398
CN1CCOc2ccccc2CCCCC2(CN(C(=O)c3ccccc3F)CCO2)C1=O,-5.418
CCCCN1CCOc2ccccc2CCCCC2(CN(C(=O)CCc3cnn(C)c3)CCO2)C1=O,-5.407
COCC1CCCN1C(=O)C1CC(=O)N2CCCC2C(=O)NC(CC(C)C)COc2ccccc2C(=O)N1,-6.921
CNC(=O)C12CCCCN(C(=O)c3ccc(OC)nc3)CCOc3ccccc3C(=O)N(CC1)CC2,-6.495
COc1ccccc1C(=O)N1CCCCOCC(O)C(O)C(OC)CN(C(C)=O)CCC1,-6.796
O=C1CCCOc2ccccc2CCCCC2(CCN(C(=O)COc3ccccc3-n3cnnc3C3CC3)CC2)CN1,-6.509
O=C(c1ccncn1)N1CCOC2(CCCCc3ccccc3OCCNC2=O)C1,-5.893
Cc1cccc(C(=O)N2CCOC3(CCCCc4ccccc4OCCN(C)C3=O)C2)c1,-5.519
CN1C(=O)C(CO)NC(=O)CCC(C(=O)NCC(C)(C)c2ccc(F)cc2)NC(=O)c2ccccc2OCC1Cc1ccccc1,-6.921
CC1COc2ccccc2CCCCC2(CCN(C(=O)C3CCCCC3)CC2)C(=O)N1,-5.151
CCCCN1CCOc2ccccc2CCCCC2(CN(C(=O)c3ccnc(NC(C)=O)c3)CCO2)C1=O,-5.353
COc1cccc(CN=C2NCCOCCOc3ccccc3Oc3ncccc32)c1,-6.481
CCn1nc(C(=O)N2CCCCN(C)C(=O)c3cc(Cl)ccc3OCC2)cc1C,-5.384
c1ccc2c(c1)OCCCCC/N=C(/N1CCOCC1)c1cccnc1O2,-5.636
Cc1cc(OCC(=O)N2CCOC3(CCCCc4ccccc4OCCNC3=O)C2)c2cccc(C)c2n1,-5.951
CN1CCOc2ccccc2C(=O)NC(C(=O)NCCC(c2ccccc2)c2ccccc2)CCC(=O)NC(Cc2ccc(O)cc2)C1=O,-6.638
Cc1c(CCC(=O)N2CCCCOc3ccc(Cl)cc3C(=O)N(C)C(Cc3ccccc3)C(=O)N(C)CCCC2)cnn1C,-5.425
Cc1nc(CC(=O)N2CCCCNC(=O)c3cc(Cl)ccc3OCC(CC(C)C)NC(=O)C2)cs1,-6.538
COc1ccc(OCCNC(=O)C2CC(=O)NC(C)C(=O)N3CCCC3COc3ccccc3C(=O)N2)cc1,-6.824
CN1CC2(CCN(C(=O)c3cn(C)cn3)CC2)CC(O)C(O)Cc2ccccc2OCC1=O,-7.222
CC1Cc2cc(CNC(=O)CN3CCCC(C)(C)COc4ccccc4Oc4ncccc4C3)ccc2O1,-6.143
CCN1CCOc2ccccc2CCCCC2(CN(C(=O)CCc3c(C)n[nH]c3C)CCO2)C1=O,-5.896
O=C1CC(C(=O)NCCN2CCOCC2)NC(=O)c2ccccc2OCCNC(=O)C(Cc2ccccc2)N1,-6.921
CCOc1cccc2c1OCCCCCNC(=O)CN(C(C)=O)C2,-6.229
Cn1cc(CC(=O)N2CCCCC3(COc4cccnc4)CCN(CC3)C(=O)c3ccccc3OCC2)c2ccccc21,-5.428
CCN1CCOc2ccccc2CCCCC2(CN(C(=O)CCc3c(C)noc3C)CCO2)C1=O,-5.432
COc1ccc(CCCNC(=O)C2CC(=O)NC(C)C(=O)N(C)C(Cc3ccccc3)COc3ccccc3C(=O)N2)cc1OC,-6.959
O=C1CN(Cc2ccccc2)Cc2c(cccc2C(=O)N2CCC(CCO)CC2)OCCCCCN1,-6.42
O=C1NCC2(CCCCCOc3ccccc31)CCCN(C(=O)c1cc(F)cc(F)c1)C2,-5.312
CN1CCOc2ccccc2CCCCC2(CN(C(=O)Cn3nnc4ccccc43)CCO2)C1=O,-5.604
COCC12CCCCN(C(=O)c3ccc4[nH]ccc4c3)CCOc3ccccc3C(=O)N(CC1)CC2,-5.883
COc1ccc(C)cc1S(=O)(=O)N1CCN(CC(=O)N2CCCCOCC(O)C(O)C(OC)CN(C(C)=O)CC2CC(C)C)CC1,-6.796
COCc1cccc(C(=O)N2CCCCN(C)C(=O)c3cc(Cl)ccc3OCCC2)c1,-5.084
Cn1c(C(=O)N2CCOC3(CCCCc4ccccc4OCCNC3=O)C2)cc(=O)n(C)c1=O,-6.658
CCN1CCOc2ccccc2CCCCC2(CN(C(=O)c3ccc4ncccc4c3)CCO2)C1=O,-5.359
O=C(Cc1ccc2c(c1)CN(Cc1ccccc1)CC(=O)NCCCCCO2)NCc1ccccn1,-5.424
CN1CC2(CCN(C(=O)c3cscn3)CC2)CC(O)C(O)Cc2ccccc2OCC1=O,-7.222
O=C1NCC2(CCCCCOc3ccccc31)CCCN(C(=O)c1c(F)cccc1F)C2,-5.216
CCOc1ccc(CCCNC(=O)C2CC(=O)NC(CC(C)C)C(=O)N(CC)CCOc3ccccc3C(=O)N2)cc1OC,-6.509
COCC12CCCCN(C(=O)c3cncnc3)CCOc3ccccc3C(=O)N(CC1)CC2,-6.215
O=C(Cc1ccc(Cl)cc1)N1CCCCC2(CO)CCN(CC2)C(=O)c2ccccc2OCC1,-6.357
CN1CCCCN(C(=O)c2ccc(F)cc2F)CCOc2ccc(Cl)cc2C1=O,-5.045
CCCCCC(=O)N1CCCCN(C)C(=O)c2ccccc2OCC1Cc1ccccc1,-5.435
CC1CN(C(=O)C2CC(=O)NC(Cc3ccccc3)C(=O)N3CCCC3COc3ccccc3C(=O)N2)CC(C)O1,-6.721
CCC(CC)NC(=O)c1cccc2c1CN(Cc1ccccc1)CC(=O)NCCCCCO2,-5.182
CNC(=O)C12CCCCN(C(=O)CCOC)CCOc3ccccc3C(=O)N(CC1)CC2,-6.721
CCN1CCOc2ccccc2CCCCC2(CN(C(=O)c3cncc(C)c3)CCO2)C1=O,-5.077
CCN1CCOc2ccccc2C(=O)NC(C(=O)NCCOCc2ccccc2Cl)CC(=O)NC(Cc2ccccc2)C1=O,-6.301
CCN(CC)C(=O)CN1CCCC(C)(C)COc2ccccc2Oc2ncccc2C1,-5.857
O=C(CCc1c[nH]c2ccccc12)N1CCCCC2(CO)CCN(CC2)C(=O)c2ccccc2OCC1,-6.585
CN1CCCCN(C(=O)c2ccc3c(c2)CCCC3)CCOc2ccc(Cl)cc2C1=O,-5.502
COC1CN(C(C)=O)CC(CC(C)C)N(C(=O)/C=C/c2ccccc2F)CCCCOCC(O)C1O,-5.788
COc1cccc(NC2=NCCCCCOc3ccccc3Oc3ncccc32)c1,-5.258
CCCCN1CCOc2ccccc2C(=O)NC(C(=O)NCC2COCCO2)CC(=O)NC(Cc2ccccc2)C1=O,-6.658
Cc1nccc(C(=O)N2CCCCN(C)C(=O)c3cc(Cl)ccc3OCC2)n1,-6.357
COCC1CCCN1C(=O)C1CC(=O)NC(CO)C(=O)NC(Cc2ccccc2)COc2ccccc2C(=O)N1,-6.77
Cc1ccccc1CC(=O)N1CCOC2(CCCCc3ccccc3OCCN(C)C2=O)C1,-5.68
CC(C)C1NC(=O)CC(C(=O)NCCCn2ccc(C(F)(F)F)n2)NC(=O)c2ccccc2OCCN(C)C1=O,-7.0
CC(C)CC1NC(=O)CCC(C(=O)NCCc2ccccn2)NC(=O)c2ccccc2OCCNC1=O,-7.301
CC(C)OCC(O)CNC(=O)Cc1ccc2c(c1)CN(Cc1ccccc1)CC(=O)NCCCCCO2,-5.488
CC1NC(=O)CC(C(=O)NCCc2cnccn2)NC(=O)c2ccccc2OCC2CCCN2C1=O,-7.222
Cc1ccc(C(=O)N2CCCCNC(=O)c3cc(Cl)ccc3OCC(C)NC(=O)C2)cc1F,-6.585
COCC1CCCN1C(=O)C1CC(=O)NC(C(C)C)C(=O)NC(CC(C)C)COc2ccccc2C(=O)N1,-6.398
O=C(Cc1ccc2c(c1)CN(Cc1ccccc1)CC(=O)NCCCCCO2)NCCCN1CCOCC1,-5.767
O=C(Cc1ccc2c(c1)CN(Cc1ccccc1)CC(=O)NCCCCCO2)NCCN1CCOCC1,-5.678
CCCCN1CCOc2ccccc2C(=O)NC(C(=O)NCCOc2ccc(Cl)cc2)CC(=O)NC(CC(C)C)C1=O,-5.963
Cc1nc(C)c(C(=O)N2CCCCNC(=O)c3cc(Cl)ccc3OCCCC2)s1,-5.379
CCCCC(=O)N1CCCCN(C)C(=O)c2ccccc2OC2CCCCC21,-5.194
CC(=O)Nc1ccc2nc(NC(=O)CN3CCC4NC(=O)C(Cc5ccccc5)NC(=O)C5(C/C=C/CC4C3)CCOCC5)sc2c1,-7.301
COCC12CCCCN(C(=O)c3ccncc3C)CCOc3ccccc3C(=O)N(CC1)CC2,-5.975
COc1ccc(C)c(NC(=O)CN2CCOC3(CCCCc4ccccc4OCCNC3=O)C2)c1,-5.733
Cc1c(CCC(=O)N2CCCCNC(=O)c3cc(Cl)ccc3OCC(C(C)C)NC(=O)C2)cnn1C,-6.658
CCN1CCCCN(C(=O)c2cccc(Cl)c2)C(Cc2ccccc2)COc2ccccc2C1=O,-5.539
CCOc1cccc2c1OCCCCCNC(=O)CN(C(=O)CC(C)C)C2,-5.052
CC(C)(C)c1cc(C(=O)N2CCCC3(CCCCCOc4ccccc4C(=O)NC3)C2)[nH]n1,-5.239
O=C(Cc1c[nH]c2ccccc12)N1CCCCC2(CO)CCN(CC2)C(=O)c2ccccc2OCC1,-6.678
CCN1CCOc2ccccc2CCCCC2(CN(C(=O)c3nnn(-c4ccccc4)c3C)CCO2)C1=O,-6.102
CC1C(=O)N(C)CCCCN(C(=O)c2cc(C(C)(C)C)n[nH]2)CCCCOc2ccc(Cl)cc2C(=O)N1C,-6.108
COCCN1CCN(CC(=O)N2CCCCOCC(O)C(O)C(OC)CN(C(C)=O)CC(C(C)C)C2c2cccc(OC)c2)CC1,-6.469
CCN(CC)C(=O)c1ccc2c(c1)Cc1cccc(c1)C(=O)NCCOCCO2,-5.959
Cc1ccccc1S(=O)(=O)N1CCCCN(C)C(=O)c2ccccc2OC2CCCCC21,-5.433
CCN1CCCCN(C(=O)CC(C)C)C2CCCCC2Oc2ccccc2C1=O,-4.974
CN1CCOc2ccccc2CCCCC2(CN(C(=O)c3ccc(F)cc3)CCO2)C1=O,-5.352
Cc1csc(CCCNC(=O)C2CCC(=O)NC(C)C(=O)NC(C(C)C)C(=O)NC(C)COc3ccccc3C(=O)N2)n1,-6.959
COC1CN(C(C)=O)CCCN(CC(=O)Nc2nc(C)c(C(=O)N(C)C)s2)CCCCOCC(O)C1O,-7.398
Clc1cccc(NC2=NCCCCCOc3ccccc3Oc3ncccc32)c1,-5.285
CCN1CCOc2ccccc2CCCCC2(CN(C(=O)c3cc(C(C)C)no3)CCO2)C1=O,-6.137
CC(C)N1CCOCCOc2ccc(C(=O)N3CCC(CCO)CC3)cc2Cc2cccc(c2)C1,-5.987
Cc1ncc(C(=O)N2CCCCC3(CCN(Cc4ccccn4)CC3)C(=O)OCC(O)C(O)CC2)c(C)n1,-6.432
CCCCN1CCOc2ccccc2CCCCC2(CN(C(=O)c3c(C)noc3C)CCO2)C1=O,-5.644
CN1CCOc2ccccc2CCCCC2(CN(C(=O)Cn3c(=O)oc4ccccc43)CCO2)C1=O,-5.845
CCN1CCOc2ccccc2CCCCC2(CN(C(=O)c3cccc(C)c3)CCO2)C1=O,-5.721
CN1CCOc2ccccc2CCCCC2(CN(C(=O)CNC(=O)c3ccccc3)CCO2)C1=O,-5.321
O=C(Cc1ccc2c(c1)CN(Cc1ccccc1)CC(=O)NCCCCCO2)NCc1ccncc1,-5.415
CCCCN1CCOc2ccccc2CCCCC2(CN(C(=O)C3CCOCC3)CCO2)C1=O,-5.048
COc1ccc(OCCNC(=O)C2CC(=O)NC(C(C)O)C(=O)N3CCCC3COc3ccccc3C(=O)N2)cc1,-6.699
NC(=O)CCNC(=O)CN1CCCCCCOc2ccccc2Oc2ncccc2C1,-6.824
CN1CCCCN(C(=O)c2ccccc2Cl)CCOc2ccc(Cl)cc2C1=O,-5.932
CCCCCC(=O)N1CCCCN(CCC)C(=O)c2ccccc2OC2CCCCC21,-5.53
CC1COc2ccccc2CCCCC2(CCN(C(=O)c3ccccc3F)CC2)C(=O)N1,-5.115
CN1CCCCN(S(=O)(=O)c2ccc(Cl)cc2)C2CCCCC2Oc2ccccc2C1=O,-5.767
CCOCC(=O)N1CCCCNC(=O)c2cc(Cl)ccc2OCCCC1,-5.863
CN1CCCCN(C(=O)Cc2c[nH]c3ccccc23)CCOc2ccc(Cl)cc2C1=O,-6.301
COc1ccccc1OCCN(C)C(=O)C1CCC(=O)NC(CC(C)C)C(=O)N(C)CCOc2ccccc2C(=O)N1,-6.959
CCN1CCOc2ccccc2CCCCC2(CN(C(=O)c3cccc(C)n3)CCO2)C1=O,-5.088
CNC(=O)C12CCCCN(C(=O)c3cnc[nH]3)CCOc3ccccc3C(=O)N(CC1)CC2,-6.921
COc1ccc(CCCNC(=O)C2CC(=O)NC(CC(C)C)C(=O)N(C)CCOc3ccccc3C(=O)N2)cc1OC,-6.745
CNC(=O)C12CCCCN(C(=O)c3cc(S(N)(=O)=O)ccc3OC)CCOc3ccccc3C(=O)N(CC1)CC2,-7.523
CN1CCOc2ccccc2CCCCC2(CN(C(=O)Cn3cnc4ccccc43)CCO2)C1=O,-5.69
CC(C)CC1NC(=O)CC(C(=O)NCCN2CCOCC2)NC(=O)c2ccccc2OCCN(C)C1=O,-7.046
CCN1CCOc2ccccc2CCCCC2(CN(C(=O)c3cc(C)n(CC)n3)CCO2)C1=O,-5.331
CN1C(=O)C(CCC(N)=O)NC(=O)CCC(C(=O)NCc2cccc(CN3CCCC3=O)c2)NC(=O)c2ccccc2OCC1Cc1ccccc1,-7.097
Cc1nc2ccc(NC(=O)CN3CCC4NC(=O)C(Cc5ccccc5)NC(=O)C5(C/C=C/CC4C3)CCOCC5)cc2[nH]1,-6.553
CC(=O)N1CCC(C(=O)N2CCCCOc3ccc(Cl)cc3C(=O)N(C)C(Cc3ccccc3)C(=O)N(C)CCCC2)CC1,-5.842
CC(C)C1COc2ccc(Cl)cc2C(=O)NCCCCN(C(=O)c2cccc3cccnc23)CC(=O)N1,-6.432
CCc1cc(C(=O)N2CCOC3(CCCCc4ccccc4OCCN(C)C3=O)C2)no1,-5.499
O=C(CN1CCOC2(C/C=C/Cc3ccccc3OCCNC2=O)C1)N1CCC(Cc2ccccc2)CC1,-5.824
CCN1CCOc2ccccc2CCCCC2(CN(C(=O)c3cc(C)no3)CCO2)C1=O,-5.298
CC(O)C1NC(=O)CC(C(=O)NCC2CC2)NC(=O)c2ccccc2OCC(Cc2ccccc2)NC1=O,-7.301
CCN1CCOc2ccccc2CCCCC2(CN(C(=O)c3ccc(C)nc3)CCO2)C1=O,-5.212
COCC12CCCCN(C(=O)CCc3ccc(Cl)cc3)CCOc3ccccc3C(=O)N(CC1)CC2,-5.469
O=C(c1cccc2cc[nH]c12)N1CCCCC2(CCN(Cc3ccccn3)CC2)C(=O)OCC(O)C(O)CC1,-7.097
CC(C)CC1NC(=O)CC(C(=O)N2CC(C)OC(C)C2)NC(=O)c2ccccc2OCCCNC1=O,-7.0
CCCCN1CCOc2ccccc2C(=O)NC(C(=O)NC2CCOCC2)CC(=O)NC(CC(C)C)C1=O,-6.066
CN1CCCCN(C(=O)c2ccc3c(c2)OCO3)CCOc2ccc(Cl)cc2C1=O,-5.433
CCOc1ccc(CCCNC(=O)C2CC(=O)NC(C)C(=O)N(C)C(Cc3ccccc3)COc3ccccc3C(=O)N2)cc1OC,-6.638
CN1CCOc2ccccc2C(=O)NC(C(=O)NCc2cccc(CN3CCCC3=O)c2)CCC(=O)N2CCCC2C1=O,-6.036
O=C1CC(C(=O)NCCCc2ccccc2)NC(=O)c2ccccc2OCC2CCCN2C(=O)C(Cc2ccccc2)N1,-5.676
O=C(COc1cccc(Cl)c1)N1CCCCC2(CO)CCN(CC2)C(=O)c2ccccc2OCC1,-6.31
Cc1nn(C)cc1C(=O)N1CCCCOc2ccc(Cl)cc2C(=O)N(C)C(Cc2ccccc2)C(=O)N(C)CCCC1,-6.018
CN1CCOc2ccccc2CCCCC2(CN(C(=O)c3ccc4ccccc4n3)CCO2)C1=O,-5.701
CCOc1cccc2c1OCCCCCNC(=O)CN(C(=O)Cc1cccnc1)C2,-6.523
COc1ccccc1OCCN(C)C(=O)C1CC(=O)NC(Cc2ccccc2)C(=O)N(C)CCOc2ccccc2C(=O)N1,-6.201
CCCN1CCCCN(C(=O)c2ccccc2)C2CCCCC2Oc2ccccc2C1=O,-5.067
COCCN(C)CC(=O)N1CCCCOCC(O)C(O)C(OC)CN(C(=O)c2ccccc2F)CC1CC(C)C,-6.387
CC1(C)CCCN(CC(=O)N2CCC(CCO)CC2)Cc2cccnc2Oc2ccccc2OC1,-5.091
COc1cc(C)c(CNC(=O)CN2CCCCCCOc3ccccc3Oc3ncccc3C2)cc1C(C)C,-6.086
CN1CCCCN(C(=O)Cn2cccn2)CCCCOc2ccc(Cl)cc2C(=O)N(C)C(Cc2ccccc2)C1=O,-5.41
CN1CCCCN(S(=O)(=O)c2ccc(F)cc2)C(Cc2ccccc2)COc2ccccc2C1=O,-5.807
CC(O)C1NC(=O)CC(C(=O)NCc2ccc(CN3CCCC3=O)cc2)NC(=O)c2ccccc2OCCCNC1=O,-7.699
CN1CCOc2ccccc2C(=O)NC(C(=O)NC(CO)CO)CC(=O)NCCCC1=O,-7.699
CC(C)CC1C(=O)NC(Cc2ccccc2)C(=O)NCCCOc2ccccc2C(=O)NC(C(=O)NCc2ccc(CN3CCOCC3)cc2)CC(=O)N1C,-6.745
CCCCN1CCOc2ccccc2CCCCC2(CN(C(=O)Cn3ccnc3CC)CCO2)C1=O,-5.403
CN1CC2(CCN(C(=O)C3CCCC3)CC2)CC(O)C(O)Cc2ccccc2OCC1=O,-6.602
O=C(c1n[nH]c2ccccc12)N1CCOC2(CCCCc3ccccc3OCCNC2=O)C1,-6.569
Cc1c(C(=O)N2CCOC3(CCCCc4ccccc4OCCN(C(C)C)C3=O)C2)nnn1-c1ccc(F)cc1,-6.036
COc1ccc(NC(=O)CN2CCCCOCC(O)C(O)C(OC)CN(C(C)=O)CCC2)cc1,-7.155
O=C(c1cnc2ccccc2c1)N1CCCCC2(CCN(Cc3ccccn3)CC2)C(=O)OCC(O)C(O)CC1,-6.357
CCOC(=O)c1cccc(NC(=O)CN2CCOC3(C/C=C/Cc4ccccc4OCCNC3=O)C2)c1,-6.137
COc1ccc(OCCNC(=O)C2CC(=O)NC(C)C(=O)N(C)C(Cc3ccccc3)COc3ccccc3C(=O)N2)cc1,-6.678
O=C(c1ccc2ncccc2c1)N1CCCCC2(CCN(Cc3ccccn3)CC2)C(=O)OCC(O)C(O)CC1,-6.367
Nc1cc(C(=O)N2CCCCC3(CO)CCN(CC3)C(=O)c3ccccc3OCC2)ccn1,-7.523
CC(C)C(=O)N1CCCCCCOc2ccccc2Oc2ncccc2C1,-5.519
CC(C)CC1COc2ccc(Cl)cc2C(=O)NCCCCN(C(=O)c2ccc3ncccc3c2)CC(=O)N1,-6.585
Cc1ocnc1C(=O)N1CCCCNC(=O)c2cc(Cl)ccc2OCC(Cc2ccccc2)NC(=O)C1,-6.018
CCCCN1CCOc2ccccc2C(=O)NC(C(=O)NCc2cccc(CN3CCOCC3)c2)CCC(=O)NC(CC(C)C)C1=O,-6.027
O=C1CN(Cc2ccccc2)Cc2c(cccc2C(=O)NC2CC2)OCCCCCN1,-5.542
CCN1CCOc2ccccc2CCCCC2(CN(C(=O)c3cnc4ccccc4c3)CCO2)C1=O,-5.777
Cc1cc(C)n(CC(=O)N2CCCCNC(=O)c3cc(Cl)ccc3OCCCC2)n1,-6.18
CCc1cc(C(=O)N2CCCC3(CCCCCOc4ccccc4C(=O)NC3)C2)on1,-5.119
CN(CCO)C(=O)CN1CCCCCCOc2ccccc2Oc2ncccc2C1,-5.275
CC(C)CC1NC(=O)CCC(C(=O)NCCCN2CCCC2=O)NC(=O)c2ccccc2OCC(C(C)C)NC(=O)C(C(C)C)NC1=O,-7.398
COCC1CCCN1C(=O)C1CC(=O)NC(C(C)C)C(=O)NC(Cc2ccccc2)COc2ccccc2C(=O)N1,-6.027
COC1CN(C(C)=O)CCCN(CC(=O)Nc2cccc(C(F)(F)F)c2)CCCCOCC(O)C1O,-6.585
O=C(CN1CCOC2(C/C=C/Cc3ccccc3OCCNC2=O)C1)N1CCOCC1,-5.764
CN1C(=O)C2(CC2)NC(=O)CCC(C(=O)N2CCCC2CO)NC(=O)c2ccccc2OCC1Cc1ccccc1,-6.959
COCC1CCCN1C(=O)C1CCC(=O)NC(C(C)C)C(=O)N(C)C(Cc2ccccc2)COc2ccccc2C(=O)N1,-6.509
CCCCN1CCOc2ccccc2CCCCC2(CN(C(=O)Cn3cccn3)CCO2)C1=O,-5.379
COC1CN(C(C)=O)CCCN(CC(=O)Nc2cccc(NC(C)=O)c2)CCCCOCC(O)C1O,-7.046
CC(C)CNC(=O)c1cccc2c1CN(Cc1ccccc1)CC(=O)NCCCCCO2,-5.071
Cc1cc(C(=O)N2CCCCOc3ccc(Cl)cc3C(=O)N(C)C(Cc3ccccc3)C(=O)N(C)CCCC2)on1,-5.511
Cc1cccc(C(=O)N2CCC3(CCCCCOc4ccc(Cl)cc4C(=O)NC3)CC2)n1,-5.198
CN1CCOc2ccccc2C(=O)NC(C(=O)NCC2(c3cccc(F)c3)CCOCC2)CC(=O)NC(Cc2ccccc2)C1=O,-6.237
CC(C)CC1NC(=O)CC(C(=O)NCc2ccc(CN3CCCC3=O)cc2)NC(=O)c2ccccc2OCCN(C)C1=O,-6.959
CC(C)C1COc2ccc(Cl)cc2C(=O)NCCCCN(C(=O)c2ccc(F)c(Cl)c2)CC(=O)N1,-5.788
CCCOC1CCN(C(=O)CCc2ccc3c(c2)CN(C(C)C)CC(=O)NCCCCCO3)CC1,-5.133
CCc1noc(CCC(=O)N2CCCCNC(=O)c3cc(Cl)ccc3OCC(C(C)C)NC(=O)C2)n1,-6.658
CC(C)N1CC(=O)NCCCCCOc2ccc(CCC(=O)N3CCC(c4ncncc4S(C)(=O)=O)CC3)cc2C1,-6.959
COCC12CCCCN(C(=O)c3cnc(C)nc3C)CCOc3ccccc3C(=O)N(CC1)CC2,-6.076
O=C(c1cc(-c2ccccc2)n[nH]1)N1CCOC2(CCCCc3ccccc3OCCNC2=O)C1,-5.889
COc1ccc(CN(Cc2cccnc2)C(=O)CCc2ccc3c(c2)CN(C(C)C)CC(=O)NCCCCCO3)c(OC)c1,-5.377
CNC(=O)C12CCCCN(C(=O)c3ccc(Cl)cn3)CCOc3ccccc3C(=O)N(CC1)CC2,-6.678
COc1cccc(CCCNC(=O)C2CC(=O)NC(C)C(=O)N(C)C(Cc3ccccc3)COc3ccccc3C(=O)N2)c1,-6.387
CCN1CCOc2ccccc2CCCCC2(CN(C(=O)c3ccc(=O)n(-c4ccc(F)cc4)n3)CCO2)C1=O,-6.004
CCC(C)C1NC(=O)CC(C(=O)NCCc2ccc3c(c2)OCCO3)NC(=O)c2ccccc2OCCN(C)C1=O,-6.444
COCc1nc(C2CCN(C(=O)CCc3ccc4c(c3)CN(C(C)C)CC(=O)NCCCCCO4)CC2)no1,-5.419
CN1CCOc2ccccc2C(=O)NC(C(=O)NCc2ccc(CN3CCCC3=O)cc2)CC(=O)NC(CC(N)=O)C1=O,-7.398
Cn1cccc1C(=O)N1CCCCOCC(O)C(O)C(O)CN(C(=O)c2ccc(F)cc2)CC1,-6.854
CCCCN1CCOc2ccccc2CCCCC2(CN(C(=O)C3CCN(C(C)=O)CC3)CCO2)C1=O,-5.292
Cc1noc(C)c1C(=O)N1CCC2(CCCCc3ccccc3OCC(C)NC2=O)CC1,-5.26
CCCCN1CCOc2ccccc2CCCCC2(CN(C(=O)CNS(C)(=O)=O)CCO2)C1=O,-5.369
Cc1ccc(Oc2cccc(F)c2OCC(C)NC(=O)C2CC(=O)NC(CC(C)C)C(=O)N(C)CCOc3ccccc3C(=O)N2)cc1,-5.907
CC(C)(C)CC(=O)N1CCCCC2(CO)CCN(CC2)C(=O)c2ccccc2OCC1,-6.42
CC1NC(=O)CC(C(=O)NCCOc2ccc(F)cc2)NC(=O)c2ccccc2OCC2CCCN2C1=O,-6.886
CC(C)CC1NC(=O)CC(C(=O)NCCOc2ccc(C(C)C)cc2)NC(=O)c2ccccc2OCCN(C)C1=O,-5.812
CCC(C)C1NC(=O)CC(C(=O)N2CCc3ccccc3CC2)NC(=O)c2ccccc2OCCNC1=O,-6.252
CC1(C)CCCN(CC(=O)NCCc2nccs2)Cc2cccnc2Oc2ccccc2OC1,-5.196
COC1CN(C(C)=O)CCCN(C(=O)c2ccncc2)CCCCOCC(O)C1O,-7.097
O=C1NCC2(CCCCCOc3ccccc31)CCCN(C(=O)c1cnccn1)C2,-5.264
CCCCN1CCOc2ccccc2CCCCC2(CN(C(=O)Cc3c(C)nn(C)c3C)CCO2)C1=O,-5.461
O=C(CC1CCCC1)N1CCCCC2(CO)CCN(CC2)C(=O)c2ccccc2OCC1,-6.328
CCCCN1CCOc2ccccc2CCCCC2(CN(C(=O)c3cnc(C)nc3C)CCO2)C1=O,-5.05
CC(C)C1NC(=O)CC(C(=O)NCCOc2ccc(Cl)cc2)NC(=O)c2ccccc2OCCN(C)C1=O,-5.764
COCC12CCCCN(C(=O)Cc3c[nH]c4ccccc34)CCOc3ccccc3C(=O)N(CC1)CC2,-5.618
Nc1ncccc1C(=O)N1CCCCC2(CO)CCN(CC2)C(=O)c2ccccc2OCC1,-7.222
O=C(c1cc(-c2ccccc2F)no1)N1CCOC2(CCCCc3ccccc3OCCNC2=O)C1,-5.699
CCN1CCOc2ccccc2CCCCC2(CN(C(=O)c3cccc(F)c3)CCO2)C1=O,-5.686
COC1CN(C(C)=O)CCCN(CC(=O)Nc2nonc2C)CCCCOCC(O)C1O,-7.155
COc1ccc(CCC(=O)N2CCCCC3(CCN(Cc4ccccn4)CC3)C(=O)OCC(O)C(O)CC2)cc1OC,-6.301
CCCCN1CCOc2ccccc2C(=O)NC(C(=O)NC2CCCOC2)CC(=O)NC(CC(C)C)C1=O,-6.237
COCC12CCCCN(C(=O)c3ccc4[nH]nnc4c3)CCOc3ccccc3C(=O)N(CC1)CC2,-6.108
CCCN1CCCCN(S(=O)(=O)c2cc(OC)ccc2OC)C2CCCCC2Oc2ccccc2C1=O,-5.81
O=C(CN1CCCCCCOc2ccccc2Oc2ncccc2C1)Nc1ccncc1,-5.217
CCN1CCOc2ccccc2CCCCC2(CN(C(=O)c3ccnn3C)CCO2)C1=O,-5.186
COCCN(C)C(=O)C1CCC(=O)NC(CC(C)C)C(=O)NC(C(C)C)COc2ccccc2C(=O)N1,-6.347
Cc1ccc(S(=O)(=O)NCC(=O)N2CCCCC3(CO)CCN(CC3)C(=O)c3ccccc3OCC2)cc1,-7.0
O=C1CN(C(=O)C2CCC(F)(F)CC2)CCCCNC(=O)c2cc(Cl)ccc2OCC(Cc2ccccc2)N1,-6.585
CNC(=O)C12CCCCN(C(=O)c3ccc4[nH]nnc4c3)CCOc3ccccc3C(=O)N(CC1)CC2,-7.097
O=C(Cc1ccc2c(c1)CN(Cc1ccccc1)CC(=O)NCCCCCO2)NCCc1ccccn1,-5.346
COc1ccc(C(=O)N2CCCCNC(=O)c3cc(Cl)ccc3OCC(CC(C)C)NC(=O)C2)cc1,-5.842
O=C1NCCCCN(C(=O)/C=C/c2ccccc2)CCCCOc2ccc(Cl)cc21,-5.321
Cc1cncc(C(=O)N2CCOC3(CCCCc4ccccc4OCCN(C)C3=O)C2)c1,-5.043
CS(=O)(=O)NCC(=O)N1CCC2(CCCCCCOc3ccccc3C(=O)NC2)CC1,-6.229
CCN1CCOc2ccccc2CCCCC2(CN(C(=O)Cn3ncc4ccccc4c3=O)CCO2)C1=O,-5.554
CC(CO)NC(=O)CCc1ccc2c(c1)CN(Cc1ccccc1)CC(=O)NCCCCCO2,-6.222
Cc1ccccc1CC(=O)N1CCCCC2(CCN(Cc3ccccn3)CC2)C(=O)OCC(O)C(O)CC1,-6.745
O=C(CN1CCCCCCOc2ccccc2Oc2ncccc2C1)NCCc1ccccc1,-6.086
CCCCN1CCOc2ccccc2CCCCC2(CN(C(=O)c3ocnc3C)CCO2)C1=O,-5.27
CC(C)CC1NC(=O)CC(C(=O)NCC2CC2)NC(=O)c2ccccc2OCC(Cc2ccccc2)NC1=O,-6.854
CCC(C)C1NC(=O)CC(C(=O)NCc2ccc(CN3CCCC3=O)cc2)NC(=O)c2ccccc2OCCN(C)C1=O,-7.0
CCN1CCOc2ccccc2CCCCC2(CN(C(=O)c3ncccc3C)CCO2)C1=O,-5.078
COc1ccc(CCCNC(=O)C2CC(=O)NC(CO)C(=O)NCCOc3ccccc3C(=O)N2)cc1OC,-7.222
CCOc1ccc(CC(=O)N2CCCCC3(CO)CCN(CC3)C(=O)c3ccccc3OCC2)cc1,-6.585
CC(C)CC1NC(=O)CC(C(=O)NCC2(c3cccc(F)c3)CCOCC2)NC(=O)c2ccccc2OCCN(C)C1=O,-6.187
CC(C)N1CCN(C(=O)CN2CCCCCCOc3ccccc3Oc3ncccc3C2)CC1,-5.19
CCCCN1CCOc2ccccc2CCCCC2(CN(C(=O)c3cnc[nH]3)CCO2)C1=O,-5.914
COc1ccccc1CC(=O)N1CCC2(CCCCCOc3ccc(Cl)cc3C(=O)NC2)CC1,-5.676
COc1cccc(CCCNC(=O)C2CC(=O)NC(C(C)C)C(=O)NCCCOc3ccccc3C(=O)N2)c1,-7.097
COc1ccc(OCCNC(=O)C2CC(=O)NC(C(C)O)C(=O)NCCCOc3ccccc3C(=O)N2)cc1,-7.222
CCCc1cc(C(=O)N2CCCCOc3ccc(Cl)cc3C(=O)N(C)C(C(C)C)C(=O)N(C)CCCC2)no1,-5.799
COCC12CCCCN(C(=O)c3cccc(N(C)C)c3)CCOc3ccccc3C(=O)N(CC1)CC2,-5.302
CCCCN1CCOc2ccccc2CCCCC2(CN(C(=O)CCc3c(C)noc3C)CCO2)C1=O,-5.996
CN1CCCCN(C(=O)c2ccccc2Br)C2CCCCC2Oc2ccccc2C1=O,-5.395
CN1CCOc2ccccc2C(=O)NC(C(=O)NCCC(c2ccccc2)c2ccccc2)CCC(=O)NC(Cc2ccccc2)C1=O,-6.523
CC(C)CC1COc2ccc(Cl)cc2C(=O)NCCCCN(C(=O)CCn2ccnc2C(C)C)CC(=O)N1,-6.387
CCCCN1CCOc2ccccc2CCCCC2(CN(C(=O)CCn3cnc4ccccc43)CCO2)C1=O,-6.041
CCN1CCOc2ccccc2C(=O)NC(C(=O)NCCOc2ccc(Cl)c(C)c2)CC(=O)NC(CC(C)C)C1=O,-5.921
O=C(CN1C(=O)c2ccccc2S1(=O)=O)N1CCOC2(CCCCc3ccccc3OCCNC2=O)C1,-6.42
COCC12CCCCN(C(=O)CC3CCN(S(C)(=O)=O)CC3)CCOc3ccccc3C(=O)N(CC1)CC2,-6.886
CNC(=O)C12CCCCN(C(=O)Cc3ccc(Cl)cc3)CCOc3ccccc3C(=O)N(CC1)CC2,-6.319
COCC12CCCCN(C(=O)C3CC3)CCOc3ccccc3C(=O)N(CC1)CC2,-5.255
Cc1cc2cc(OCC(=O)N3CCOC4(CCCCc5ccccc5OCCNC4=O)C3)ccc2n1C,-6.119
CCC(C)C1NC(=O)CC(C(=O)NCC2CC2)NC(=O)c2ccccc2OCCN(C)C1=O,-7.046
Cc1c(C(=O)N2CCOC3(CCCCc4ccccc4OCCN(C)C3=O)C2)nnn1-c1ccccc1,-5.413
COc1ccc(C(=O)N2CCC3(CC2)CC(O)C(O)Cc2ccccc2OCC(=O)N(C)C3)cn1,-6.77
CCN1CCOc2ccccc2CCCCC2(CN(C(=O)Cn3cc(C)cn3)CCO2)C1=O,-5.156
Cn1nc(C(=O)N2CCCC3NC(=O)COc4ccccc4C/C=C/CC32)ccc1=O,-5.699
CC1(C)CCCN(CC(=O)NCCc2ccc(S(N)(=O)=O)cc2)Cc2cccnc2Oc2ccccc2OC1,-6.585
CCN1CCOc2ccccc2CCCCC2(CN(C(=O)c3cc(C)on3)CCO2)C1=O,-5.421
CCN1CCOc2ccccc2CCCCC2(CN(C(=O)Cn3ccnc3C)CCO2)C1=O,-6.222
CC(C)CCN1CC(=O)NCCCCCOc2cccc(C(=O)N(CCO)Cc3ccccc3)c2C1,-5.126
O=C1CN(Cc2ccccc2)Cc2cc(CCC(=O)N3CCOCC3)ccc2OCCCCCN1,-5.047
CCN1CCOc2ccccc2CCCCC2(CN(C(=O)c3cnn(CC)c3)CCO2)C1=O,-5.229
CCN1CCOc2ccccc2CCCCC2(CN(C(=O)Cc3c(C)n[nH]c3C)CCO2)C1=O,-6.432
CN1CCCCN(C(=O)c2n[nH]c3c2CCCC3)CCOc2ccc(Cl)cc2C1=O,-6.585
CC(=O)Nc1cc(C(=O)N2CCOC3(CCCCc4ccccc4OCCN(C)C3=O)C2)ccn1,-6.276
CCN1CCOc2ccccc2CCCCC2(CN(C(=O)C3CCN(C(=O)OC(C)(C)C)CC3)CCO2)C1=O,-5.654
O=C1CN(C(=O)c2ncccn2)CCCCNC(=O)c2cc(Cl)ccc2OCC(Cc2ccccc2)N1,-6.796
COCC(=O)N1CC(OC)C(O)C(O)COCCCCN(C(=O)/C=C/c2ccc(F)cc2Cl)C(CC(C)C)C1,-5.815
CN1CC2(CCN(C(=O)CCc3ccccc3Cl)CC2)CC(O)C(O)Cc2ccccc2OCC1=O,-6.509
CCN1CCOc2ccccc2CCCCC2(CN(C(=O)CCc3cnn(C)c3C)CCO2)C1=O,-5.165
CN1CCOc2ccccc2C(=O)NC(C(=O)N(C)CCOc2ccccc2F)CC(=O)NC(Cc2ccccc2)C1=O,-6.0
COc1cc(C)c(CNC(=O)CN2CCCC(C)(C)COc3ccccc3Oc3ncccc3C2)cc1C(C)C,-6.26
CC(C)c1nccn1CCC(=O)N1CCCCNC(=O)c2cc(Cl)ccc2OCC(C(C)C)NC(=O)C1,-6.796
CCN1CCOc2ccccc2CCCCC2(CN(C(=O)CCc3cnn(C)c3)CCO2)C1=O,-5.256
CN1CCCCN(C(=O)c2ccc(Cl)c(Cl)c2)C2CCCCC2Oc2ccccc2C1=O,-5.402
CCCCN1CCOc2ccccc2C(=O)NC(C(=O)NCc2ccc(COCC3CCCO3)cc2)CC(=O)NC(CC(C)C)C1=O,-6.013
COCC12CCCCN(C(=O)c3ccncn3)CCOc3ccccc3C(=O)N(CC1)CC2,-5.873
COCC1CCCN1C(=O)C1CC(=O)NC(C(C)O)C(=O)N2CCCC2COc2ccccc2C(=O)N1,-7.222
Cc1nnsc1CNC(=O)CN1CCCC(C)(C)COc2ccccc2Oc2ncccc2C1,-5.249
O=C1NCC2(CCCCCOc3ccc(Cl)cc31)CCN(C(=O)c1ccccc1F)CC2,-5.69
CCOc1cccc2c1OCCCCCNC(=O)CN(C(=O)CCc1ccnn1C)C2,-6.602
O=C(COc1cccc(F)c1)N1CCOC2(CCCCc3ccccc3OCCNC2=O)C1,-5.577
CCN1CCOc2ccccc2CCCCC2(CN(C(=O)c3sc(C)nc3C)CCO2)C1=O,-5.172
CCOc1cccc2c1OCCCCCNC(=O)CN(C(=O)CCc1cnn(C)c1)C2,-6.699
CNC(=O)C12CCCCN(C(=O)c3ccnc(N)c3)CCOc3ccccc3C(=O)N(CC1)CC2,-7.398
CC(C)C1COc2ccc(Cl)cc2C(=O)NCCCCN(C(=O)CCc2ccccc2)CC(=O)N1,-5.411
CCCn1cc(Cl)c(C(=O)N2CCOC3(CCCCc4ccccc4OCCN(C)C3=O)C2)n1,-5.277
CCOc1ccc(CCCNC(=O)C2CC(=O)NC(C)C(=O)NC(CC(C)C)COc3ccccc3C(=O)N2)cc1OC,-6.854
O=C1CN(Cc2ccccc2)Cc2c(cccc2C(=O)N2CCC(CO)CC2)OCCCCCN1,-6.824
Cc1ccc(C(=O)N2CCCC3NC(=O)COc4ccccc4C/C=C/CC32)cc1F,-6.06
Cc1ccc(OCCNC(=O)C2CCC(=O)NC(Cc3ccc(O)cc3)C(=O)N(C)CCOc3ccccc3C(=O)N2)cc1,-6.886
COc1cccc(CC(=O)N2CCCCNC(=O)c3cc(Cl)ccc3OCC(C(C)C)NC(=O)C2)c1,-6.027
CC(C)CC1NC(=O)CC(C(=O)NCCCN2CCOCC2)NC(=O)c2ccccc2OCCN(C)C1=O,-7.301
Cc1c(C(=O)N2CCOC3(CCCCc4ccccc4OCCN(C)C3=O)C2)nnn1-c1ccccc1F,-5.706
Cc1nn(C)cc1C(=O)N1CCOC2(CCCCc3ccccc3OCCN(C)C2=O)C1,-5.281
CC(C)C1COc2ccc(Cl)cc2C(=O)NCCCCN(C(=O)c2c(F)cccc2F)CC(=O)N1,-5.684
CN1CCCCN(C(=O)c2cccc(Cl)c2)C2CCCCC2Oc2ccccc2C1=O,-5.185
CC(C)CC1COc2ccc(Cl)cc2C(=O)NCCCCN(C(=O)CCN2CCCC2=O)CC(=O)N1,-6.444
COCC12CCCCN(C(=O)c3ccnn3C)CCOc3ccccc3C(=O)N(CC1)CC2,-5.449
CC(C)C1COc2ccccc2C(=O)NC(C(=O)NCC2(c3cccc(F)c3)CCOCC2)CCC(=O)N2CCCC2C(=O)N1,-6.959
COCC12CCCCN(C(=O)c3cc(OC)ccn3)CCOc3ccccc3C(=O)N(CC1)CC2,-5.526
Cc1cccc(CS(=O)(=O)N2CCCCN(C)C(=O)c3ccccc3OC3CCCCC32)c1,-5.264
Cc1ccc(C(C)C)c(OCCNC(=O)C2CC(=O)NC(CC(C)C)C(=O)N(C)CCOc3ccccc3C(=O)N2)c1,-5.695
CN1CCCCN(C(=O)c2c(Cl)cccc2Cl)C2CCCCC2Oc2ccccc2C1=O,-5.152
O=C(CN1CCCCCCOc2ccccc2Oc2ncccc2C1)N1CCC(CO)CC1,-5.21
COCC12CCCCN(C(=O)CC(C)(C)C)CCOc3ccccc3C(=O)N(CC1)CC2,-5.095
CCCCN1CCOc2ccccc2C(=O)NC(C(=O)NCCCOc2ccccc2OC)CC(=O)NC(CC(C)C)C1=O,-5.635
O=C(CCn1ccnc1)N1CCCCC2(CCN(Cc3ccccn3)CC2)C(=O)OCC(O)C(O)CC1,-6.398
Cc1ncsc1C(=O)N1CCCCC2(COc3cccnc3)CCN(CC2)C(=O)c2ccccc2OCC1,-6.229
COCC12CCCCN(C(=O)C3Cc4ccccc4C3)CCOc3ccccc3C(=O)N(CC1)CC2,-5.115
CN1CCOc2ccccc2C(=O)NC(C(=O)NCc2cccc(CN3CCOCC3)c2)CC(=O)NCCCC1=O,-7.046
COc1ccccc1CNC(=O)CN1CCCC(C)(C)COc2ccccc2Oc2ncccc2C1,-6.187
CN1C(=O)C2(CC2)NC(=O)CCC(C(=O)NCCc2ccc(F)cc2)NC(=O)c2ccccc2OCC1Cc1ccccc1,-6.745
CC(O)C1NC(=O)CC(C(=O)NCc2ccc(CN3CCCC3=O)cc2)NC(=O)c2ccccc2OCC2CCCN2C1=O,-6.62
CCCCN1CCOc2ccccc2CCCCC2(CN(C(=O)c3cccc(-n4cnnc4)c3)CCO2)C1=O,-5.854
COc1ccc(OCCNC(=O)C2CC(=O)NC(C(C)O)C(=O)NC(Cc3ccccc3)COc3ccccc3C(=O)N2)cc1,-7.523
c1ccc(CC2CCCCN2/C2=N/CCCCCCOc3ccccc3Oc3ncccc32)cc1,-5.019
COCC(=O)N1CC(OC)C(O)C(O)COCCCCN(C(=O)/C=C/c2cccc(Br)c2)C(CC(C)C)C1,-5.759
COCC12CCCCN(C(=O)c3cnccn3)CCOc3ccccc3C(=O)N(CC1)CC2,-5.662
Cn1nccc1/C=C/C(=O)N1CCCCOCC(O)C(O)C(O)CN(C(=O)c2ccc(F)cc2)CC1,-7.523
COCC12CCCCN(C(=O)c3ccc4nc(C)[nH]c4c3)CCOc3ccccc3C(=O)N(CC1)CC2,-6.409
Cc1ncsc1C(=O)N1CCCCC2(CO)CCN(CC2)C(=O)c2ccccc2OCC1,-6.745
COc1ccc(-c2cc(C(=O)N3CCOC4(CCCCc5ccccc5OCCNC4=O)C3)nn2C)cc1,-5.693
O=C(CN1CCCCCCOc2ccccc2Oc2ncccc2C1)NC1CC1,-5.255
CN(Cc1ccccc1)/C1=N/CCCCCOc2ccccc2Oc2ncccc21,-5.148
COc1ccc(OCCCNC(=O)C2CC(=O)NC(C(C)C)C(=O)N(C)CCOc3ccccc3C(=O)N2)cc1,-7.155
COCC1CCCN1C(=O)C1CC(=O)NC(CC(N)=O)C(=O)N(C)CCOc2ccccc2C(=O)N1,-7.097
CN1CCOc2ccccc2C(=O)NC(C(=O)NCCc2ccc(F)cc2)CC(=O)NC(Cc2ccccc2)C1=O,-6.06
CN1CCCCN(C(=O)COc2ccccc2F)CCCOc2ccc(Cl)cc2C1=O,-5.032
CN1CCOc2ccccc2CCCCC2(CN(C(=O)COc3ccccc3F)CCO2)C1=O,-5.91
COc1ccc(OCCNC(=O)C2CC(=O)NC(Cc3ccccc3)C(=O)N(C)CCOc3ccccc3C(=O)N2)cc1,-6.328
CN1CCCCN(C(=O)c2c(F)cccc2F)CCOc2ccc(Cl)cc2C1=O,-4.997
Cn1cc(C(=O)N2CCCCC3(CO)CCN(CC3)C(=O)c3ccccc3OCC2)c2ccccc21,-6.538
CCN1CCOc2ccccc2CCCCC2(CN(C(=O)CNC(=O)OC(C)(C)C)CCO2)C1=O,-5.396
COCC12CCCCN(C(=O)CCOc3ccc(F)cc3)CCOc3ccccc3C(=O)N(CC1)CC2,-5.268
CCc1cc(C(=O)N2CCC(N3CCCC(C)(C)COc4ccccc4Oc4ncccc4C3)CC2)no1,-6.032
O=C1c2ccccc2OCCN(C(=O)c2cccc3[nH]ccc23)CCCCC2(CO)CCN1CC2,-7.046
CC(C)NC(=O)c1cccc2c1CN(Cc1ccccc1)CC(=O)NCCCCCO2,-5.197
CN1CCOc2ccccc2C(=O)NC(C(=O)NCCOc2ccc(Cl)cc2)CC(=O)NC(Cc2ccccc2)C1=O,-5.873
O=C(c1cnccn1)N1CCOC2(CCCCc3ccccc3OCCNC2=O)C1,-5.747
CCN1CCOc2ccccc2CCCCC2(CN(C(=O)Cn3cnc4ccccc4c3=O)CCO2)C1=O,-5.527
CC(C)c1nccn1CCC(=O)N1CCCCN(C)C(=O)c2cc(Cl)ccc2OCCC1,-6.215
CCN1CCOc2ccccc2CCCCC2(CN(C(=O)c3cnc(C4CC4)nc3)CCO2)C1=O,-5.35
COC1CN(C(C)=O)CCCN(C(=O)c2cc(CC(C)C)nn2C)CCCCOCC(O)C1O,-6.721
Cc1cccnc1C(=O)N1CCOC2(CCCCc3ccccc3OCCNC2=O)C1,-5.606
COc1ccccc1OCCN(C)C(=O)C1CCC(=O)NC(Cc2ccc(O)cc2)C(=O)N(C)CCOc2ccccc2C(=O)N1,-7.097
CC(C)CC1COc2ccccc2C(=O)NC(C(=O)N2CC(C)OC(C)C2)CC(=O)NC(C(C)C)C(=O)N1,-6.678
Cc1ccc(C(=O)N2CCOC3(CCCCc4ccccc4OCCN(C)C3=O)C2)cc1F,-5.86
CC(C)CC1COc2ccc(Cl)cc2C(=O)NCCCCN(C(=O)c2ccc3c(c2)OCO3)CC(=O)N1,-5.854
CN1CCCCN(S(=O)(=O)Cc2ccccc2Cl)C2CCCCC2Oc2ccccc2C1=O,-5.232
O=C(c1cc[nH]n1)N1CCCCC2(COc3cccnc3)CCN(CC2)C(=O)c2ccccc2OCC1,-6.921
O=C(c1cncs1)N1CCOC2(CCCCc3ccccc3OCCNC2=O)C1,-5.636
CC(C)CC1COc2ccc(Cl)cc2C(=O)NCCCCN(C(=O)CCn2ccccc2=O)CC(=O)N1,-7.155
CCCCN1CCOc2ccccc2CCCCC2(CN(C(=O)c3nn(CCC)cc3Cl)CCO2)C1=O,-6.108
CC1COc2ccccc2CCCCC2(CCN(C(=O)c3ccc(C(F)(F)F)cc3)CC2)C(=O)N1,-5.759
COc1cccc(CCCNC(=O)C2CC(=O)N3CCCC3C(=O)NC(CC(C)C)COc3ccccc3C(=O)N2)c1,-6.745
CN1CCCCN(C(=O)Cc2cccs2)C2CCCCC2Oc2ccccc2C1=O,-5.084
Cc1ccc(C(=O)N2CCCCN(C)C(=O)c3cc(Cl)ccc3OCCC2)cc1F,-4.887
CC(C)CC1NC(=O)CC(C(=O)NCCc2cnccn2)NC(=O)c2ccccc2OCCN(C)C1=O,-7.301
O=C1NCCCCN(C(=O)c2ccccc2F)CCCCOc2ccc(Cl)cc21,-5.054
CC1CN(C(=O)C2CC(=O)NC(C(C)C)C(=O)NCCCOc3ccccc3C(=O)N2)CC(C)O1,-7.0
CC(=O)NCC(=O)N1CCOC2(CCCCc3ccccc3OCCN(C)C2=O)C1,-6.268
O=C1NCC2(CCCCCOc3ccccc31)CCN(C(=O)CC1CC1)CC2,-5.001
Fc1cc(F)cc(CN=C2NCCCCCOc3ccccc3Oc3ncccc32)c1,-5.124
COCC1CCCN1C(=O)C1CC(=O)NC(C(C)O)C(=O)NCCCOc2ccccc2C(=O)N1,-6.602
CCN1CCOc2ccccc2CCCCC2(CN(C(=O)Cn3cccn3)CCO2)C1=O,-5.162
CC(C)CC1COc2ccc(Cl)cc2C(=O)NCCCCN(C(=O)c2nccc3ccccc23)CC(=O)N1,-5.542
Cc1cc(C(=O)N2CCOC3(CCCCc4ccccc4OCCN(C)C3=O)C2)on1,-5.18
CN1CCCCN(C(=O)c2ccc(F)cc2)CCCOc2ccc(Cl)cc2C1=O,-4.9
COCCN1CCN(C(=O)CN2CCCC(C)(C)COc3ccccc3Oc3ncccc3C2)CC1,-5.025
CCCCN1CCOc2ccccc2CCCCC2(CN(C(=O)c3cnco3)CCO2)C1=O,-5.157
COCC12CCCCN(C(=O)Cn3cccn3)CCOc3ccccc3C(=O)N(CC1)CC2,-6.398
Cc1ncsc1C(=O)N1CCOC2(CCCCc3ccccc3OCCNC2=O)C1,-5.738
CCN1CCOc2ccccc2CCCCC2(CN(C(=O)c3cnco3)CCO2)C1=O,-5.107
Cc1noc(C)c1C(=O)N1CCCC2(CCCCCOc3ccccc3C(=O)NC2)C1,-5.178
Cc1cccc(S(=O)(=O)N2CCCCN(C)C(=O)c3ccccc3OC3CCCCC32)c1,-6.456
Cc1c(C(=O)N2CCOC3(CCCCc4ccccc4OCCNC3=O)C2)oc2ccccc12,-6.244
CCN1CCOc2ccccc2CCCCC2(CN(C(=O)Cn3cnc4ccccc43)CCO2)C1=O,-5.706
CC(C)CC1COc2ccc(Cl)cc2C(=O)NCCCCN(C(=O)c2ccc(-n3ccnc3)nc2)CC(=O)N1,-6.745
CC(C)CC1COc2ccc(Cl)cc2C(=O)NCCCCN(C(=O)c2ccc(=O)n(CC(N)=O)c2)CC(=O)N1,-7.0
CCCc1cc(C(=O)N2CCCC3NC(=O)COc4ccccc4C/C=C/CC32)on1,-5.717
COCC12CCCCN(C(=O)c3ccc(C)cc3)CCOc3ccccc3C(=O)N(CC1)CC2,-5.169
CCCCN1CCOc2ccccc2CCCCC2(CN(C(=O)c3ncccc3C)CCO2)C1=O,-5.256
CCN1CCOc2ccccc2CCCCC2(CN(C(=O)c3cnn(C)c3)CCO2)C1=O,-5.285
CCN1CCOc2ccccc2CCCCC2(CN(C(=O)c3cnc(C)nc3C)CCO2)C1=O,-5.155
Nc1nc(C(=O)N2CCC3(CCCCc4ccccc4OCCOC3=O)CC2)cs1,-5.86
CCc1cc(C(=O)N2CCCCNC(=O)c3cc(Cl)ccc3OCC(CC(C)C)NC(=O)C2)on1,-5.928
CC(C)c1nc2ccccc2n1CCCC(=O)N1CCCC2NC(=O)COc3ccccc3C/C=C/CC21,-5.377
CNC(=O)C12CCCCN(C(=O)Cn3ccnc3)CCOc3ccccc3C(=O)N(CC1)CC2,-6.796
CCn1cc(C(=O)N2CCCCN(C)C(=O)c3cc(Cl)ccc3OCCC2)cn1,-6.26
CC(C)n1nccc1C(=O)N1CCCCNC(=O)c2cc(Cl)ccc2OCC(Cc2ccccc2)NC(=O)C1,-6.62
CCN1CCOc2ccccc2CCCCC2(CN(C(=O)CNC(C)=O)CCO2)C1=O,-6.013
CC(O)C1NC(=O)CC(C(=O)NCCCN2CCCC2=O)NC(=O)c2ccccc2OCCN(C)C1=O,-7.699
COCC12CCCCN(C(=O)c3ccnc(N)c3)CCOc3ccccc3C(=O)N(CC1)CC2,-6.602
CCN1CCOc2ccccc2CCCCC2(CN(C(=O)C3CCC(F)(F)CC3)CCO2)C1=O,-5.533
CCOCCNC(=O)C1CC(=O)NC(C(C)CC)C(=O)N(C)CCOc2ccccc2C(=O)N1,-7.0
O=C(CN1CCOC2(C/C=C/Cc3ccccc3OCCNC2=O)C1)Nc1cccc(F)c1,-5.706
CC(C)C1C(=O)N(C)CCCCN(C(=O)COc2ccccc2F)CCCCOc2ccc(Cl)cc2C(=O)N1C,-5.406
CCN1CCOc2ccccc2CCCCC2(CN(C(=O)CCCn3cccn3)CCO2)C1=O,-5.18
O=C(Cc1c(F)cccc1Cl)N1CCCCC2(CCN(Cc3ccccn3)CC2)C(=O)OCC(O)C(O)CC1,-6.056
Cc1c(C(=O)N2CCOC3(CCCCc4ccccc4OCCN(C)C3=O)C2)nnn1-c1ccc(F)cc1,-5.51
CCN1CCOc2ccccc2CCCCC2(CN(C(=O)c3cncnc3C)CCO2)C1=O,-5.231
O=C(Cc1ccc2c(c1)CN(Cc1ccccc1)CC(=O)NCCCCCO2)NCCO,-5.441
CCCCN1CCOc2ccccc2CCCCC2(CN(C(=O)c3cnc(C)nc3)CCO2)C1=O,-5.054
COc1cc(C)ccc1OCCNC(=O)C1CC(=O)NC(Cc2ccccc2)C(=O)N(C)CCOc2ccccc2C(=O)N1,-6.086
Cc1cc(CNC(=O)Cc2ccc3c(c2)CN(Cc2ccccc2)CC(=O)NCCCCCO3)[nH]n1,-5.541
Cc1nccc(C(=O)N2CCCCNC(=O)c3cc(Cl)ccc3OCC(CC(C)C)NC(=O)C2)n1,-6.721
CC(C)CC1NC(=O)C2(CCCCOCC(C)NC1=O)CCN(Cc1nccs1)CC2,-5.73
COc1cccc(CCCNC(=O)C2CC(=O)NC(Cc3ccccc3)C(=O)N3CCCC3COc3ccccc3C(=O)N2)c1,-5.876
CC1C(=O)N(C)CCCCN(C(=O)COc2ccc(F)cc2)CCCCOc2ccc(Cl)cc2C(=O)N1C,-5.114
Cc1c(C(=O)N2CCC3NC(=O)C(Cc4ccccc4)NC(=O)C4(C/C=C/CC3C2)CCOCC4)nnn1-c1ccc(Cl)cc1,-6.081
COCC12CCCCN(C(=O)COc3cccc(Cl)c3)CCOc3ccccc3C(=O)N(CC1)CC2,-5.458
CCOc1cccc2c1OCCCCCNC(=O)CN(C(=O)Cc1ccc(OC)cc1)C2,-5.213
CC(C)CC1NC(=O)CCC(C(=O)N(C)CCc2ccccc2)NC(=O)c2ccccc2OCCNC1=O,-5.733
CCc1nccn1CC(=O)N1CCOC2(CCCCc3ccccc3OCCN(CC)C2=O)C1,-5.78
COCC12CCCCN(C(=O)C3CN(C(C)=O)C3)CCOc3ccccc3C(=O)N(CC1)CC2,-6.523
CCN(CC)C(=O)CCc1ccc2c(c1)CN(C(C)C)CC(=O)NCCCCCO2,-4.52
COC1CN(C(C)=O)CCCN(C(=O)c2sc(C)nc2C)CCCCOCC(O)C1O,-6.959
CC(C)c1cc(C(=O)N2CCCC3(CCCCCOc4ccccc4C(=O)NC3)C2)on1,-5.326
CC(C)CC1NC(=O)CCC(C(=O)NCCCn2ccc(C(F)(F)F)n2)NC(=O)c2ccccc2OCC(C(C)C)NC(=O)C(C(C)C)NC1=O,-7.155
CC1CN(C(=O)CN2CCCCCCOc3ccccc3Oc3ncccc3C2)CC(C)O1,-6.086
O=C(c1cc(-c2ccc(F)cc2)n[nH]1)N1CCOC2(CCCCc3ccccc3OCCNC2=O)C1,-5.886
CC(C)CC1COc2ccc(Cl)cc2C(=O)NCCCCN(C(=O)CCc2ccccc2)CC(=O)N1,-5.254
O=C1COc2ccccc2C/C=C/CC2C(CCCN2CC(=O)N2CCN(c3ccccc3F)CC2)N1,-5.693
CN1CCCCN(C(=O)CCCn2cncn2)CCCOc2ccc(Cl)cc2C1=O,-6.481
CS(=O)(=O)N1CCC(CC(=O)N2CCCCC3(CCN(Cc4ccccn4)CC3)C(=O)OCC(O)C(O)CC2)CC1,-6.854
CC(C)CC1NC(=O)C2(CCCCOCC(C)NC1=O)CCN(Cc1cscn1)CC2,-6.62
COc1ccc(C)cc1CC(=O)N1CCOC2(CCCCc3ccccc3OCCNC2=O)C1,-5.394
CCN1CCCCN(C(=O)c2ccc(Cl)cc2)C(Cc2ccccc2)COc2ccccc2C1=O,-5.684
CCOc1cccc2c1OCCCCCNC(=O)CN(C(=O)COC)C2,-6.268
Cc1ccc(OCCNC(=O)C2CCC(=O)NC(Cc3ccccc3)C(=O)N(C)CCOc3ccccc3C(=O)N2)c(C)c1,-6.921
COCC12CCCCN(C(=O)Cc3cn(C)c4ccccc34)CCOc3ccccc3C(=O)N(CC1)CC2,-5.116
CCCCN1CCOc2ccccc2CCCCC2(CN(C(=O)c3ncccn3)CCO2)C1=O,-5.143
CN1CCCCN(C(=O)C2(c3cccc(F)c3)CCCC2)C2CCCCC2Oc2ccccc2C1=O,-5.77
O=C(CN1CCOC2(CCCCc3ccccc3OCCNC2=O)C1)Nc1ccc(F)cc1,-5.666
CN1CCN(C(=O)CN2CCCC(C)(C)COc3ccccc3Oc3ncccc3C2)CC1,-5.043
CCOc1ccc(CCCNC(=O)C2CC(=O)NC(C(C)C)C(=O)NCCCOc3ccccc3C(=O)N2)cc1OC,-7.155
CN1CCOc2ccccc2CCCCC2(CN(C(=O)CCc3ccccc3F)CCO2)C1=O,-5.857
CCCCN1CCOc2ccccc2CCCCC2(CN(C(=O)c3cn(C)nc3C)CCO2)C1=O,-5.084
Cc1cc(C(=O)N2CCCC3(CCCCCOc4ccccc4C(=O)NC3)C2)no1,-5.038
CC(C)CC(CO)NC(=O)CN1CCCCCCOc2ccccc2Oc2ncccc2C1,-5.112
CCCCN1CCOc2ccccc2CCCCC2(CN(C(=O)c3cccc4ncccc34)CCO2)C1=O,-5.74
O=C(CN1CCCCCCOc2ccccc2Oc2ncccc2C1)N1CCC(O)CC1,-6.208
O=C(c1ccc2c(c1)OCO2)N1CCCCC2(CO)CCN(CC2)C(=O)c2ccccc2OCC1,-6.538
COCCC(=O)N1CCCCC2(COC)CCN(CC2)C(=O)c2ccccc2OCC1,-5.674
CN1CC2(CCN(C(=O)CCc3ccccc3)CC2)CC(O)C(O)Cc2ccccc2OCC1=O,-7.046
O=C(/C=C/c1cccc(C(F)(F)F)c1)N1CCCCOCC(O)C(O)C(O)CN(C(=O)c2ccc(F)cc2)CC1,-7.301
CN1CCOc2ccccc2C(=O)NC(C(=O)NCC(C)(C)c2ccc(F)cc2)CCC(=O)NC(Cc2ccc(O)cc2)C1=O,-6.602
CC(C)CC1NC(=O)CC(C(=O)N2CCCC2)NC(=O)c2ccccc2OCCNC1=O,-7.155
CC(C)CC1NC(=O)CC(C(=O)NCCCN2CCCC2=O)NC(=O)c2ccccc2OCCCNC1=O,-7.523
CC(C)CC1COc2ccccc2C(=O)NC(C(=O)NCC(C)(C)c2ccc(F)cc2)CC(=O)N2CCCC2C(=O)N1,-5.695
CNC(=O)C12CCCCN(C(=O)c3cn(C)c4ccccc34)CCOc3ccccc3C(=O)N(CC1)CC2,-6.699
CC1NC(=O)CC(C(=O)NCCc2cnccn2)NC(=O)c2ccccc2OCC(Cc2ccccc2)N(C)C1=O,-7.097
CNC(=O)C12CCCCN(C(=O)CC3CCCC3)CCOc3ccccc3C(=O)N(CC1)CC2,-6.409
O=C1CC(C(=O)NCc2ccc(CN3CCOCC3)cc2)NC(=O)c2ccccc2OCCNC(=O)C(CO)N1,-7.155
CC(C)CC1COc2ccc(Cl)cc2C(=O)NCCCCN(C(=O)CC2CC2)CC(=O)N1,-5.674
Cc1ccc(Cl)c(OCC(=O)N2CCOC3(CCCCc4ccccc4OCCNC3=O)C2)c1,-6.42
CC(C)C1NC(=O)CC(C(=O)NCc2ccc(CN3CCCC3=O)cc2)NC(=O)c2ccccc2OCC2CCCN2C1=O,-7.097
CCOc1ccc(CCCNC(=O)C2CC(=O)NC(CCC(N)=O)C(=O)N(C)CCOc3ccccc3C(=O)N2)cc1OC,-7.0
COC1CN(C(C)=O)CC(CC(C)C)N(C(=O)/C=C/c2cccs2)CCCCOCC(O)C1O,-6.187
CC(C)CC1NC(=O)CC(C(=O)N2CC(C)OC(C)C2)NC(=O)c2ccccc2OCCN(C)C1=O,-7.222
CNC(=O)C12CCCCN(C(=O)CCC3CCCC3)CCOc3ccccc3C(=O)N(CC1)CC2,-6.26
CC1(C)CCCN(CC(=O)NCc2ccccn2)Cc2cccnc2Oc2ccccc2OC1,-5.052
O=C1CC(C(=O)NCC2(c3cccc(F)c3)CCOCC2)NC(=O)c2ccccc2OCCNC(=O)C(CO)N1,-7.0
CN1CCOc2ccccc2CCCCC2(CN(C(=O)C3CCN(C(=O)OC(C)(C)C)CC3)CCO2)C1=O,-5.439
CC(C)CC1NC(=O)CC(C(=O)NCCc2ccc(F)cc2)NC(=O)c2ccccc2OCCN(C)C1=O,-5.764
CCCN1CCCCN(C(=O)Cc2cccs2)C2CCCCC2Oc2ccccc2C1=O,-5.783
CCCN1CCCCN(C(=O)c2ccc(F)cc2F)C2CCCCC2Oc2ccccc2C1=O,-5.17
Cc1ncsc1C(=O)N1CCCC2(CCCCCOc3ccccc3C(=O)NC2)C1,-5.239
COCC12CCCCN(C(=O)Cn3cncn3)CCOc3ccccc3C(=O)N(CC1)CC2,-5.45
CC(C)C1COc2ccccc2C(=O)NC(C(=O)NCCOc2ccc(Cl)cc2)CCC(=O)NC(C(C)C)C(=O)N1,-7.155
c1ccc2c(c1)OCCCCCNC(=NCCN1CCOCC1)c1cccnc1O2,-6.678
CNC(=O)C12CCCCN(C(=O)c3cccc4cc[nH]c34)CCOc3ccccc3C(=O)N(CC1)CC2,-6.745
CC1CCN(CC(=O)N2CCCCNC(=O)c3cc(Cl)ccc3OCC(C(C)C)NC(=O)C2)CC1,-6.523
CC(C)c1nnsc1CNC(=O)CN1CCCCCCOc2ccccc2Oc2ncccc2C1,-5.399
COCC12CCCCN(C(=O)Cc3ccccc3)CCOc3ccccc3C(=O)N(CC1)CC2,-4.974
CC(C)CC1COc2ccc(Cl)cc2C(=O)NCCCCN(C(=O)c2cc(C(C)(C)C)n[nH]2)CC(=O)N1,-6.921
CC(C)N1CC(=O)NCCCCCOc2ccc(CCC(=O)N3CCN(c4ccc5c(c4)OCCO5)CC3)cc2C1,-5.112
CN1CCCCN(C(=O)COc2ccc(F)cc2)CCCOc2ccc(Cl)cc2C1=O,-5.014
CC(C)C1COc2ccc(Cl)cc2C(=O)NCCCCN(C(=O)Cc2cn(C)c3ccccc23)CC(=O)N1,-5.541
Cc1nn(CCNC(=O)Cc2ccc3c(c2)CN(Cc2ccccc2)CC(=O)NCCCCCO3)c(C)c1Cl,-5.416
COc1ccc(CCCNC(=O)C2CCC(=O)NC(CC(C)C)C(=O)NC(C(C)C)COc3ccccc3C(=O)N2)cc1OC,-7.155
COCc1ccccc1CNC(=O)Cc1ccc2c(c1)CN(Cc1ccccc1)CC(=O)NCCCCCO2,-5.516
CN1CCCCN(C(=O)c2cc(F)cc(F)c2)CCOc2ccc(Cl)cc2C1=O,-4.989
O=C(CN1CCC2NC(=O)C(Cc3ccccc3)NC(=O)C3(C/C=C/CC2C1)CCOCC3)Nc1cccc2c1CCCC2,-6.137
CC(C)CC1COc2ccc(Cl)cc2C(=O)NCCCCN(C(=O)Cc2cccc(F)c2)CC(=O)N1,-5.458
CC(C)C1NC(=O)CC(C(=O)N(C)CCOc2ccc(Cl)cc2)NC(=O)c2ccccc2OCC2CCCN2C1=O,-5.577
CCOc1cccc2c1OCCCCCNC(=O)CN(C(=O)c1ccccc1OC)C2,-5.169
CN1CCCCN(C(=O)c2ccc(Cl)cc2)C2CCCCC2Oc2ccccc2C1=O,-5.187
CCCCN1CCOc2ccccc2C(=O)NC(C(=O)NCC2CCCO2)CCC(=O)NC(CC(C)C)C1=O,-6.745
CC(C)C1NC(=O)CCC(C(=O)NCC2CC2)NC(=O)c2ccccc2OCC(Cc2ccccc2)N(C)C1=O,-6.638
CC(C)C1NC(=O)CC(C(=O)NCCOCc2ccccc2Cl)NC(=O)c2ccccc2OCC2CCCN2C1=O,-5.947
CCN1CCCCN(C(=O)c2cccc(F)c2)C(Cc2ccccc2)COc2ccccc2C1=O,-5.223
O=C1NCCCCN(C(=O)CC2(O)CCCCC2)CCCCOc2ccc(Cl)cc21,-5.063
CN1CCOc2ccccc2CCCCC2(CN(C(=O)CCCn3cccn3)CCO2)C1=O,-5.01
CC1(C)CCCN(CC(=O)NCc2ccc(Oc3cccnc3)cc2)Cc2cccnc2Oc2ccccc2OC1,-6.387
Cc1cc(C(=O)N2CCCCN(C)C(=O)c3ccccc3OCC2Cc2ccccc2)no1,-4.851
CCN1CCOc2ccccc2CCCCC2(CN(C(=O)C(C)(C)NC(=O)Cc3ccc(F)cc3)CCO2)C1=O,-5.331
COc1ncccc1C(=O)N1CCCCC2(COc3cccnc3)CCN(CC2)C(=O)c2ccccc2OCC1,-5.914
Cc1ncsc1C(=O)N1CCCCOc2ccc(Cl)cc2C(=O)N(C)C(C(C)C)C(=O)N(C)CCCC1,-5.229
CCN1CCN(C(=O)C2CC(=O)NC(C)C(=O)N3CCCC3COc3ccccc3C(=O)N2)CC1,-6.854
COCC12CCCCN(C(=O)c3cccc4[nH]ccc34)CCOc3ccccc3C(=O)N(CC1)CC2,-6.77
CC(C)C1COc2ccccc2C(=O)NC/C=C/CC2(CCN(CC(=O)Nc3ccc(F)cc3)CC2)C(=O)N1,-6.854
CN1CC(=O)N(C)C(Cc2ccccc2)COc2ccccc2C(=O)NC(C(=O)NCC2CC2)CCC1=O,-6.854
CC(O)C1NC(=O)CC(C(=O)NCC2CC2)NC(=O)c2ccccc2OCCCNC1=O,-7.523
COc1cccc(CN2CCN(C(=O)C3CC(=O)NC(CC(C)C)C(=O)NCCOc4ccccc4C(=O)N3)CC2)c1,-7.046
O=C(CN1CCOC2(CCCCc3ccccc3OCCNC2=O)C1)Nc1ccccc1C(F)(F)F,-5.939
CCCCN1CCOc2ccccc2CCCCC2(CN(C(=O)c3cc[nH]n3)CCO2)C1=O,-5.434
CCN1CCOc2ccccc2CCCCC2(CN(C(=O)c3ccc(F)cc3)CCO2)C1=O,-5.714
CC(C)CC1COc2ccc(Cl)cc2C(=O)NCCCCN(C(=O)CCCn2cncn2)CC(=O)N1,-6.585
CC1CN(C(=O)C2CC(=O)NC(C(C)C)C(=O)NC(Cc3ccccc3)COc3ccccc3C(=O)N2)CC(C)O1,-5.955
CCN1CCOc2ccccc2CCCCC2(CN(C(=O)c3c(C)noc3C)CCO2)C1=O,-5.303
CCN1CC(=O)NC(C(C)C)C(=O)NC(C)COc2ccccc2C(=O)NC(C(=O)NCc2ccc(CN3CCOCC3)cc2)CC1=O,-6.553
Cc1nn(C)cc1C(=O)N1CCC2(CCCCCOc3ccccc3C(=O)NC2)CC1,-5.983
CCCCN1CCOc2ccccc2CCCCC2(CN(C(=O)c3ncoc3C)CCO2)C1=O,-5.358
Cc1nc(C)n(CC(=O)N2CCCCC3(CCN(Cc4ccccn4)CC3)C(=O)OCC(O)C(O)CC2)n1,-6.481
CN1CCCCN(S(=O)(=O)c2cc(F)cc(F)c2)C2CCCCC2Oc2ccccc2C1=O,-5.399
COc1ccc(C(=O)N2CCC3(CC2)CC(O)C(O)Cc2ccccc2OCC(=O)N(C)C3)cc1,-7.222
Cc1ccccc1CNC(=O)C1CC(=O)NC(CC(C)C)C(=O)NCCOc2ccccc2C(=O)N1,-6.854
Cc1cc(C)n(CCNC(=O)Cc2ccc3c(c2)CN(Cc2ccccc2)CC(=O)NCCCCCO3)n1,-5.25
CC(C)CC1NC(=O)CC(C(=O)NCCC(c2ccccc2)c2ccccc2)NC(=O)c2ccccc2OCCN(C)C1=O,-6.244
CC(C)C1NC(=O)CC(C(=O)NCCCN2CCCC2=O)NC(=O)c2ccccc2OCC2CCCN2C1=O,-7.222
O=C(CCC(F)(F)F)N1CCCCC2(CO)CCN(CC2)C(=O)c2ccccc2OCC1,-6.658
CCCCN1CCOc2ccccc2C(=O)NC(C(=O)N2CCC(OC)CC2)CC(=O)NC(Cc2ccccc2)C1=O,-6.041
COc1ccc(/C=C/C(=O)N2CCCCOCC(O)C(O)C(OC)CN(C(C)=O)CC2CC(C)C)cc1OC,-7.046
CN1CCCCN(C(=O)C2CCOCC2)CCCOc2ccc(Cl)cc2C1=O,-5.745
COc1ccc(OCCNC(=O)C2CCC(=O)NC3(CC3)C(=O)N(C)C(Cc3ccccc3)COc3ccccc3C(=O)N2)cc1,-6.959
COc1ccccc1CC(=O)N1CCCCNC(=O)c2cc(Cl)ccc2OCC(C(C)C)NC(=O)C1,-5.541
CC(O)C1NC(=O)CC(C(=O)NCCCc2ccccc2)NC(=O)c2ccccc2OCCCNC1=O,-7.222
CN(CCC(=O)N1CCOC2(CCCCc3ccccc3OCCNC2=O)C1)Cc1ccccn1,-6.208
CC(C)CC1COc2ccc(Cl)cc2C(=O)NCCCCN(C(=O)c2cccc3ncccc23)CC(=O)N1,-7.0
Cc1nc(CC(=O)N2CCCCC3(CCN(Cc4ccccn4)CC3)C(=O)OCC(O)C(O)CC2)cs1,-6.108
CCCCN1CCOc2ccccc2CCCCC2(CN(C(=O)c3cccnn3)CCO2)C1=O,-5.047
CC(=O)N1CC(C(=O)N2CCCCC3(CCN(Cc4ccccn4)CC3)C(=O)OCC(O)C(O)CC2)C1,-6.328
CNC(=O)C12CCCCN(C(=O)c3cc(C)n[nH]3)CCOc3ccccc3C(=O)N(CC1)CC2,-7.222
CCCCN1CCOc2ccccc2CCCCC2(CN(C(=O)CN3CCCCCC3=O)CCO2)C1=O,-5.159
CNC(=O)C12CCCCN(C(=O)CN3CCOCC3)CCOc3ccccc3C(=O)N(CC1)CC2,-6.553
COc1ccc(C(=O)N2CCCCC3(CO)CCN(CC3)C(=O)c3ccccc3OCC2)cn1,-6.921
O=C(CN1CCCCCCOc2ccccc2Oc2ncccc2C1)N1CCN(Cc2ccc(F)cc2)CC1,-6.06
CCN1CCCCN(C(=O)c2ccccc2OC)C2CCCCC2Oc2ccccc2C1=O,-5.123
COC1CN(C(C)=O)CCCN(CC(=O)Nc2cc(C)ccc2F)CCCCOCC(O)C1O,-7.046
CN1CCCCN(C(=O)c2ccccc2C(F)(F)F)C2CCCCC2Oc2ccccc2C1=O,-5.341
O=C1COc2ccccc2C/C=C/CC2C(CCCN2C(=O)CCCc2nc3ccccc3c(=O)[nH]2)N1,-6.77
CCC(CC)NC1=NCCCCCOc2ccccc2Oc2ncccc21,-5.971
Cc1nccc(C(=O)N2CCCCNC(=O)c3cc(Cl)ccc3OCC(C(C)C)NC(=O)C2)n1,-6.796
COCC12CCCCN(C(=O)c3cc(C)n(C)n3)CCOc3ccccc3C(=O)N(CC1)CC2,-5.569
CCCCN1CCOc2ccccc2CCCCC2(CN(C(=O)c3cccc(COC)c3)CCO2)C1=O,-5.845
CC1COc2ccccc2CCCCC2(CCN(C(=O)c3ccnn3C)CC2)C(=O)N1,-5.134
O=C1NCCCCN(C(=O)c2cc(F)ccc2F)CCCCOc2ccc(Cl)cc21,-5.094
CCN1CCOc2ccccc2CCCCC2(CN(C(=O)CN3CCOCC3)CCO2)C1=O,-5.126
CC(C)N1CC(=O)NCCCCCOc2ccc(CCC(=O)NC3CCCCC3Cc3ccccc3)cc2C1,-6.268
O=C1CC(C(=O)NCC2CC2)NC(=O)c2ccccc2OCC2CCCN2C(=O)C(Cc2ccccc2)N1,-6.921
CC(C)N1CC(=O)NCCCCCOc2ccc(CCC(=O)N3CCCC3c3cc(C(F)(F)F)[nH]n3)cc2C1,-5.352
O=C1NC2CCN(C(=O)CCc3nc4ccc(Cl)cc4[nH]3)CC2C/C=C/CC2(CCOCC2)C(=O)NC1Cc1ccccc1,-6.432
COC1CN(C(C)=O)CCCN(C(=O)c2cncs2)CCCCOCC(O)C1O,-7.398
COc1cccc(C(=O)N2CCCCNC(=O)c3cc(Cl)ccc3OCC(CC(C)C)NC(=O)C2)c1,-5.833
CCN1CCOc2ccccc2CCCCC2(CN(C(=O)c3ccn(C)n3)CCO2)C1=O,-5.223
COc1cccc(C2C(C(C)C)CN(C(C)=O)CC(OC)C(O)C(O)COCCCCN2C(=O)CN2CCc3ccccc32)c1,-5.876
COCC(=O)N1CCCCC2(COC)CCN(CC2)C(=O)c2ccccc2OCC1,-6.194
O=C(c1ccc2ccccc2n1)N1CCCCC2(CO)CCN(CC2)C(=O)c2ccccc2OCC1,-6.276
Cc1nn(Cc2ccccc2)c(C)c1NC(=O)CN1CCOC2(C/C=C/Cc3ccccc3OCCNC2=O)C1,-5.588
CN1CC2(CCN(C(=O)c3cnc[nH]3)CC2)CC(O)C(O)Cc2ccccc2OCC1=O,-7.523
CCOc1cccc2c1OCCCCCNC(=O)CN(C(=O)CC(C)(C)C)C2,-4.841
Nc1ncc(C(=O)N2CCCCC3(CO)CCN(CC3)C(=O)c3ccccc3OCC2)s1,-7.398
CCCCN1CCOc2ccccc2CCCCC2(CN(C(=O)c3ccncn3)CCO2)C1=O,-5.075
Cc1cc(F)ccc1S(=O)(=O)N1CCCCN(C)C(=O)c2ccccc2OC2CCCCC21,-5.484
CN1C(=O)C(CO)NC(=O)CCC(C(=O)NCCCc2ccccc2)NC(=O)c2ccccc2OCC1Cc1ccccc1,-7.398
COCC12CCCCN(C(=O)c3ccccc3C)CCOc3ccccc3C(=O)N(CC1)CC2,-5.029
CCCCN1CCOc2ccccc2CCCCC2(CN(C(=O)c3cncnc3C)CCO2)C1=O,-4.979
CCN1CCOc2ccccc2CCCCC2(CN(C(=O)c3ncccn3)CCO2)C1=O,-5.963
O=C(CN1CCCCCCOc2ccccc2Oc2ncccc2C1)NCCc1ccc2c(c1)OCO2,-5.703
Cc1cc(C)n(CCNC(=O)CN2CCCC(C)(C)COc3ccccc3Oc3ncccc3C2)n1,-5.232
O=C(CN1CCOC2(C/C=C/Cc3ccccc3OCCNC2=O)C1)N1CCN(c2ccccc2F)CC1,-5.324
Cc1cnn(CC(=O)N2CCCC3(CCCCCOc4ccccc4C(=O)NC3)C2)c1,-5.19
CN1CCCCN(C(=O)Cc2cccnc2)CCOc2ccc(Cl)cc2C1=O,-6.357
CCN(CC)C(=O)CN1CCOC2(C/C=C/Cc3ccccc3OCCNC2=O)C1,-5.407
CCN1CCOc2ccccc2CCCCC2(CN(C(=O)c3n[nH]c4c3CCCC4)CCO2)C1=O,-5.457
c1ccc(N2CCN(/C3=N/CCCCCOc4ccccc4Oc4ncccc43)CC2)nc1,-5.228
Cc1cc(C(=O)N2CCCCOc3ccc(Cl)cc3C(=O)N(C)C(C)C(=O)N(C)CCCC2)on1,-5.298
COCC1CCCN1C(=O)C1CC(=O)NCCCC(=O)N(C)CCOc2ccccc2C(=O)N1,-7.222
CN1C(=O)C(CO)NC(=O)CCC(C(=O)NCC2(c3cccc(F)c3)CCOCC2)NC(=O)c2ccccc2OCC1Cc1ccccc1,-7.523
CN1CC2(CCN(C(=O)C3CCC3)CC2)CC(O)C(O)Cc2ccccc2OCC1=O,-6.886
Cc1nn(C)cc1C(=O)N1CCC2(CCCCCCOc3ccccc3C(=O)NC2)CC1,-5.312
CC(C)N1CCOc2ccccc2CCCCC2(CN(C(=O)C3=NN(c4ccccc4)C(=O)C3)CCO2)C1=O,-6.056
CCN1CCOc2ccccc2CCCCC2(CN(C(=O)c3scnc3C)CCO2)C1=O,-5.068
CC(C)C1NC(=O)CC(C(=O)NCC(C)(C)c2ccc(F)cc2)NC(=O)c2ccccc2OCCN(C)C1=O,-5.593
CC(=O)N1CCCN(C(=O)C2CCC(=O)NC(CC(C)C)C(=O)NC(C(C)C)C(=O)NC(C(C)C)COc3ccccc3C(=O)N2)CC1,-7.398
CC(C)C1NC(=O)CC(C(=O)NCc2cccc(CN3CCOCC3)c2)NC(=O)c2ccccc2OCC2CCCN2C1=O,-7.046
CN1CCOc2ccccc2C(=O)NC(C(=O)N(C)CCOc2ccc(Cl)cc2)CC(=O)NC(Cc2ccccc2)C1=O,-5.625
COc1ccccc1N1CCN(C(=O)CN2CCOC3(C/C=C/Cc4ccccc4OCCNC3=O)C2)CC1,-5.19
CC(C)(CNC(=O)CN1CCC2(CCCCc3ccccc3OCCCNC2=O)CC1)c1cccc(F)c1,-5.967
CC1COc2ccccc2CCCCC2(CCN(C(=O)Cc3cccnc3)CC2)C(=O)N1,-5.886
CN1CCCCN(C(=O)c2cnc(N(C)C)nc2)CCOc2ccc(Cl)cc2C1=O,-6.538
CCN1CCOc2ccccc2CCCCC2(CN(C(=O)C3CCN(C(C)=O)CC3)CCO2)C1=O,-6.066
CC1(NC(=O)CN2CCOC3(C/C=C/Cc4ccccc4OCCNC3=O)C2)CCS(=O)(=O)C1,-6.102
COCC12CCCCN(C(=O)C3CCCCCC3)CCOc3ccccc3C(=O)N(CC1)CC2,-5.298
Cc1nc(/C=C/C(=O)N2CCCCOCC(O)C(O)C(O)CN(C(=O)c3ccc(F)cc3)CC2)cs1,-7.155
CCCCN1CCOc2ccccc2CCCCC2(CN(C(=O)Cn3cnc4ccccc43)CCO2)C1=O,-6.229
Cn1nccc1C(=O)N1CCCCC2(CO)CCN(CC2)C(=O)c2ccccc2OCC1,-7.155
CC1(C)CCCN(CC(=O)NCC2CCOCC2)Cc2cccnc2Oc2ccccc2OC1,-5.105
CC(C)CNC(=O)CCc1ccc2c(c1)CN(Cc1ccccc1)CC(=O)NCCCCCO2,-5.139
COCCCNC(=O)C1CCC(=O)N2CCCC2C(=O)N(C)CCOc2ccccc2C(=O)N1,-7.046
CCCCN1CCOc2ccccc2C(=O)NC(C(=O)NCc2cccc(CN3CCOCC3)c2)CC(=O)NC(CC(C)C)C1=O,-6.102
O=C(Cc1c[nH]c(=O)[nH]c1=O)N1CCOC2(C/C=C/Cc3ccccc3OCCNC2=O)C1,-7.523
O=C(Cc1ccccc1)N1CCOC2(CCCCc3ccccc3OCCNC2=O)C1,-5.16
CCCn1cc(Cl)c(C(=O)N2CCOC3(CCCCc4ccccc4OCCNC3=O)C2)n1,-5.203
Cc1ccc(F)c(NC(=O)CN2CCOC3(C/C=C/Cc4ccccc4OCCNC3=O)C2)c1,-5.616
c1ccc(CCN/C2=N/CCCCCOc3ccccc3Oc3ncccc32)nc1,-6.523
COc1ccc(OCCCNC(=O)C2CCC(=O)NC3(CC3)C(=O)N(C)C(Cc3ccccc3)COc3ccccc3C(=O)N2)cc1,-7.046
CCCCN1CCOc2ccccc2C(=O)NC(C(=O)NC2CCOCC2)CC(=O)NC(Cc2ccccc2)C1=O,-6.824
CCN1CCOc2ccccc2CCCCC2(CN(C(=O)COc3cc(C)nc4ccccc34)CCO2)C1=O,-6.056
CCN1CCOc2ccccc2CCCCC2(CN(C(=O)COc3ccc(S(N)(=O)=O)cc3C)CCO2)C1=O,-7.046
CCCCN1CCOc2ccccc2CCCCC2(CN(C(=O)Cc3c(C)nc4ccccn34)CCO2)C1=O,-5.764
CC(C)C1COc2ccc(Cl)cc2C(=O)NCCCCN(C(=O)C2CCC(F)(F)CC2)CC(=O)N1,-6.796
Cc1cc(N(C)C)nc(C2CCN(C(=O)CCc3ccc4c(c3)CN(C(C)C)CC(=O)NCCCCCO4)C2)n1,-5.382
CN1C(=O)C(CCC(N)=O)NC(=O)CCC(C(=O)NCc2cccc(CN3CCOCC3)c2)NC(=O)c2ccccc2OCC1Cc1ccccc1,-6.796
CCN1CCOc2ccccc2CCCCC2(CN(C(=O)c3cn(C)nc3C)CCO2)C1=O,-5.226
Cc1nn(C)c(C)c1CCNC(=O)C1CCC(=O)NC(CCC(N)=O)C(=O)N(C)C(Cc2ccccc2)COc2ccccc2C(=O)N1,-7.046
CN1CCOc2ccccc2C(=O)NC(C(=O)NCC(C)(C)c2ccc(F)cc2)CC(=O)NCCC1=O,-6.886
COCc1nnc(NC(=O)CN2CCOC3(C/C=C/Cc4ccccc4OCCNC3=O)C2)s1,-5.747
Cc1ccc(C(C)C)cc1OCCNC(=O)C1CC(=O)NC(CC(C)C)C(=O)N(C)CCOc2ccccc2C(=O)N1,-5.699
COc1ccc(CCCNC(=O)C2CC(=O)NC(Cc3ccccc3)C(=O)N(C)CCOc3ccccc3C(=O)N2)cc1OC,-7.222
CN1CCOc2ccccc2CCCCC2(CN(C(=O)Cn3cnc4ccccc4c3=O)CCO2)C1=O,-5.499
CC1(C)CCCN(CC(=O)NCCN2CCCC2=O)Cc2cccnc2Oc2ccccc2OC1,-5.038
COCCNC(=O)CN1CCCC(C)(C)COc2ccccc2Oc2ncccc2C1,-5.156
CN1CCOc2ccccc2CCCCC2(CN(C(=O)Cn3ncc4ccccc4c3=O)CCO2)C1=O,-5.516
COc1cccc(OCC(=O)N2CCCCC3(CO)CCN(CC3)C(=O)c3ccccc3OCC2)c1,-6.886
CC(C)(CNC(=O)CN1CCC2(CCCCc3ccccc3OCCCNC2=O)CC1)c1ccc(F)cc1,-5.025
O=C1CC(C(=O)NCc2ccc(CN3CCCC3=O)cc2)NC(=O)c2ccccc2OCCNC(=O)C(Cc2ccccc2)N1,-7.699
CNC(=O)C12CCCCN(C(=O)C3Cc4ccccc4C3)CCOc3ccccc3C(=O)N(CC1)CC2,-6.456
CC(C)N1CC(=O)NCCCCCOc2ccc(CCC(=O)N3CCCC(c4cc5cccnc5[nH]4)C3)cc2C1,-5.345
CCN1CCOc2ccccc2CCCCC2(CN(C(=O)c3ccccn3)CCO2)C1=O,-5.059
CCn1nc(C(=O)N2CCCCOc3ccc(Cl)cc3C(=O)N(C)C(Cc3ccccc3)C(=O)N(C)CCCC2)cc1C,-5.168
CCN1CCOc2ccccc2CCCCC2(CN(C(=O)Cc3ccccc3)CCO2)C1=O,-5.914
COc1cccc(C(=O)N2CCCCN(C)C(=O)c3ccccc3OC3CCCCC32)c1,-5.362
CC(C)N1CC(=O)NCCCCCOc2ccc(CCC(=O)NC(CO)Cc3ccccc3)cc2C1,-5.302
COCC12CCCCN(C(=O)c3cccnc3C)CCOc3ccccc3C(=O)N(CC1)CC2,-6.004
CC(C)CN=C1NCCCCCOc2ccccc2Oc2ncccc21,-6.276
CCOc1ccc(CNC(=O)CN2CCCC(C)(C)COc3ccccc3Oc3ncccc3C2)cc1,-6.284
CC(C)C1COc2ccccc2C(=O)NC/C=C/CC2(CCN(CC(=O)NC3C4CC5CC(C4)CC3C5)CC2)C(=O)N1,-5.821
CC(C)C1NC(=O)CCC(C(=O)NCc2cccc(CN3CCOCC3)c2)NC(=O)c2ccccc2OCCN(C)C1=O,-6.387
O=C(CN1Cc2ccccc2C1=O)N1CCOC2(CCCCc3ccccc3OCCNC2=O)C1,-6.602
COC1CN(C(C)=O)CCCN(CC(=O)Nc2ccccc2)CCCCOCC(O)C1O,-7.0
CN1CC2(CCCCc3ccccc3OCC1=O)CCN(C(=O)c1cnccn1)CC2,-5.148
CC(C)NC(=O)c1ccc2c(c1)Cc1cccc(c1)C(=O)NCCOCCO2,-6.553
CC(C)CC1NC(=O)CC(C(=O)NCCOc2ccc(Cl)cc2)NC(=O)c2ccccc2OCCN(C)C1=O,-5.917
CN(Cc1ccccc1)C(=O)CN1CCCCCCOc2ccccc2Oc2ncccc2C1,-6.222
CCN1CCN(C(=O)C2CC(=O)NC(Cc3ccccc3)C(=O)N3CCCC3COc3ccccc3C(=O)N2)CC1,-6.745
CCCCN1CCOc2ccccc2C(=O)NC(C(=O)NCc2ccc(C(=O)N(C)C3CCOCC3)cc2)CC(=O)NC(CC(C)C)C1=O,-7.301
O=C1CN(Cc2ccccc2)Cc2cc(CCC(=O)NC3CC3)ccc2OCCCCCN1,-5.179
Cc1ccccc1OCCN(C)C(=O)C1CC(=O)NC(C(C)C)C(=O)N2CCCC2COc2ccccc2C(=O)N1,-5.526
CCN1CCOc2ccccc2CCCCC2(CN(C(=O)c3nnn(-c4ccc(F)cc4)c3C)CCO2)C1=O,-6.18
CN1CCCCN(S(=O)(=O)c2ccc(Cl)cc2Cl)C2CCCCC2Oc2ccccc2C1=O,-6.481
CCC(C)C1NC(=O)CC(C(=O)N2CCc3ccccc3CC2)NC(=O)c2ccccc2OCCN(C)C1=O,-5.674
CCn1nc(C(=O)N2CCCCNC(=O)c3cc(Cl)ccc3OCC(C(C)C)NC(=O)C2)cc1C,-6.854
COc1cccc(C2C(C(C)C)CN(C(C)=O)CC(OC)C(O)C(O)COCCCCN2C(=O)c2ccccc2OC)c1,-6.638
COCC12CCCCN(C(=O)c3csc(N)n3)CCOc3ccccc3C(=O)N(CC1)CC2,-7.046
CC1C(=O)N(C)CCCCN(C(=O)COc2ccccc2F)CCCCOc2ccc(Cl)cc2C(=O)N1C,-5.112
CNC(=O)C12CCCCN(C(=O)CN(C)C)CCOc3ccccc3C(=O)N(CC1)CC2,-6.796
CN1CCCCN(C(=O)C(C)(C)C)C2CCCCC2Oc2ccccc2C1=O,-4.88
CC(C)N1CC(=O)NCCCCCOc2ccc(CCC(=O)Nc3cccc(Cl)c3)cc2C1,-5.207
O=C(Cc1ccc(F)cc1)N1CCOC2(CCCCc3ccccc3OCCNC2=O)C1,-5.311
CCN1CCN(C(=O)C2CCC(=O)NC(CC(C)C)C(=O)NC(C(C)C)COc3ccccc3C(=O)N2)CC1,-6.886
O=C1NCCOCCOc2ccc(C(=O)N3CCC(CO)CC3)cc2Cc2cccc1c2,-7.222
O=C1NCCCCN(C(=O)c2cccc(C(F)(F)F)c2)CCCCOc2ccc(Cl)cc21,-5.369
Cc1nn(C)c(C)c1CCNC(=O)C1CCC(=O)NC(CC(C)C)C(=O)N(C)C(Cc2ccccc2)COc2ccccc2C(=O)N1,-7.097
Cc1cc(C(=O)N2CCCCC3(CO)CCN(CC3)C(=O)c3ccccc3OCC2)no1,-6.824
CC(C)C1COc2ccccc2C(=O)NCCCOc2ccccc2C(=O)NC(C(=O)NCc2ccc(CN3CCOCC3)cc2)CCC(=O)N1,-7.523
CC(C)CC1COc2ccc(Cl)cc2C(=O)NCCCCN(C(=O)c2cc[nH]n2)CC(=O)N1,-7.301
O=C1CC(C(=O)NCCOc2ccc(Cl)cc2)NC(=O)c2ccccc2OCCNC(=O)C(CO)N1,-7.699
CN1C(=O)C2(CC2)NC(=O)CCC(C(=O)NCC2(c3cccc(F)c3)CCOCC2)NC(=O)c2ccccc2OCC1Cc1ccccc1,-7.046
CC(C)C1COc2ccc(Cl)cc2C(=O)NCCCCN(C(=O)c2cccc(-n3cnnc3)c2)CC(=O)N1,-7.301
Cc1nn(Cc2ccccc2)c(C)c1NC(=O)CN1CCOC2(CCCCc3ccccc3OCCNC2=O)C1,-5.499
CCC(CC)C(=O)N1CCCCN(C)C(=O)c2ccccc2OC2CCCCC21,-4.821
CCn1nc(C(=O)N2CCOC3(CCCCc4ccccc4OCCN(C)C3=O)C2)c2ccccc2c1=O,-5.457
Cc1c(C(=O)N2CCOC3(CCCCc4ccccc4OCCNC3=O)C2)nnn1-c1ccc(Cl)cc1,-5.6
Cc1cc(C(=O)N2CCCCNC(=O)c3cc(Cl)ccc3OCC(CC(C)C)NC(=O)C2)no1,-5.939
CC1(C)CCCN(CC(=O)N2CCC(CO)CC2)Cc2cccnc2Oc2ccccc2OC1,-5.162
CC(C)N1CCOCCOc2ccc(C(=O)N3CCC(CO)CC3)cc2Cc2cccc(c2)C1,-6.292
CC(C)C1C(=O)N(C)CCCCN(C(=O)c2ccc(F)cc2)CCCCOc2ccc(Cl)cc2C(=O)N1C,-5.218
CN1CCOc2ccccc2CCCCC2(CN(C(=O)COc3ccccc3)CCO2)C1=O,-5.78
Cc1cc(NC(=O)CN2CCC3(C/C=C/CNC(=O)c4ccccc4OCC(C(C)C)NC3=O)CC2)no1,-5.979
O=C(Cc1c(F)cccc1Cl)N1CCOC2(CCCCc3ccccc3OCCNC2=O)C1,-5.289
CCCCN1CCOc2ccccc2C(=O)NC(C(=O)N2CCC(OC)CC2)CC(=O)NC(CC(C)C)C1=O,-5.951
CCN1CCOc2ccccc2CCCCC2(CN(C(=O)CCc3ccccc3)CCO2)C1=O,-5.987
COCC12CCCCN(C(=O)c3cccc(F)c3)CCOc3ccccc3C(=O)N(CC1)CC2,-5.014
CCc1ccccc1NC(=O)CN1CCOC2(C/C=C/Cc3ccccc3OCCNC2=O)C1,-5.373
O=C(c1ccccc1)N1CCOC2(CCCCc3ccccc3OCCNC2=O)C1,-5.203
COc1ccccc1C(=O)N1CCCCN(C)C(=O)c2ccccc2OC2CCCCC21,-5.199
Cc1nn(C)c(C)c1CCNC(=O)C1CC(=O)NC(CC(N)=O)C(=O)N(C)CCOc2ccccc2C(=O)N1,-7.398
CCOc1cccc2c1OCCCCCNC(=O)CN(C(=O)CCCOc1ccccc1F)C2,-6.523
CCN1CCOc2ccccc2CCCCC2(CN(C(=O)c3cnc(N(C)C)nc3)CCO2)C1=O,-5.276
Cc1ccc(NC(=O)CCc2ccc3c(c2)CN(C(C)C)CC(=O)NCCCCCO3)cn1,-5.074
Cc1nn(C)c(C)c1CCNC(=O)C1CC(=O)NCCC(=O)N(C)CCOc2ccccc2C(=O)N1,-7.398
Cc1csc(CCCNC(=O)C2CC(=O)NC(CO)C(=O)N3CCCC3COc3ccccc3C(=O)N2)n1,-7.523
CCCCN1CCOc2ccccc2CCCCC2(CN(C(=O)Cc3ccccc3OC)CCO2)C1=O,-6.268
O=C(c1ccc(F)c(Cl)c1)N1CCOC2(CCCCc3ccccc3OCCNC2=O)C1,-5.39
COc1cccc(C2C(C(C)C)CN(C(C)=O)CC(OC)C(O)C(O)COCCCCN2C(=O)CNc2cnn(C)c2C)c1,-6.553
COC1CN(C(=O)c2ccccc2F)CC(CC(C)C)N(C(=O)/C=C/c2cccc(F)c2)CCCCOCC(O)C1O,-5.526
CCN1CCOc2ccccc2CCCCC2(CN(C(=O)c3cncnc3)CCO2)C1=O,-5.1
O=C1CC(C(=O)NCC2(c3cccc(F)c3)CCOCC2)NC(=O)c2ccccc2OCC(Cc2ccccc2)NC(=O)C(CO)N1,-6.721
CC(C)CC1COc2ccc(Cl)cc2C(=O)NCCCCN(C(=O)c2ccc(F)cc2F)CC(=O)N1,-5.562
COc1ccc(CNC(=O)CN2CCCC(C)(C)COc3ccccc3Oc3ncccc3C2)cc1OC,-5.423
Cc1cccc(NC(=O)CCCC(=O)N2CCOC3(C/C=C/Cc4ccccc4OCCNC3=O)C2)n1,-5.936
O=C(Cc1ccc2c(c1)CN(Cc1ccccc1)CC(=O)NCCCCCO2)NCCS(=O)(=O)N1CCCC1,-5.592
CC1COc2ccccc2CCCCC2(CCN(C(=O)CN3CCOCC3)CC2)C(=O)N1,-5.839
Cc1c[nH]nc1C1(C)CN(C(=O)CCc2ccc3c(c2)CN(C(C)C)CC(=O)NCCCCCO3)CCO1,-5.294
CCN1CCOc2ccccc2CCCCC2(CN(C(=O)c3ccccc3Cl)CCO2)C1=O,-6.046
O=C(CN1CCOC2(CCCCc3ccccc3OCCNC2=O)C1)N1CCOCC1,-6.004
Cc1nc(C)c(C(=O)N2CCOC3(CCCCc4ccccc4OCCN(C)C3=O)C2)s1,-4.988
CC(C)N1CCOCCOc2ccc(C(=O)N3CCCC(O)C3)cc2Cc2cccc(c2)C1,-6.092
O=C1NCC2(CCCCCCOc3ccc(Cl)cc31)CCN(C(=O)CCn1ccccc1=O)CC2,-5.721
CC1(C)NC(=O)CC(C(=O)NCCc2cnccn2)NC(=O)c2ccccc2OCC(Cc2ccccc2)NC1=O,-7.301
O=C(c1ccc2ccccc2n1)N1CCOC2(CCCCc3ccccc3OCCNC2=O)C1,-5.296
Cc1ncccc1C(=O)N1CCCCNC(=O)c2cc(Cl)ccc2OCCCC1,-6.292
Cc1ncc(C(=O)N2CCCCNC(=O)c3cc(Cl)ccc3OCC(C(C)C)NC(=O)C2)cn1,-7.046
CC1(C)CCCN(CC(=O)NCc2cccnc2)Cc2cccnc2Oc2ccccc2OC1,-4.939
O=C(CCn1ccnc1)N1CCOC2(CCCCc3ccccc3OCCNC2=O)C1,-6.495
CCCCN1CCOc2ccccc2CCCCC2(CN(C(=O)c3nc(C)n(-c4ccccc4)n3)CCO2)C1=O,-6.215
Cc1c(F)cccc1NC(=O)CN1CCC2(C/C=C/CNC(=O)c3ccccc3OCC(C(C)C)NC2=O)CC1,-5.842
CNC(=O)C12CCCCN(C(=O)c3cccc(OC)n3)CCOc3ccccc3C(=O)N(CC1)CC2,-7.046
CCN1CCOc2ccccc2CCCCC2(CN(C(=O)Cn3c(C)nc4ccccc43)CCO2)C1=O,-5.772
CN1CCOc2ccccc2CCCCC2(CN(C(=O)COc3ccc(F)cc3F)CCO2)C1=O,-6.092
COC1CN(C(C)=O)CCCN(C(=O)c2cccc(Cl)c2)CCCCOCC(O)C1O,-6.699
COC1CN(C(C)=O)CCCN(C(=O)c2ccnnc2)CCCCOCC(O)C1O,-7.699
COc1ccccc1CC(=O)N1CCCCN(C)C(=O)c2cc(Cl)ccc2OCC1,-4.834
Cc1ncc(C(=O)N2CCOC3(CCCCc4ccccc4OCCN(C)C3=O)C2)c(C)n1,-5.158
Cc1csc(CCCNC(=O)C2CCC(=O)NC(C(C)C)C(=O)N(C)C(Cc3ccccc3)COc3ccccc3C(=O)N2)n1,-6.886
CC(C)CC1NC(=O)CC(C(=O)NCC(C)(C)c2ccc(F)cc2)NC(=O)c2ccccc2OCCN(C)C1=O,-5.533
O=C(CCOc1ccc(F)cc1)N1CCCCC2(CO)CCN(CC2)C(=O)c2ccccc2OCC1,-6.367
CCN1CCOc2ccccc2CCCCC2(CN(C(=O)c3cn(CC)nc3C)CCO2)C1=O,-5.046
CCN1CCOc2ccccc2CCCCC2(CN(C(=O)c3cc(C(C)C)nn3CC)CCO2)C1=O,-5.971
CCN1CCOc2ccccc2CCCCC2(CN(C(=O)COc3cccc4cccnc34)CCO2)C1=O,-5.714
CC1NC(=O)CC(C(=O)NCCCn2ccc(C(F)(F)F)n2)NC(=O)c2ccccc2OCCN(C)C1=O,-6.745
Cc1[nH]c(=O)[nH]c(=O)c1CC(=O)N1CCOC2(CCCCc3ccccc3OCCNC2=O)C1,-7.398
CCCCN1CCOc2ccccc2CCCCC2(CN(C(=O)c3cnn4cccnc34)CCO2)C1=O,-5.254
CC1(C)CCCN(CC(=O)NCCS(=O)(=O)N2CCCC2)Cc2cccnc2Oc2ccccc2OC1,-5.246
OCC1CCCN(/C2=N/CCCCCOc3ccccc3Oc3ncccc32)C1,-6.046
CN1CCCCN(C(=O)CCCc2cn[nH]c2)CCOc2ccc(Cl)cc2C1=O,-6.959
CC(C)CC1NC(=O)CCC(C(=O)NCCCc2ccccc2)NC(=O)c2ccccc2OCCNC1=O,-7.097
CN1CCN(CC(=O)OC(C)(C)C)CCOc2ccccc2Oc2ncccc2C1=O,-5.025
CC(CO)NC(=O)CN1CCCCCCOc2ccccc2Oc2ncccc2C1,-6.523
CCC1CCCCN1C(=O)CN1CCOC2(C/C=C/Cc3ccccc3OCCNC2=O)C1,-5.089
Cn1ccc(NC(=O)CN2CCOC3(CCCCc4ccccc4OCCNC3=O)C2)n1,-6.071
COc1ccc(CCCNC(=O)C2CC(=O)NC(C)C(=O)NCCCOc3ccccc3C(=O)N2)cc1OC,-7.222
CC(C)CC1NC(=O)CC(C(=O)NCCc2cnccn2)NC(=O)c2ccccc2OCC(Cc2ccccc2)NC1=O,-7.398
CCCCN1CCOc2ccccc2C(=O)NC(C(=O)NCCOCC2CCCO2)CCC(=O)NC(CC(C)C)C1=O,-7.046
CCc1cc(C(=O)N2CCCCN(C)C(=O)c3cc(Cl)ccc3OCC2)on1,-5.015
Cc1ccc(C(C)C)c(OCCNC(=O)C2CC(=O)NC(C(C)C)C(=O)N3CCCC3COc3ccccc3C(=O)N2)c1,-5.365
O=C(CN1CCOC2(C/C=C/Cc3ccccc3OCCNC2=O)C1)NCCc1ccccc1,-5.344
CCN1CCOc2ccccc2CCCCC2(CN(C(=O)c3ccccc3C)CCO2)C1=O,-5.676
Cc1ncncc1C(=O)N1CCCCC2(CCN(Cc3ccccn3)CC2)C(=O)OCC(O)C(O)CC1,-6.409
CCc1cccc2c(CN3CCOCCOc4ccccc4Oc4ccc(Cl)cc4NC(=O)C3)cn(C)c12,-6.398
CC(C)N1CC(=O)NCCCCCOc2ccc(CCC(=O)N3CCC(c4ccnc(N(C)C)n4)C3)cc2C1,-5.253
CCCc1cc(C(=O)N2CCCCNC(=O)c3cc(Cl)ccc3OCC(C(C)C)NC(=O)C2)no1,-5.559
CC(C)c1nnc(NC(=O)CN2CCC3NC(=O)C(Cc4ccccc4)NC(=O)C4(C/C=C/CC3C2)CCOCC4)s1,-6.62
CC(C)C(NC(=O)CCc1ccc2c(c1)CN(C(C)C)CC(=O)NCCCCCO2)c1ccc2c(c1)OCCCO2,-5.47
Cc1onc(C(C)C)c1C(=O)N1CCCC2(CCCCCOc3ccccc3C(=O)NC2)C1,-5.137
CCCc1cc(C(=O)N2CCCCNC(=O)c3cc(Cl)ccc3OCC(CC(C)C)NC(=O)C2)no1,-5.682
COc1cccc(CCNC(=O)CN2CCCC(C)(C)COc3ccccc3Oc3ncccc3C2)c1,-6.721
CC1(C)CCCN(C2CCN(C(=O)c3ccccc3F)CC2)Cc2cccnc2Oc2ccccc2OC1,-6.086
CC(C)CC1NC(=O)CC(C(=O)NC(C)COc2ccccc2Oc2cccc(F)c2)NC(=O)c2ccccc2OCCN(C)C1=O,-5.815
COc1cc(C(=O)N2CCC3(CCCCc4ccccc4OCCOC3=O)CC2)ccn1,-5.987
COc1ccc(CCNC(=O)C2CC(=O)NC(CC(C)C)C(=O)NCCCOc3ccccc3C(=O)N2)cc1,-7.523
O=C1CN(C(=O)Cc2c(F)cccc2Cl)CCCCNC(=O)c2cc(Cl)ccc2OCC(Cc2ccccc2)N1,-6.658
O=C(c1cc(-c2ccccc2F)n[nH]1)N1CCOC2(CCCCc3ccccc3OCCNC2=O)C1,-5.845
CN1CCOc2ccccc2C(=O)NC(C(=O)NCCc2ccc(F)cc2)CC(=O)NCCCC1=O,-6.886
O=C(CN1CCCCCCOc2ccccc2Oc2ncccc2C1)NCCO,-5.21
CNC(=O)C12CCCCN(C(=O)CCc3ccc(Cl)cc3)CCOc3ccccc3C(=O)N(CC1)CC2,-6.337
CCN1CCOc2ccccc2CCCCC2(CN(C(=O)c3cnc(C)nc3)CCO2)C1=O,-5.023
CC(C)N1CC(=O)NCCCCCOc2ccc(CCC(=O)N3CCN(c4ccccn4)CC3)cc2C1,-4.945
CCN1CCOc2ccccc2C(=O)NC(C(=O)NCCOc2cc(C)ccc2C(C)C)CC(=O)NC(CC(C)C)C1=O,-6.886
CCOc1cccc2c1OCCCCCNC(=O)CN(C(=O)Cn1ccc3ccccc31)C2,-6.62
COCc1nnc(NC(=O)CN2CCOC3(CCCCc4ccccc4OCCNC3=O)C2)s1,-5.714
CCCCN1CCOc2ccccc2CCCCC2(CN(C(=O)c3c(C(C)C)noc3C)CCO2)C1=O,-6.056
CCC(C)C1NC(=O)CC(C(=O)N2CC(C)OC(C)C2)NC(=O)c2ccccc2OCCN(C)C1=O,-7.0
COC(C)(C)C(=O)N1CCCCN(C)C(=O)c2cc(Cl)ccc2OCCC1,-4.799
COc1ccc(CCC(=O)N2CCC3(CCCCc4ccccc4OCC(=O)N(C)C3)CC2)c(OC)c1OC,-4.968
CC(C)CC1COc2ccc(Cl)cc2C(=O)NCCCCN(C(=O)c2cnn3cccnc23)CC(=O)N1,-7.155
O=C(CN1CCCCCCOc2ccccc2Oc2ncccc2C1)NC(CO)c1ccccc1,-5.02
COc1ccc(CN=C2NCCOCCOc3ccccc3Oc3ncccc32)cc1,-6.699
O=C(c1ncccn1)N1CCCCC2(CO)CCN(CC2)C(=O)c2ccccc2OCC1,-7.155
CC(C)n1nccc1C(=O)N1CCCCN(C)C(=O)c2cc(Cl)ccc2OCCC1,-4.96
COCCC(=O)N1CCOC2(CCCCc3ccccc3OCCN(C)C2=O)C1,-4.942
COc1ccccc1C(=O)N1CCC2(CC1)CC(O)C(O)Cc1ccccc1OCC(=O)N(C)C2,-7.222
Cc1ccc(C(=O)N2CCOC3(CCCCc4ccccc4OCCNC3=O)C2)cc1F,-5.292
CC(C)CC1COc2ccc(Cl)cc2C(=O)NCCCCN(C(=O)c2cnc(C3CC3)nc2)CC(=O)N1,-6.886
COC1CN(C(C)=O)CCCN(CC(=O)Nc2cccc(F)c2)CCCCOCC(O)C1O,-7.301
CC(C)CC1NC(=O)CC(C(=O)NCCc2ccccn2)NC(=O)c2ccccc2OCCN(C)C1=O,-7.398
CCCCN1CCOc2ccccc2CCCCC2(CN(C(=O)c3ccc4c(c3)OCO4)CCO2)C1=O,-6.119
COc1cccc(CC(=O)N2CCCCNC(=O)c3cc(Cl)ccc3OCC(CC(C)C)NC(=O)C2)c1,-5.457
O=C(Cc1ccc2c(c1)CN(Cc1ccccc1)CC(=O)NCCCCCO2)NCCc1nccs1,-5.256
CCc1nnsc1C(=O)N1CCC(N2CCCC(C)(C)COc3ccccc3Oc3ncccc3C2)CC1,-5.971
CC1COc2ccccc2C(=O)NC(C(=O)NCC(C)(C)c2ccc(F)cc2)CCC(=O)N2CCCC2C(=O)NC(C(C)C)C(=O)N1,-7.523
CN1CCCCN(C(=O)CCc2ccnn2C)CCOc2ccc(Cl)cc2C1=O,-6.745
Cc1cnccc1NC(=O)CN1CCCCCCOc2ccccc2Oc2ncccc2C1,-4.961
CCCCN1CCOc2ccccc2CCCCC2(CN(C(=O)c3cccc4cccnc34)CCO2)C1=O,-5.757
COCC12CCCCN(C(=O)c3cscn3)CCOc3ccccc3C(=O)N(CC1)CC2,-5.311
O=C(Cc1ccccc1F)N1CCOC2(CCCCc3ccccc3OCCNC2=O)C1,-5.224
CNC(=O)C12CCCCN(C(=O)CC(C)C)CCOc3ccccc3C(=O)N(CC1)CC2,-6.538
CCN1CCOc2ccccc2CCCCC2(CN(C(=O)c3cc(CC(C)C)nn3C)CCO2)C1=O,-6.155
CC(C)C1COc2ccccc2C(=O)NC(C(=O)NCC2(c3cccc(F)c3)CCOCC2)CCC(=O)N(Cc2ccccc2)CC(=O)N1,-5.91
CCCCN1CCOc2ccccc2CCCCC2(CN(C(=O)C(C)(C)OC)CCO2)C1=O,-5.87
CCN1CCOc2ccccc2CCCCC2(CN(C(=O)C3CCOCC3)CCO2)C1=O,-4.963
CC(C)C1NC(=O)CC(C(=O)NCc2ccc(CN3CCOCC3)cc2)NC(=O)c2ccccc2OCCCNC(=O)C(Cc2ccccc2)NC1=O,-6.886
COCC12CCCCN(C(=O)CN3CCOCC3)CCOc3ccccc3C(=O)N(CC1)CC2,-6.658
CCc1noc(C)c1C(=O)N1CCOC2(CCCCc3ccccc3OCCN(C)C2=O)C1,-5.138
COC1CN(C(C)=O)CCCN(C(=O)c2ccccn2)CCCCOCC(O)C1O,-6.31
CC(C)N1CC(=O)NCCCCCOc2ccc(CCC(=O)NCCCCCO)cc2C1,-7.155
Cc1csc(CCCNC(=O)C2CC(=O)NC(C)C(=O)N(C)C(Cc3ccccc3)COc3ccccc3C(=O)N2)n1,-7.097
CCOc1cccc2c1OCCCCCNC(=O)CN(C(=O)COc1ccccc1C)C2,-6.638
COc1ncccc1C(=O)N1CCC2(CCCCc3ccccc3OCC(C)NC2=O)CC1,-5.03
Cc1ccc(C(=O)N2CCCCNC(=O)c3cc(Cl)ccc3OCC(CC(C)C)NC(=O)C2)cn1,-6.921
CC(=O)N1CCCCCCCN(Cc2cccnc2)Cc2cc(C(=O)N3CC(O)C3)ccc21,-5.239
CCOc1ccc(CCCNC(=O)C2CCC(=O)NC(CC(C)C)C(=O)N(C)C(Cc3ccccc3)COc3ccccc3C(=O)N2)cc1OC,-6.921
CC(O)C1NC(=O)CC(C(=O)NCCOc2ccc(F)cc2)NC(=O)c2ccccc2OCCCNC1=O,-6.553
COCCC(=O)N1CCCCNC(=O)c2cc(Cl)ccc2OCC(Cc2ccccc2)NC(=O)C1,-6.77
CS(=O)(=O)N1CCN(C(=O)c2ccc3c(c2)Cc2cccc(c2)C(=O)NCCOCCO3)CC1,-7.398
CC(O)C1NC(=O)CC(C(=O)NC(CO)CO)NC(=O)c2ccccc2OCCCNC1=O,-7.523
CN1C(=O)C2(CC2)NC(=O)CCC(C(=O)NCc2ccc(CN3CCOCC3)cc2)NC(=O)c2ccccc2OCC1Cc1ccccc1,-7.155
CCCCN1CCOc2ccccc2CCCCC2(CN(C(=O)CN(C)C(=O)OC(C)(C)C)CCO2)C1=O,-6.119
O=C(CN1CCOC2(C/C=C/Cc3ccccc3OCCNC2=O)C1)Nc1ccc(F)cc1,-5.484
CC(C)CC1COc2ccccc2C(=O)NC(C(=O)NCC2(c3cccc(F)c3)CCOCC2)CC(=O)N2CCCC2C(=O)N1,-5.924
CNC(=O)C12CCCCN(C(=O)COc3cccc(Cl)c3)CCOc3ccccc3C(=O)N(CC1)CC2,-6.31
CCCCN1CCOc2ccccc2CCCCC2(CN(C(=O)c3cc(CC)no3)CCO2)C1=O,-5.963
CC(C)C1C(=O)N(C)CCCCN(C(=O)CC2CC2)CCCCOc2ccc(Cl)cc2C(=O)N1C,-5.115
CN1CCOc2ccccc2C(=O)NC(C(=O)N2CCCC2CO)CC(=O)NC(CCC(N)=O)C1=O,-7.222
CC(C)N1CCOCCOc2ccc(C(=O)N(C)CCO)cc2Cc2cccc(c2)C1,-6.215
COC1CN(C(C)=O)CC(CC(C)C)N(C(=O)/C=C/c2cccc(C(F)(F)F)c2)CCCCOCC(O)C1O,-5.381
Cc1nccn1CCNC(=O)C1CC(=O)NC(C(C)C)C(=O)NCCOc2ccccc2C(=O)N1,-6.377
CN1CC2(CCN(C(=O)c3ccccc3)CC2)CC(O)C(O)Cc2ccccc2OCC1=O,-7.155
COCC12CCCCN(C(=O)c3cc(F)cc(F)c3)CCOc3ccccc3C(=O)N(CC1)CC2,-5.106
CCN1CCOc2ccccc2CCCCC2(CN(C(=O)c3cncs3)CCO2)C1=O,-5.066
COC1CN(C(C)=O)CCCN(C(=O)Cc2cccnc2)CCCCOCC(O)C1O,-6.086
COc1ccc(OCCNC(=O)C2CC(=O)NC(CO)C(=O)NCCOc3ccccc3C(=O)N2)cc1,-7.0
COCC12CCCCN(C(=O)CNS(=O)(=O)c3ccc(C)cc3)CCOc3ccccc3C(=O)N(CC1)CC2,-5.708
COc1cccc(C2C(C(C)C)CN(C(C)=O)CC(OC)C(O)C(O)COCCCCN2C(=O)CN2CCC(c3cnccn3)CC2)c1,-7.301
CCc1noc(CCC(=O)N2CCCCOc3ccc(Cl)cc3C(=O)N(C)C(C(C)C)C(=O)N(C)CCCC2)n1,-5.116
CCCCN1CCOc2ccccc2C(=O)NC(C(=O)NCCOCc2ccccc2Cl)CC(=O)NC(CC(C)C)C1=O,-5.65
O=C(CN1CCOC2(C/C=C/Cc3ccccc3OCCNC2=O)C1)NCCOc1ccccc1,-5.415
CCCN1CCCCN(C(=O)c2c(-c3ccccc3Cl)noc2C)C2CCCCC2Oc2ccccc2C1=O,-5.378
CCN1CCCCN(C(=O)c2ccc(C(F)(F)F)cc2)C(Cc2ccccc2)COc2ccccc2C1=O,-6.398
CC(C)CC1NC(=O)CC(C(=O)N2CCc3ccccc3CC2)NC(=O)c2ccccc2OCCN(C)C1=O,-5.399
O=C(CN1CCCCCCOc2ccccc2Oc2ncccc2C1)N1CCCC(O)C1,-4.998
CC(C)c1nnsc1CNC(=O)Cc1ccc2c(c1)CN(Cc1ccccc1)CC(=O)NCCCCCO2,-5.282
CCOc1ccc(CNC(=O)CN2CCCCCCOc3ccccc3Oc3ncccc3C2)cc1,-6.367
CCCc1cc(C(=O)N2CCCCOc3ccc(Cl)cc3C(=O)N(C)C(C)C(=O)N(C)CCCC2)no1,-5.451
COc1cc(OC)cc(C(=O)N2CCCCN(C)C(=O)c3cc(Cl)ccc3OCC2)c1,-4.983
Cc1ncc(C(=O)N2CCCCNC(=O)c3cc(Cl)ccc3OCCCC2)c(C)n1,-6.585
O=C(/C=C/c1ccccc1F)N1CCCCOCC(O)C(O)C(O)CN(C(=O)c2ccc(F)cc2)CC1,-6.959
CN1CC2(CCCCc3ccccc3OCC1=O)CCN(C(=O)Cc1ccc3c(c1)OCO3)CC2,-5.08
CCCN1CCCCN(S(=O)(=O)c2c(F)cccc2F)C2CCCCC2Oc2ccccc2C1=O,-6.432
COc1ccc(CCCNC(=O)C2CCC(=O)NC3(CC3)C(=O)N(C)C(Cc3ccccc3)COc3ccccc3C(=O)N2)cc1OC,-7.222
CC(C)c1cc(C(=O)N2CCCCN(C)C(=O)c3cc(Cl)ccc3OCC2)on1,-5.009
CCCCN1CCOc2ccccc2CCCCC2(CN(C(=O)c3cc(CC)on3)CCO2)C1=O,-6.167
O=C(/C=C/c1ccc(Cl)cc1Cl)N1CCCCOCC(O)C(O)C(O)CN(C(=O)c2ccc(F)cc2)CC1,-7.097
CCCCN1CCOc2ccccc2CCCCC2(CN(C(=O)c3cc(C)on3)CCO2)C1=O,-6.066
COC1CN(C(=O)c2ccccc2F)CC(CC(C)C)N(C(=O)/C=C/c2ccc3c(c2)OCO3)CCCCOCC(O)C1O,-6.022
COC1CN(C(C)=O)CCCN(S(=O)(=O)c2cccc(F)c2)CCCCOCC(O)C1O,-7.155
CCN1CCCCN(C(=O)c2ccccc2F)C2CCCCC2Oc2ccccc2C1=O,-4.945
Cc1noc(C)c1C(=O)N1CCOC2(CCCCc3ccccc3OCCN(C)C2=O)C1,-5.073
CCN1CCOc2ccccc2CCCCC2(CN(C(=O)c3cc[nH]n3)CCO2)C1=O,-5.412
CCN1CCOc2ccccc2CCCCC2(CN(C(=O)Cc3cccc(OC)c3)CCO2)C1=O,-6.268
O=C(CN1CCCCCCOc2ccccc2Oc2ncccc2C1)NCCc1c[nH]cn1,-6.77
CC(C)N1CC(=O)NCCCCCOc2ccc(CCC(=O)N3CCC(O)CC3)cc2C1,-6.886
CN1CCOc2ccccc2CCCCC2(CN(C(=O)/C=C/c3ccccc3)CCO2)C1=O,-6.155
CCN1CCCCN(C(=O)c2ccc(F)cc2F)C2CCCCC2Oc2ccccc2C1=O,-5.043
COC1CN(C(C)=O)CCCN(C(=O)c2cc(C(C)C)no2)CCCCOCC(O)C1O,-7.222
CCCCN1CCOc2ccccc2CCCCC2(CN(C(=O)c3cnc(C4CC4)nc3)CCO2)C1=O,-6.076
O=C(CN1CCCCCCOc2ccccc2Oc2ncccc2C1)Nc1cccc(Cl)c1,-4.905
CN1CCOc2ccccc2CCCCC2(CN(C(=O)C3CCOCC3)CCO2)C1=O,-4.943
CCC(C)C1NC(=O)CC(C(=O)NCCOc2ccc(F)cc2)NC(=O)c2ccccc2OCC(CC(C)C)NC1=O,-5.924
CCN1CCOc2ccccc2C(=O)NC(C(=O)NCC(C)(C)c2ccc(F)cc2)CC(=O)N(Cc2ccccc2)CC1=O,-5.5
O=C(c1cscn1)N1CCCCC2(CO)CCN(CC2)C(=O)c2ccccc2OCC1,-7.155
CCN1CCOc2ccccc2CCCCC2(CN(C(=O)c3ccc(F)cc3F)CCO2)C1=O,-5.914
CC(C)CC1NC(=O)CC(C(=O)NC(C)COc2cccc(F)c2Oc2ccccc2)NC(=O)c2ccccc2OCCN(C)C1=O,-5.848
Cc1cccc(C(=O)N2CCCCC3(CO)CCN(CC3)C(=O)c3ccccc3OCC2)c1,-6.699
CC(C)C1NC(=O)C(CC(N)=O)NC(=O)c2ccccc2OCCCNC(=O)C(CCCCNC(=O)c2noc3c2CCCC3)NC1=O,-7.699
O=C(CN1CCC2NC(=O)C(Cc3ccccc3)NC(=O)C3(C/C=C/CC2C1)CCOCC3)Nc1ccc(Oc2cccnc2)cc1,-7.046
CCc1noc(CCC(=O)N2CCC3(CCCCCOc4ccccc4C(=O)NC3)CC2)n1,-4.961
O=C1CC(C(=O)NCCCn2ccc(C(F)(F)F)n2)NC(=O)c2ccccc2OCC2CCCN2C(=O)C(Cc2ccccc2)N1,-6.237
CC(C)C1NC(=O)CC(C(=O)NCCCN2CCOCC2)NC(=O)c2ccccc2OCCN(C)C1=O,-7.301
c1cnc(N2CCN(/C3=N/CCCCCOc4ccccc4Oc4ncccc43)CC2)nc1,-5.345
CC1NC(=O)CCC(C(=O)NCc2cccc(CN3CCCC3=O)c2)NC(=O)c2ccccc2OCCN(C)C1=O,-7.699
COCC12CCCCN(C(=O)CCc3ccccc3OC)CCOc3ccccc3C(=O)N(CC1)CC2,-4.849
COc1cc(OC)c(S(=O)(=O)N2CCCCN(C)C(=O)c3ccccc3OC3CCCCC32)cc1Cl,-5.489
CCOc1cccc2c1OCCCCCNC(=O)CN(CC(=O)OC(C)(C)C)C2,-6.553
CC(C)C1COc2ccc(Cl)cc2C(=O)NCCCCN(C(=O)CCc2ccc(F)cc2)CC(=O)N1,-5.333
O=C(CN1CCCCCCOc2ccccc2Oc2ncccc2C1)NCCc1nccs1,-4.836
O=C(Cn1ccc(=O)[nH]c1=O)N1CCOC2(C/C=C/Cc3ccccc3OCCNC2=O)C1,-7.046
Cc1ncsc1C(=O)N1CCCCNC(=O)c2cc(Cl)ccc2OCC(Cc2ccccc2)NC(=O)C1,-7.097
COC1CN(C(C)=O)CCCN(CC(=O)Nc2nc3c(s2)CCCC3)CCCCOCC(O)C1O,-6.319
O=C(c1ncccn1)N1CCC2(CCCCc3ccccc3OCCOC2=O)CC1,-4.981
CN1CCCCN(S(=O)(=O)c2cc3c(cc2Cl)OCCO3)C2CCCCC2Oc2ccccc2C1=O,-5.565
O=C(c1ccncc1)N1CCCCC2(CO)CCN(CC2)C(=O)c2ccccc2OCC1,-7.0
COCC12CCCCN(C(=O)c3ccncc3)CCOc3ccccc3C(=O)N(CC1)CC2,-6.328
Cc1ncoc1C(=O)N1CCOC2(CCCCc3ccccc3OCCN(C)C2=O)C1,-5.231
CC1NC(=O)CC(C(=O)N2CCc3ccccc3CC2)NC(=O)c2ccccc2OCCN(C)C1=O,-7.097
CC(C)CC1COc2ccc(Cl)cc2C(=O)NCCCCN(C(=O)c2c(F)cccc2F)CC(=O)N1,-5.296
CCN1CCOc2ccccc2CCCCC2(CN(C(=O)c3cnccn3)CCO2)C1=O,-4.983
Cn1cc(C(=O)N2CCOC3(CCCCc4ccccc4OCCNC3=O)C2)cn1,-6.745
CN1CCOc2ccccc2C(=O)NC(C(=O)N2CCCC2CO)CC(=O)NC(Cc2ccccc2)C1=O,-7.699
CCN1CCN(C(=O)C2CC(=O)NC(Cc3ccccc3)C(=O)N(C)CCOc3ccccc3C(=O)N2)CC1,-7.222
CC1COc2ccc(Cl)cc2C(=O)NCCCCN(C(=O)Cn2cccn2)CC(=O)N1,-7.301
Cc1csc(CCCNC(=O)C2CC(=O)NC(CO)C(=O)NCCOc3ccccc3C(=O)N2)n1,-8.0
COCCN=C1NCCCCCOc2ccccc2Oc2ncccc21,-6.77
CCN1CCOc2ccccc2CCCCC2(CN(C(=O)c3ccnc(C)n3)CCO2)C1=O,-4.973
COc1cc(CNC(=O)Cc2ccc3c(c2)CN(Cc2ccccc2)CC(=O)NCCCCCO3)cc(OC)c1OC,-5.614
O=C(c1ccc(C(F)(F)F)cc1)N1CCCCC2(CO)CCN(CC2)C(=O)c2ccccc2OCC1,-5.81
CCc1ccc(C(=O)N2CCOC3(CCCCc4ccccc4OCCN(C)C3=O)C2)cc1,-5.947
O=C(Cc1ccc2c(c1)CN(Cc1ccccc1)CC(=O)NCCCCCO2)NCC1CC1,-5.039
CCOc1cccc2c1OCCCCCNC(=O)CN(C(=O)CCc1cn(C)nc1C)C2,-6.77
Cc1cccc(C(=O)N2CCOC3(CCCCc4ccccc4OCCNC3=O)C2)c1,-5.086
CCN1CCN(C(=O)C2CCC(=O)NC(CCC(N)=O)C(=O)N(C)C(Cc3ccccc3)COc3ccccc3C(=O)N2)CC1,-6.276
CC(C)CC1NC(=O)CCC(C(=O)N2CC(C)OC(C)C2)NC(=O)c2ccccc2OCC(C(C)C)NC1=O,-5.971
CC1COc2ccccc2C(=O)NC(C(=O)N2CCc3ccccc3CC2)CC(=O)NC2(CCCC2)C(=O)NC(C(C)C)C(=O)N1,-5.866
CCCN1CCCCN(C(=O)c2cccc(OC)c2)C2CCCCC2Oc2ccccc2C1=O,-4.949
CCc1noc(C)c1C(=O)N1CCCCNC(=O)c2cc(Cl)ccc2OCC(C)NC(=O)C1,-7.097
COC(C)(C)C(=O)N1CCC2(CCCCCOc3ccccc3C(=O)NC2)CC1,-4.945
CN1CCCCN(C(=O)CCN2CCCC2=O)CCOc2ccc(Cl)cc2C1=O,-6.796
CCC(=O)N1CCC2(CCCCc3ccccc3OCC(C)NC2=O)CC1,-4.915
CC(C)CC1COc2ccc(Cl)cc2C(=O)NCCCCN(C(=O)CN2CCC(C(N)=O)CC2)CC(=O)N1,-6.222
COCC1CCCN1C(=O)C1CC(=O)NC2(CCCCC2)C(=O)NC(C(C)C)C(=O)NCCOc2ccccc2C(=O)N1,-6.638
CN1CCOc2ccccc2CCCCC2(CN(C(=O)c3cncs3)CCO2)C1=O,-4.985
CN1CC2(CCN(C(=O)c3cn(C)c4ccccc34)CC2)CC(O)C(O)Cc2ccccc2OCC1=O,-7.301
COCC12CCCCN(C(=O)C3CCCC3)CCOc3ccccc3C(=O)N(CC1)CC2,-4.904
CC1(C)CCCN(C2CCN(C(=O)C3CCCC3)CC2)Cc2cccnc2Oc2ccccc2OC1,-6.229
O=C1NC2CCN(C(=O)CCCn3c(C(F)(F)F)nc4ccccc43)CC2C/C=C/CC2(CCOCC2)C(=O)NC1Cc1ccccc1,-5.991
COCC12CCCCN(C(=O)c3cccnc3N)CCOc3ccccc3C(=O)N(CC1)CC2,-6.62
CN(CC(O)CO)C(=O)c1ccc2c(c1)Cc1cccc(c1)C(=O)NCCOCCO2,-7.699
CN1CCOc2ccccc2CCCCC2(CN(C(=O)CCn3ccnc3)CCO2)C1=O,-6.244
O=C(CN1CCCCCCOc2ccccc2Oc2ncccc2C1)N(CCO)Cc1ccccc1,-4.873
COC1CN(C(C)=O)CCCN(C(=O)c2ccnn2C(F)F)CCCCOCC(O)C1O,-7.046
CC1(C)CCCN(CC(=O)NCc2cc(F)cc(F)c2)Cc2cccnc2Oc2ccccc2OC1,-6.638
CC(C)CC1NC(=O)CC(C(=O)NCCCN2CCOCC2)NC(=O)c2ccccc2OCCCNC1=O,-7.699
COCC12CCCCN(C(=O)c3ccc(C(F)(F)F)cc3)CCOc3ccccc3C(=O)N(CC1)CC2,-5.295
Cc1nc(C)c(C(=O)N2CCOC3(CCCCc4ccccc4OCCNC3=O)C2)s1,-5.276
CCOc1cccc2c1OCCCCCNC(=O)CN(C(=O)Cn1cc(C(F)(F)F)cn1)C2,-7.0
O=C1CN(Cc2ccccc2)Cc2c(cccc2C(=O)NCCCCCO)OCCCCCN1,-7.301
CC(C)C1NC(=O)C(C(C)O)NC(=O)c2ccccc2OCCN(C)C1=O,-7.398
Cn1cc(C(=O)N2CCCCC3(CCN(Cc4ccccn4)CC3)C(=O)OCC(O)C(O)CC2)nn1,-6.347
Cc1nc2ccc(C(=O)N3CCCCNC(=O)c4cc(Cl)ccc4OCC(C(C)C)NC(=O)C3)cc2[nH]1,-7.222
CC(C)CC1NC(=O)CC(C(=O)NCCc2ccccc2)NC(=O)c2ccccc2OCCNC1=O,-5.851
COC1CN(C(C)=O)CCCN(CC(=O)Nc2ccc3c(c2)OCO3)CCCCOCC(O)C1O,-6.432
Cc1nc2ccccn2c1CC(=O)N1CCCCN(C)C(=O)c2cc(Cl)ccc2OCC1,-6.745
COC1CN(C(=O)c2ccccc2F)CC(CC(C)C)N(C(=O)/C=C/c2ccc(F)cc2Cl)CCCCOCC(O)C1O,-5.403
COc1ccc(OCCNC(=O)C2CC(=O)NC(Cc3ccc(O)cc3)C(=O)NCCOc3ccccc3C(=O)N2)cc1,-7.155
O=C(CN1CCCCCCOc2ccccc2Oc2ncccc2C1)N1CCCC(CO)C1,-4.826
O=C(CN1CCCCCCOc2ccccc2Oc2ncccc2C1)NCCS(=O)(=O)N1CCCC1,-5.19
COCC12CCCCN(C(=O)c3ccc(F)cc3)CCOc3ccccc3C(=O)N(CC1)CC2,-4.952
O=C(c1ccc(F)cc1)N1CCCCC2(CO)CCN(CC2)C(=O)c2ccccc2OCC1,-6.886
O=C1CC(C(=O)NCc2ccc(CN3CCCC3=O)cc2)NC(=O)c2ccccc2OCCNC(=O)C(CO)N1,-6.886
CCN1CCOc2ccccc2CCCCC2(CN(C(=O)c3c(F)cccc3F)CCO2)C1=O,-5.91
CCCCN1CCOc2ccccc2CCCCC2(CN(C(=O)CC3CC3)CCO2)C1=O,-6.051
COCC(=O)N1CC(OC)C(O)C(O)COCCCCN(C(=O)/C=C/c2ccc(OC)c(OC)c2)C(CC(C)C)C1,-7.155
COCC12CCCCN(C(=O)C3CCC3)CCOc3ccccc3C(=O)N(CC1)CC2,-4.878
CN1CCCCN(S(=O)(=O)c2cccc(OC(F)F)c2)C2CCCCC2Oc2ccccc2C1=O,-5.52
Cc1cccnc1C(=O)N1CCOC2(CCCCc3ccccc3OCCN(C)C2=O)C1,-4.886
O=C(c1cc(=O)[nH]c(=O)[nH]1)N1CCOC2(C/C=C/Cc3ccccc3OCCNC2=O)C1,-7.398
CN(CC(=O)N1CCOC2(CCCCc3ccccc3OCCN(C)C2=O)C1)C(=O)OC(C)(C)C,-5.213
COCC12CCCCN(C(=O)CC3CCCC3)CCOc3ccccc3C(=O)N(CC1)CC2,-5.104
COC(C)(C)C(=O)N1CCCCNC(=O)c2cc(Cl)ccc2OCC(C(C)C)NC(=O)C1,-7.046
Cc1cccc(C)c1NC(=O)CN1CCOC2(C/C=C/Cc3ccccc3OCCNC2=O)C1,-5.277
CC(C)C1COc2ccc(Cl)cc2C(=O)NCCCCN(C(=O)CCn2ccccc2=O)CC(=O)N1,-7.046
CN1CCOc2ccccc2C(=O)NC(C(=O)N2CCc3ccccc3CC2)CC(=O)NCCCC1=O,-6.921
CN1CCOc2ccccc2CCCCC2(CN(C(=O)c3cnco3)CCO2)C1=O,-5.127
O=C(Cn1ccnc1)N1CCCCC2(CO)CCN(CC2)C(=O)c2ccccc2OCC1,-7.097
CC(C)CC1NC(=O)CCC(C(=O)N2CC(C)OC(C)C2)NC(=O)c2ccccc2OCC(Cc2ccccc2)N(C)C1=O,-6.538
O=C(CN1CCCCCCOc2ccccc2Oc2ncccc2C1)N1C2CCC1CC(O)C2,-5.033
CCOc1cccc2c1OCCCCCNC(=O)CN(C(=O)Cc1ccc3c(c1)OCO3)C2,-5.243
Cc1ccc(CC(=O)N2CCCCC3(CO)CCN(CC3)C(=O)c3ccccc3OCC2)cc1,-6.42
Cc1cc(C)n(CCNC(=O)CN2CCCCCCOc3ccccc3Oc3ncccc3C2)n1,-4.905
CCOc1ccc(CCCNC(=O)C2CC(=O)N(Cc3ccccc3)CC(=O)N(CC)CCOc3ccccc3C(=O)N2)cc1OC,-6.854
Cn1cc(C(=O)N2CCCCC3(CO)CCN(CC3)C(=O)c3ccccc3OCC2)cn1,-7.301
COCC12CCCCN(C(=O)c3ccc(Cl)cn3)CCOc3ccccc3C(=O)N(CC1)CC2,-5.161
COc1ccc(OCCCNC(=O)C2CC(=O)NC(C)C(=O)N(C)C(Cc3ccccc3)COc3ccccc3C(=O)N2)cc1,-7.398
COCCOc1cccc(CNC(=O)CN2CCCCCCOc3ccccc3Oc3ncccc3C2)c1,-5.217
Cc1ncsc1C(=O)N1CCC2(CCCCc3ccccc3OCC(C)NC2=O)CC1,-4.899
Cc1sc2ncn(CC(=O)N3CCOC4(CCCCc5ccccc5OCCNC4=O)C3)c(=O)c2c1C,-5.592
CC(C)Cc1cc(C(=O)N2CCC3NC(=O)C(Cc4ccccc4)NC(=O)C4(C/C=C/CC3C2)CCOCC4)nc(=O)[nH]1,-7.222
CCOc1cccc2c1OCCCCCNC(=O)CN(C(=O)CCn1ccnc1C)C2,-6.854
CC(C)CC1NC(=O)CC(C(=O)NCCOc2ccc(F)cc2)NC(=O)c2ccccc2OCCN(C)C1=O,-5.914
COCC12CCCCN(C(=O)c3cccc4cc[nH]c34)CCOc3ccccc3C(=O)N(CC1)CC2,-5.438
CC1NC(=O)C2(CCCC2)NC(=O)CCC(C(=O)NCc2cccc(CN3CCOCC3)c2)NC(=O)c2ccccc2OCC(Cc2ccccc2)N(C)C1=O,-7.222
COc1ccccc1CC(=O)N1CCCCNC(=O)c2cc(Cl)ccc2OCC(CC(C)C)NC(=O)C1,-5.38
COCC1CCCN1C(=O)C1CC(=O)NC(C(C)C)C(=O)NCCCOc2ccccc2C(=O)N1,-7.222
COCC12CCCCN(C(=O)C(C)C)CCOc3ccccc3C(=O)N(CC1)CC2,-5.005
CCn1cc(NC(=O)CN2CCCCOCC(O)C(O)C(OC)CN(C(C)=O)CCC2)c(C)n1,-6.137
CC(=O)N1CCC(C(=O)N2CCCCN(C)C(=O)c3cc(Cl)ccc3OCCC2)CC1,-6.328
COCC1CCCN1C(=O)C1CC(=O)NC(C)(C)C(=O)NC(Cc2ccccc2)COc2ccccc2C(=O)N1,-7.155
CN1CCCCN(C(=O)c2cnn3cccnc23)CCOc2ccc(Cl)cc2C1=O,-6.854
CCCCN1CCOc2ccccc2CCCCC2(CN(C(=O)CN3CCC(C(N)=O)CC3)CCO2)C1=O,-6.854
CS(=O)(=O)Nc1ccn(CCNC(=O)Cc2ccc3c(c2)CN(Cc2ccccc2)CC(=O)NCCCCCO3)n1,-5.544
Cc1ccc(CNC(=O)CN2CCCCCCOc3ccccc3Oc3ncccc3C2)cc1,-6.523
Cc1ccc(C(=O)N2CCCCC3(CO)CCN(CC3)C(=O)c3ccccc3OCC2)cc1,-6.538
O=C(CN1CCOC2(C/C=C/Cc3ccccc3OCCNC2=O)C1)Nc1ccccc1C(F)(F)F,-5.762
O=C(CN1CCCCCCOc2ccccc2Oc2ncccc2C1)NCc1cccc(N2CCCC2=O)c1,-5.082
CNC(=O)C12CCCCN(C(=O)C3CCC3)CCOc3ccccc3C(=O)N(CC1)CC2,-6.62
CC1COc2ccccc2CCCCC2(CCN(C(=O)c3ccc4cc[nH]c4c3)CC2)C(=O)N1,-6.409
Cn1cnc(C(=O)N2CCCCNC(=O)c3cc(Cl)ccc3OCCCC2)c1,-6.921
CCOC(=O)CNC(=O)CN1CCOC2(CCCCc3ccccc3OCCNC2=O)C1,-5.556
Cc1ccccc1C(=O)N1CCOC2(CCCCc3ccccc3OCCNC2=O)C1,-5.02
COc1ccnc(C(=O)N2CCCCC3(CO)CCN(CC3)C(=O)c3ccccc3OCC2)c1,-7.222
CC(C)N1CC(=O)NCCCCCOc2ccc(CCC(=O)N(Cc3ccc(F)cc3)Cc3ccc4c(c3)OCO4)cc2C1,-5.072
CC(O)C1NC(=O)CC(C(=O)NCCCn2ccc(C(F)(F)F)n2)NC(=O)c2ccccc2OCCN(C)C1=O,-6.854
CCN1CCOc2ccccc2CCCCC2(CN(C(=O)c3ccncn3)CCO2)C1=O,-4.926
CC(C)C1COc2ccc(Cl)cc2C(=O)NCCCCN(C(=O)c2ccc3ccccc3n2)CC(=O)N1,-5.74
Cc1cccc(N=C2NCCCCCOc3ccccc3Oc3ncccc32)n1,-4.995
Cc1nc(NC(=O)CN2CCOC3(CCCCc4ccccc4OCCNC3=O)C2)sc1C,-5.387
COCC12CCCCN(C(=O)c3ccccc3)CCOc3ccccc3C(=O)N(CC1)CC2,-4.758
COCCN1CCN(/C2=N/CCCCCOc3ccccc3Oc3ncccc32)CC1,-6.469
CC(C)CC1COc2ccc(Cl)cc2C(=O)NCCCCN(C(=O)c2cc(C(C)C)no2)CC(=O)N1,-5.77
O=C(CN1CCOC2(CCCCc3ccccc3OCCNC2=O)C1)Nc1ccccc1OC(F)F,-5.676
Cc1ccc(C(C)C)cc1OCCNC(=O)C1CC(=O)NC(C(C)C)C(=O)N2CCCC2COc2ccccc2C(=O)N1,-5.288
O=C1NC2CCN(C(=O)c3n[nH]c4ccccc34)CC2C/C=C/CC2(CCOCC2)C(=O)NC1Cc1ccccc1,-6.409
CN1CCCCN(S(=O)(=O)Cc2cc(F)cc(F)c2)C2CCCCC2Oc2ccccc2C1=O,-5.225
Cc1cc(C(F)F)n2nc(C(=O)N3CCOC4(CCCCc5ccccc5OCCNC4=O)C3)nc2n1,-7.301
CCCN1CCCCN(C(=O)C(CC)c2ccccc2)C2CCCCC2Oc2ccccc2C1=O,-5.762
COc1ccc(OCCNC(=O)C2CC(=O)NC(CC(C)C)C(=O)NCCCOc3ccccc3C(=O)N2)cc1,-7.699
COc1cc(CNC(=O)CN2CCCC(C)(C)COc3ccccc3Oc3ncccc3C2)cc(OC)c1OC,-5.326
CC(C)C1NC(=O)CC(C(=O)N2CC(O)C2)NC(=O)c2ccccc2OCCNC1=O,-6.509
O=C(Cc1ccc2c(c1)CN(Cc1ccccc1)CC(=O)NCCCCCO2)NCCc1c[nH]cn1,-5.3
O=C(CN1CCOC2(CCCCc3ccccc3OCCNC2=O)C1)Nc1ccc2nc(O)oc2c1,-7.699
Cc1n[nH]c(C)c1CC(=O)N1CCOC2(CCCCc3ccccc3OCCN(C)C2=O)C1,-6.886
CNC(=O)C12CCCCN(C(=O)c3cscn3)CCOc3ccccc3C(=O)N(CC1)CC2,-7.155
COCC(=O)N1CC(OC)C(O)C(O)COCCCCN(C(=O)/C=C/c2cccs2)C(CC(C)C)C1,-6.721
CN1CC(=O)N(C)C(Cc2ccccc2)COc2ccccc2C(=O)NC(C(=O)NCCOc2ccc(F)cc2)CCC1=O,-7.097
Cc1ocnc1C(=O)N1CCCCN(C)C(=O)c2cc(Cl)ccc2OCCC1,-5.185
CN1CCCCN(C(=O)c2ccc(OC(F)(F)F)cc2)C2CCCCC2Oc2ccccc2C1=O,-5.451
Cc1nc2ccc(C(=O)N3CCCCNC(=O)c4cc(Cl)ccc4OCC(CC(C)C)NC(=O)C3)cc2[nH]1,-7.222
CN1CCOc2ccccc2CCCCC2(CN(C(=O)c3ccnn3C)CCO2)C1=O,-4.948
CN(CCc1ccccc1)C(=O)CN1CCCCCCOc2ccccc2Oc2ncccc2C1,-6.187
O=C(Cc1ccc2c(c1)CN(Cc1ccccc1)CC(=O)NCCCCCO2)NCc1cccc(CN2CCOCC2)c1,-5.439
COCC12CCCCN(C(=O)c3ccc(N)nc3)CCOc3ccccc3C(=O)N(CC1)CC2,-7.155
Cc1nc(O)cc(C(=O)N2CCCC3NC(=O)COc4ccccc4C/C=C/CC32)n1,-7.301
CCN1CCOc2ccccc2CCCCC2(CN(C(=O)c3cccc(Cc4ccccc4)n3)CCO2)C1=O,-6.357
O=C(CN1CCOC2(C/C=C/Cc3ccccc3OCCNC2=O)C1)NCc1ccc(F)cc1,-5.287
O=C(CN1CCCCCCOc2ccccc2Oc2ncccc2C1)NCc1cc(F)cc(F)c1,-6.745
CNC(=O)C12CCCCN(C(=O)CC(C)(C)C)CCOc3ccccc3C(=O)N(CC1)CC2,-6.509
O=C(CN1CCOC2(CCCCc3ccccc3OCCNC2=O)C1)Nc1nnc(C2CCC2)s1,-5.424
Cc1nc2ccccc2n1CC(=O)N1CCCCNC(=O)c2cc(Cl)ccc2OCC(CC(C)C)NC(=O)C1,-6.921
O=C(c1ccncn1)N1CCCCC2(CO)CCN(CC2)C(=O)c2ccccc2OCC1,-7.398
O=C(c1cccc(F)c1)N1CCCCCCOc2ccccc2Oc2ncccc2C1,-6.284
CCN1CCOc2ccccc2CCCCC2(CN(C(=O)c3cc(OC)cc(OC)c3)CCO2)C1=O,-6.495
O=C1c2ccccc2OCCN(C(=O)C2CC2)CCCCC2(CO)CCN1CC2,-6.921
CC(C)CC1COc2ccc(Cl)cc2C(=O)NCCCCN(C(=O)CCn2cnc3ccccc32)CC(=O)N1,-7.301
COCC1CCCN1C(=O)C1CC(=O)NC(C)C(=O)N2CCCC2COc2ccccc2C(=O)N1,-7.398
CCC(C)C1NC(=O)CC(C(=O)NC2CCC(O)CC2)NC(=O)c2ccccc2OCC(CC(C)C)NC1=O,-7.222
O=C1NCCOCCOc2ccc(C(=O)N3CCN(CCO)CC3)cc2Cc2cccc1c2,-7.398
Cc1nc(CC(=O)N2CCCCC3(CO)CCN(CC3)C(=O)c3ccccc3OCC2)cs1,-7.097
COc1cccc(S(=O)(=O)N2CCCCN(C)C(=O)c3ccccc3OC3CCCCC32)c1,-5.237
CC(C)(C)OC(=O)N1CCC(C(=O)N2CCCCNC(=O)c3cc(Cl)ccc3OCC(Cc3ccccc3)NC(=O)C2)CC1,-7.097
Cn1nccc1C(=O)N1CCOC2(CCCCc3ccccc3OCCNC2=O)C1,-5.415
Cn1cc(NC(=O)CN2CCOC3(CCCCc4ccccc4OCCNC3=O)C2)cn1,-5.535
CCN1CCOc2ccccc2CCCCC2(CN(C(=O)c3cc(F)ccc3F)CCO2)C1=O,-5.955
Cc1nn(C)c(C)c1CCNC(=O)C1CC(=O)NC(Cc2ccccc2)C(=O)N2CCCC2COc2ccccc2C(=O)N1,-7.398
CC(C)OCC(O)CNC(=O)CN1CCCC(C)(C)COc2ccccc2Oc2ncccc2C1,-4.957
CC1COc2ccccc2C(=O)NC(C(=O)NCCc2ccccc2)CC(=O)NC(CC(N)=O)C(=O)N1,-6.699
CNC(=O)C12CCCCN(C(=O)CCc3ccccc3OC)CCOc3ccccc3C(=O)N(CC1)CC2,-6.959
O=C(c1cncnc1)N1CCCCC2(CCN(Cc3ccccn3)CC2)C(=O)OCC(O)C(O)CC1,-8.0
O=C1NCCOCCOc2ccc(C(=O)Nc3ccncc3)cc2Cc2cccc1c2,-7.222
CCn1nc(C(C)C)cc1C(=O)N1CCCCNC(=O)c2cc(Cl)ccc2OCCCC1,-4.954
CC(C)c1nc2ccccc2n1CCCC(=O)N1CCC2NC(=O)C(Cc3ccccc3)NC(=O)C3(C/C=C/CC2C1)CCOCC3,-7.097
CC(C)C1NC(=O)C(CC(N)=O)NC(=O)CC(C(=O)NCCc2ccccn2)NC(=O)c2ccccc2OCCNC1=O,-7.523
CC(O)C1NC(=O)CC(C(=O)NCC2CC2)NC(=O)c2ccccc2OCC2CCCN2C1=O,-7.699
CN1CCCCN(S(=O)(=O)c2ccc3c(c2)n(C)c(=O)n3C)C2CCCCC2Oc2ccccc2C1=O,-5.381
CCN1CCOc2ccccc2CCCCC2(CN(C(=O)c3ocnc3C)CCO2)C1=O,-4.985
COc1ccc(OCCN(C)C(=O)C2CCC(=O)NC(Cc3ccc(O)cc3)C(=O)N(C)CCOc3ccccc3C(=O)N2)cc1,-6.886
O=C1NCC2(CCCCCOc3ccccc31)CCCN(C(=O)CC1CC1)C2,-4.851
CC(C)C1COc2ccc(Cl)cc2C(=O)NCCCCN(C(=O)c2n[nH]c3ccccc23)CC(=O)N1,-7.523
Cc1oc2c(c1C(=O)N1CCC3(CCCCCCOc4ccc(Cl)cc4C(=O)NC3)CC1)CCCC2,-5.662
CC1NC(=O)CC(C(=O)NCCc2ccc3c(c2)OCCO3)NC(=O)c2ccccc2OCC2CCCN2C1=O,-7.398
CN1CCN(/C2=N/CCCCCOc3ccccc3Oc3ncccc32)CC1,-6.319
CCN1CCOc2ccccc2CCCCC2(CN(C(=O)c3coc(C)n3)CCO2)C1=O,-5.118
Cc1ccc(C(=O)N2CCCCNC(=O)c3cc(Cl)ccc3OCC(C(C)C)NC(=O)C2)cn1,-7.097
O=C(c1ccccc1F)N1CCOC2(CCCCc3ccccc3OCCNC2=O)C1,-5.025
CC1(C)CCCN(CC(=O)NCCc2ccccc2)Cc2cccnc2Oc2ccccc2OC1,-6.658
O=C(CN1CCCCCCOc2ccccc2Oc2ncccc2C1)NC(CO)Cc1ccccc1,-6.824
Cc1cccc(C)c1C(=O)N1CCCCC2(CO)CCN(CC2)C(=O)c2ccccc2OCC1,-6.745
COCC12CCCCN(C(=O)CC3CC3)CCOc3ccccc3C(=O)N(CC1)CC2,-5.009
Cc1ccc(OCCN(C)C(=O)C2CC(=O)NC(Cc3ccccc3)C(=O)N(C)CCOc3ccccc3C(=O)N2)cc1,-5.452
O=C(Cc1ccccc1)N1CCCCC2(CO)CCN(CC2)C(=O)c2ccccc2OCC1,-6.921
Cc1nc(C(=O)N2CCOC3(CCCCc4ccccc4OCCNC3=O)C2)co1,-5.478
CCN1CCOc2ccccc2CCCCC2(CN(C(=O)Cc3ccc(F)cc3)CCO2)C1=O,-6.26
CC(C)C(CO)NC(=O)CN1CCCCCCOc2ccccc2Oc2ncccc2C1,-4.89
CC(C)CC1NC(=O)c2cc(Cl)ccc2OC/C=C/CC2(CCN(C(=O)c3cc(=O)n(C)c(=O)[nH]3)CC2)CNC1=O,-7.222
COc1cccc(C2C(C(C)C)CN(C(C)=O)CC(OC)C(O)C(O)COCCCCN2C(=O)CNCc2nc(C)cc(C)n2)c1,-6.328
COCC12CCCCN(C(=O)c3cc4ccccc4[nH]3)CCOc3ccccc3C(=O)N(CC1)CC2,-5.442
Cc1c(NC(=O)CN2CCC3(C/C=C/CNC(=O)c4ccccc4OCC(C(C)C)NC3=O)CC2)cnn1C,-7.523
Cc1cc(N(C)C)nc(C2CCN(C(=O)CCc3ccc4c(c3)CN(C(C)C)CC(=O)NCCCCCO4)CC2)n1,-5.142
CC(C)CC1NC(=O)CCC(C(=O)N2CCC(Oc3ccc(F)cc3)CC2)NC(=O)c2ccccc2OCCNC1=O,-5.678
Cc1ccc(NC(=O)CN2CCC3NC(=O)C(Cc4ccccc4)NC(=O)C4(C/C=C/CC3C2)CCOCC4)cc1F,-5.435
CNC(=O)C12CCCCN(C(=O)c3c(C)noc3C)CCOc3ccccc3C(=O)N(CC1)CC2,-7.398
CNC(=O)C12CCCCN(C(=O)c3ccc(F)cc3)CCOc3ccccc3C(=O)N(CC1)CC2,-6.921
Cn1c(=O)cc(C(=O)N2CCOC3(CCCCc4ccccc4OCCNC3=O)C2)[nH]c1=O,-7.398
CC1(C)CCCN(CC(=O)NCc2ccncc2)Cc2cccnc2Oc2ccccc2OC1,-4.937
Nc1cccc(C(=O)N2CCCCC3(CO)CCN(CC3)C(=O)c3ccccc3OCC2)n1,-7.523
COc1ccc(NC(=O)CN2CCC3NC(=O)C(Cc4ccccc4)NC(=O)C4(C/C=C/CC3C2)CCOCC4)cc1Cl,-5.695
Cc1cc(CNC(=O)CN2CCCCCCOc3ccccc3Oc3ncccc3C2)[nH]n1,-5.301
Cc1nn(C)cc1NC(=O)CN1CCOC2(CCCCc3ccccc3OCCNC2=O)C1,-5.678
Cc1nn(C)c(C)c1CCNC(=O)C1CC(=O)NC(C)C(=O)NCCCOc2ccccc2C(=O)N1,-8.0
Cc1cccc(C)c1OCC(=O)N1CCOC2(CCCCc3ccccc3OCCN(C)C2=O)C1,-6.155
CC1(C)CCCN(CC(=O)NCCCO)Cc2cccnc2Oc2ccccc2OC1,-4.874
CN(C)S(=O)(=O)c1ccc(CCNC(=O)CN2CCCCCCOc3ccccc3Oc3ncccc3C2)cc1,-5.253
CCCN1CCCCN(C(=O)c2ccccc2C(F)(F)F)C2CCCCC2Oc2ccccc2C1=O,-6.495
CCCn1cc(Cl)c(C(=O)N2CCCCNC(=O)c3cc(Cl)ccc3OCC(C)NC(=O)C2)n1,-7.155
Cc1nc(NC(=O)CN2CCC3NC(=O)C(Cc4ccccc4)NC(=O)C4(C/C=C/CC3C2)CCOCC4)sc1C,-5.83
CC1NC(=O)CC(C(=O)NCCN2CCCC2=O)NC(=O)c2ccccc2OCC(Cc2ccccc2)N(C)C1=O,-7.398
COCCn1cnnc1C1CCN(C(=O)CCc2ccc3c(c2)CN(C(C)C)CC(=O)NCCCCCO3)CC1,-5.02
CC1COc2ccccc2CCCCC2(CCN(C(=O)c3cnc(N)s3)CC2)C(=O)N1,-5.208
COCC12CCCCN(C(=O)COc3ccccc3)CCOc3ccccc3C(=O)N(CC1)CC2,-5.037
Cc1ocnc1C(=O)N1CCOC2(CCCCc3ccccc3OCCNC2=O)C1,-5.281
O=C1CN(Cc2ccccc2)Cc2c(cccc2C(=O)N2CCCC(O)C2)OCCCCCN1,-6.77
O=C1CC(C(=O)NCCOc2ccc(F)cc2)NC(=O)c2ccccc2OCC2CCCN2C(=O)C(Cc2ccccc2)N1,-5.55
CCOc1cccc2c1OCCCCCNC(=O)CN(C(=O)Cn1nc(C)nc1C)C2,-7.155
Cc1nccn1CC(=O)N1CCOC2(CCCCc3ccccc3OCCN(C)C2=O)C1,-6.658
COC1CN(C(=O)c2ccccc2F)CC(CC(C)C)N(C(=O)/C=C/c2ccccc2F)CCCCOCC(O)C1O,-5.53
CCCCN1CCOc2ccccc2CCCCC2(CN(C(=O)c3ccccc3OC)CCO2)C1=O,-6.056
CC1NC(=O)CC(C(=O)NCc2cccc(CN3CCOCC3)c2)NC(=O)c2ccccc2OCC(Cc2ccccc2)N(C)C1=O,-7.222
Cc1ccccc1CNC(=O)C1CC(=O)NC(C(C)C)C(=O)NCCOc2ccccc2C(=O)N1,-7.097
COCC1CCCN1C(=O)C1CCC(=O)N(C)CC(=O)NC(C(C)C)COc2ccccc2C(=O)N1,-5.77
COc1ccc(NC(=O)CN2CCOC3(C/C=C/Cc4ccccc4OCCNC3=O)C2)cc1,-5.432
COCC12CCCCN(C(=O)c3ccc(OC)cc3)CCOc3ccccc3C(=O)N(CC1)CC2,-5.011
O=C(CN1CCOC2(CCCCc3ccccc3OCCNC2=O)C1)Nc1ccc2c(c1)OCCO2,-5.57
CCN1CCOc2ccccc2CCCCC2(CN(C(=O)c3ccc(C)n(C)c3=O)CCO2)C1=O,-6.854
COCC12CCCCN(C(=O)c3ccccc3OC)CCOc3ccccc3C(=O)N(CC1)CC2,-5.161
Cc1ccccc1CCNC(=O)C1CC(=O)NC(C(C)C)C(=O)NCCOc2ccccc2C(=O)N1,-7.301
CN1CCCCN(C(=O)c2ccc(-c3ccccc3F)o2)C2CCCCC2Oc2ccccc2C1=O,-6.523
CCCn1cc(Cl)c(C(=O)N2CCOC3(CCCCc4ccccc4OCCN(CC)C3=O)C2)n1,-6.276
COCC12CCCCN(C(=O)c3ccc(Cl)cc3)CCOc3ccccc3C(=O)N(CC1)CC2,-4.635
CC1(C)CCCN(CC(=O)NCCOc2ccccc2)Cc2cccnc2Oc2ccccc2OC1,-6.553
CC(C)N1CC(=O)NCCCCCOc2ccc(CCC(=O)N3CCCC(N(C)S(=O)(=O)c4cccc(F)c4)CC3)cc2C1,-5.175
O=C1COc2ccccc2C/C=C/CC2C(CCCN2C(=O)Cc2c[nH]c(=O)[nH]c2=O)N1,-7.222
CCN1CCCCN(C(=O)c2cccc(F)c2)C2CCCCC2Oc2ccccc2C1=O,-4.769
CCN1CCOc2ccccc2C(=O)NC(C(=O)NCCOc2cccc(OC)c2)CC(=O)NC(Cc2ccccc2)C1=O,-5.539
CN1CCOc2ccccc2CCCCC2(CN(C(=O)COc3cccc4c3OC(C)(C)C4)CCO2)C1=O,-6.409
Cc1csc(CCCNC(=O)C2CC(=O)NC(C)C(=O)N(C)CCOc3ccccc3C(=O)N2)n1,-7.699
CCCCN1CCOc2ccccc2C(=O)NC(C(=O)NCC2COCCO2)CCC(=O)NC(CC(C)C)C1=O,-7.398
CC(C)N1CC(=O)NCCCCCOc2ccc(CCC(=O)Nc3ccncc3)cc2C1,-4.895
CCN(CCO)C(=O)c1ccc2c(c1)Cc1cccc(c1)C(=O)NCCOCCO2,-7.523
CC(C)C1COc2ccccc2C(=O)NC(C(=O)NCCN2CCOCC2)CCC(=O)NC(C(C)C)C(=O)N1,-7.523
COCCCNC(=O)C1CC(=O)NC(C(C)O)C(=O)N(C)CCOc2ccccc2C(=O)N1,-8.0
CCN1CCOc2ccccc2C(=O)NC(C(=O)NCCOc2ccc(C)cc2)CC(=O)NC(CC(C)C)C1=O,-5.507
Cn1ccc(C(=O)N2CCOC3(CCCCc4ccccc4OCCNC3=O)C2)n1,-5.431
CCN1CCOc2ccccc2CCCCC2(CN(C(=O)c3ncoc3C)CCO2)C1=O,-5.059
CC1COc2ccccc2CCCCC2(CCN(C(=O)CCC(F)(F)F)CC2)C(=O)N1,-4.858
O=C(COc1ccccc1)N1CCCCC2(CO)CCN(CC2)C(=O)c2ccccc2OCC1,-7.222
CN1CCOc2ccccc2CCCCC2(CN(C(=O)c3cnccn3)CCO2)C1=O,-4.831
CN1CCN(CC(=O)NC(CO)Cc2ccccc2)CCOc2ccccc2Oc2ncccc2C1=O,-7.699
CC(C)C(=O)N1CCC2(CC1)CC(O)C(O)Cc1ccccc1OCC(=O)N(C)C2,-7.222
CCOc1cccc2c1OCCCCCNC(=O)CN(C(=O)CN(C)C)C2,-6.824
O=C(CCc1ccccc1)N1CCCCC2(CO)CCN(CC2)C(=O)c2ccccc2OCC1,-6.638
CC1COc2ccccc2CCCCC2(CCN(C(=O)c3nccnc3N)CC2)C(=O)N1,-5.328
COCC12CCCCN(C(=O)c3cccc(N)n3)CCOc3ccccc3C(=O)N(CC1)CC2,-7.155
O=C(CN1CCCCCCOc2ccccc2Oc2ncccc2C1)N1CCN(c2ncccn2)CC1,-5.151
Cc1ncsc1C(=O)N1CCOC2(CCCCc3ccccc3OCCN(C)C2=O)C1,-4.85
Cc1nc(C(=O)N2CCCCNC(=O)c3cc(Cl)ccc3OCCCC2)co1,-5.157
COCCN1CCN(C(=O)C2CCC(=O)NC(C(C)C)C(=O)N(C)C(Cc3ccccc3)COc3ccccc3C(=O)N2)CC1,-6.824
Cn1cnc2cc(C(=O)N3CCCC4NC(=O)COc5ccccc5C/C=C/CC43)ccc21,-7.046
O=C(CN1CCCCCCOc2ccccc2Oc2ncccc2C1)NCCc1ccc(Cl)cc1,-6.585
Cc1cc(N=C2NCCCCCOc3ccccc3Oc3ncccc32)n(C)n1,-4.902
COCC12CCCCN(C(=O)c3cccnc3OC)CCOc3ccccc3C(=O)N(CC1)CC2,-5.102
Cc1ocnc1C(=O)N1CCOC2(CCCCc3ccccc3OCCN(C)C2=O)C1,-4.975
O=C(CN1CCOC2(C/C=C/Cc3ccccc3OCCNC2=O)C1)NC1CCCCC1,-5.162
CCN1CCOc2ccccc2CCCCC2(CN(C(=O)c3c(C)n(C)c4ccccc34)CCO2)C1=O,-6.244
CNC(=O)C12CCCCN(C(=O)c3ccc(Cl)cc3)CCOc3ccccc3C(=O)N(CC1)CC2,-6.745
Cc1cccc(/C=C/C(=O)N2CCCCOCC(O)C(O)C(O)CN(C(=O)c3ccc(F)cc3)CC2)c1,-7.398
O=C1CN(C(=O)c2cccnn2)CCCCNC(=O)c2cc(Cl)ccc2OCC(Cc2ccccc2)N1,-7.523
COC1CN(C(C)=O)CCCN(C(=O)c2cncnc2)CCCCOCC(O)C1O,-6.602
COC1CN(C(C)=O)CCCN(CC(=O)Nc2ccc(F)c(Cl)c2)CCCCOCC(O)C1O,-7.398
CC(C)CC1NC(=O)CC(C(=O)N2CCc3ccccc3CC2)NC(=O)c2ccccc2OCCCNC1=O,-5.668
COCC12CCCCN(C(=O)c3ccc4cc[nH]c4c3)CCOc3ccccc3C(=O)N(CC1)CC2,-5.13
Cc1nc(-c2cccc(NC(=O)CN3CCC4NC(=O)C(Cc5ccccc5)NC(=O)C5(C/C=C/CC4C3)CCOCC5)c2)cs1,-5.462
COCc1cccc(C(=O)N2CCOC3(CCCCc4ccccc4OCCNC3=O)C2)c1,-4.978
COCC12CCCCN(C(=O)c3cc(S(N)(=O)=O)ccc3OC)CCOc3ccccc3C(=O)N(CC1)CC2,-7.398
CCCc1nnsc1C(=O)N1CCCCOCC(O)C(O)C(OC)CN(C(C)=O)CCC1,-8.0
COCC12CCCCN(C(=O)c3ccccc3F)CCOc3ccccc3C(=O)N(CC1)CC2,-4.659
Cc1ccc(OCCNC(=O)C2CC(=O)NC(Cc3ccccc3)C(=O)N(C)CCOc3ccccc3C(=O)N2)c(C)c1,-5.322
c1ccc2c(c1)OCCCCCNC(=NCC1CCOCC1)c1cccnc1O2,-7.046
O=C(c1ccc(=O)n(-c2ccc(F)cc2)n1)N1CCOC2(CCCCc3ccccc3OCCNC2=O)C1,-5.542
CNC(=O)C12CCCCN(C(=O)c3cccc(F)c3)CCOc3ccccc3C(=O)N(CC1)CC2,-6.959
CN1CCCCN(S(C)(=O)=O)C2CCCCC2Oc2ccccc2C1=O,-5.171
O=C(CN1CCOC2(CCCCc3ccccc3OCCNC2=O)C1)Nc1ccc2c(c1)OCO2,-5.602
CC(=O)N1CC(C(=O)N2CCCCC3(CO)CCN(CC3)C(=O)c3ccccc3OCC2)C1,-7.046
CC(C)C1COc2ccc(Cl)cc2C(=O)NCCCCN(C(=O)c2ccc3[nH]nnc3c2)CC(=O)N1,-8.0
COc1cc(C(=O)N2CCC3(CCCCc4ccccc4OCC(C)NC3=O)CC2)ccn1,-4.906
O=C(c1ccc(F)cc1)N1CCOC2(CCCCc3ccccc3OCCNC2=O)C1,-5.036
Cc1c(C(=O)N2CCOC3(CCCCc4ccccc4OCCNC3=O)C2)nnn1-c1ccccc1,-5.225
CC(=O)N1CCCN(C(=O)C2CC(=O)NC(Cc3ccccc3)C(=O)NCCOc3ccccc3C(=O)N2)CC1,-7.699
CCN1CCOc2ccccc2CCCCC2(CN(C(=O)c3cc(C)n(-c4ccccc4)n3)CCO2)C1=O,-6.319
CCCCN1CCOc2ccccc2CCCCC2(CN(C(=O)c3ccc4ncccc4c3)CCO2)C1=O,-5.975
Cc1ccc(C(=O)N2CCCCC3(CCN(Cc4ccccn4)CC3)C(=O)OCC(O)C(O)CC2)cn1,-7.699
COCC12CCCCN(C(=O)c3ccc(OC)nc3)CCOc3ccccc3C(=O)N(CC1)CC2,-5.007
O=C1CN(C(=O)C2CCOCC2)CCCCNC(=O)c2cc(Cl)ccc2OCC(Cc2ccccc2)N1,-7.046
Cc1nc(C)c(CC(=O)N2CCOC3(C/C=C/Cc4ccccc4OCCNC3=O)C2)c(O)n1,-7.523
CC(C)N1CC(=O)NCCCCCOc2ccc(CCC(=O)N3CCC(c4nc5ccccc5[nH]4)CC3)cc2C1,-7.097
O=C1CC(C(=O)NCCc2ccccn2)NC(=O)c2ccccc2OCC2CCCN2C(=O)C(Cc2ccccc2)N1,-7.222
COC(=O)C1CCN(C(=O)CN2CCOC3(C/C=C/Cc4ccccc4OCCNC3=O)C2)CC1,-5.485
Cc1noc(C)c1C(=O)N1CCOC2(CCCCc3ccccc3OCCNC2=O)C1,-5.328
Cc1ccccc1CC(=O)N1CCCCC2(CO)CCN(CC2)C(=O)c2ccccc2OCC1,-6.658
O=C(CN1CCC2NC(=O)C(Cc3ccccc3)NC(=O)C3(C/C=C/CC2C1)CCOCC3)Nc1nc2c(s1)CCCC2,-5.606
O=C1COc2ccccc2C/C=C/CC2C(CCCN2C(=O)c2ccc3[nH]cnc3c2)N1,-7.301
CCN1CCOc2ccccc2CCCCC2(CN(C(=O)c3cc(F)cc(F)c3)CCO2)C1=O,-6.328
O=C(c1cnc2ccccc2c1)N1CCOC2(CCCCc3ccccc3OCCNC2=O)C1,-5.155
Cc1c(C(=O)N2CCOC3(CCCCc4ccccc4OCCNC3=O)C2)nnn1-c1ccc(F)cc1,-5.33
Nc1nccnc1C(=O)N1CCCCC2(COc3cccnc3)CCN(CC2)C(=O)c2ccccc2OCC1,-6.222
COc1cc(CNC(=O)CN2CCCCCCOc3ccccc3Oc3ncccc3C2)cc2c1OCO2,-5.357
O=C1CN(Cc2ccccc2)Cc2c(cccc2C(=O)N2CCN(c3ncccn3)CC2)OCCCCCN1,-5.01
Cc1ncoc1C(=O)N1CCOC2(CCCCc3ccccc3OCCNC2=O)C1,-5.502
CC1NC(=O)CCC(C(=O)NCCOc2ccc(F)cc2)NC(=O)c2ccccc2OCC(Cc2ccccc2)N(C)C1=O,-7.155
Cc1ccc(CNC(=O)CN2CCCC(C)(C)COc3ccccc3Oc3ncccc3C2)cc1,-6.602
CC(C)N1CC(=O)NCCCCCOc2ccc(CCC(=O)NC(c3ccc(F)c(F)c3)c3nccn3C)cc2C1,-5.321
CCCNC(=O)CN1CCOC2(CCCCc3ccccc3OCCNC2=O)C1,-5.152
COc1ccc(NC(C)=O)c(NC(=O)CN2CCOC3(CCCCc4ccccc4OCCNC3=O)C2)c1,-5.9
CCCCS(=O)(=O)N1CCCCN(C)C(=O)c2ccccc2OC2CCCCC21,-4.881
CC1NC(=O)CC(C(=O)NCCN2CCOCC2)NC(=O)c2ccccc2OCC(Cc2ccccc2)N(C)C1=O,-7.301
CCOc1cccc2c1OCCCCCNC(=O)CN(C(=O)CCCn1ccnc1)C2,-7.097
CCC(=O)N1CCCCC2(CO)CCN(CC2)C(=O)c2ccccc2OCC1,-7.097
COc1ccc(OCCNC(=O)C2CCC(=O)NC(C)C(=O)N(C)C(Cc3ccccc3)COc3ccccc3C(=O)N2)cc1,-7.699
CC1NC(=O)C2(CCCC2)NC(=O)CCC(C(=O)N(C)Cc2ccccc2N2CCOCC2)NC(=O)c2ccccc2OCC(Cc2ccccc2)N(C)C1=O,-5.951
Cc1ccc(C(=O)N2CCCCNC(=O)c3cc(Cl)ccc3OCC(Cc3ccccc3)NC(=O)C2)c(=O)n1C,-7.222
Cc1cc(C(=O)N2CCOC3(CCCCc4ccccc4OCCNC3=O)C2)on1,-5.202
O=C(c1cccc(F)c1)N1CCOC2(CCCCc3ccccc3OCCNC2=O)C1,-5.009
COc1ccc(OCCNC(=O)C2CCC(=O)NC(CC(C)C)C(=O)NC(C(C)C)C(=O)NC(C(C)C)COc3ccccc3C(=O)N2)cc1,-8.0
CCN1CCOc2ccccc2CCCCC2(CN(C(=O)c3ccccc3C(F)(F)F)CCO2)C1=O,-6.432
CCN(C(=O)CN1CCC2NC(=O)C(Cc3ccccc3)NC(=O)C3(C/C=C/CC2C1)CCOCC3)C1CCS(=O)(=O)C1,-5.947
CC(O)C1NC(=O)CC(C(=O)NCC2(c3cccc(F)c3)CCOCC2)NC(=O)c2ccccc2OCCCNC1=O,-6.357
O=C(CN1CCCCCCOc2ccccc2Oc2ncccc2C1)N1CCC(CCO)CC1,-4.829
CC1CN(C(=O)C2CC(=O)N(C)CC(=O)N(C)CCOc3ccccc3C(=O)N2)CC(C)O1,-7.222
Cc1nc(CNC(=O)CN2CCCC(C)(C)COc3ccccc3Oc3ncccc3C2)no1,-5.006
CC1CN(C(=O)C2CCC(=O)NC(C(C)C)C(=O)N(C)C(Cc3ccccc3)COc3ccccc3C(=O)N2)CC(C)O1,-6.77
CCN1CCOc2ccccc2CCCCC2(CN(C(=O)COc3ccc(F)cc3)CCO2)C1=O,-6.481
O=C(c1ccc(F)cc1)N1CCN(C(=O)c2cc[nH]n2)CCCCOCC(O)C(O)C(O)C1,-6.921
COC1CN(C(C)=O)CCCN(C(=O)c2cnccn2)CCCCOCC(O)C1O,-6.409
COCCCNC(=O)C1CC(=O)NC(C(C)C)C(=O)N(C)CCOc2ccccc2C(=O)N1,-7.523
CC(C)CC1COc2ccc(Cl)cc2C(=O)NCCCCN(C(=O)Cn2ccnc2)CC(=O)N1,-7.097
CC(CO)NC(=O)c1cccc2c1CN(Cc1ccccc1)CC(=O)NCCCCCO2,-7.398
O=C(CN1CCOC2(CCCCc3ccccc3OCCNC2=O)C1)NC1CCSC1=O,-5.481
O=C1NCCOCCOc2ccc(C(=O)N3CC(O)C3)cc2Cc2cccc1c2,-7.699
O=C1NCC2(CCCCCCOc3ccc(Cl)cc31)CCN(C(=O)Cc1ccccc1)CC2,-5.81
CN1CCOc2ccccc2CCCCC2(CN(C(=O)c3cn(C)cn3)CCO2)C1=O,-6.77
Cc1cc(OCCNC(=O)C2CC(=O)NC(C(C)C)C(=O)N3CCCC3COc3ccccc3C(=O)N2)ccc1Cl,-5.278
Cc1cc(C(F)(F)F)nc(C2CCCN(C(=O)CCc3ccc4c(c3)CN(C(C)C)CC(=O)NCCCCCO4)C2)n1,-5.493
O=C(CN1CCCCCCOc2ccccc2Oc2ncccc2C1)NCCCO,-4.873
O=C(CN1CCCCCCOc2ccccc2Oc2ncccc2C1)NCC1CCOCC1,-4.829
COCC12CCCCN(C(=O)c3cccc(OC)n3)CCOc3ccccc3C(=O)N(CC1)CC2,-4.943
COc1cc(CNC(=O)CN2CCCC(C)(C)COc3ccccc3Oc3ncccc3C2)cc2c1OCO2,-5.296
Cc1nc(NC(=O)CN2CCOC3(C/C=C/Cc4ccccc4OCCNC3=O)C2)sc1C,-5.253
CN1CCCCN(C(=O)CCN2CCCC2=O)CCCOc2ccc(Cl)cc2C1=O,-6.721
CCN1CCOc2ccccc2CCCCC2(CN(C(=O)Cc3ccccc3F)CCO2)C1=O,-6.229
CCOc1cccc2c1OCCCCCNC(=O)CN(C(=O)CCCn1cncn1)C2,-7.097
CC(C)N1CCOCCOc2ccc(C(=O)NC(CO)Cc3cnc[nH]3)cc2Cc2cccc(c2)C1,-7.097
CC(C)(CNC(=O)CN1CCCCCCOc2ccccc2Oc2ncccc2C1)c1ccccc1F,-6.553
COCCC(=O)N1CCCCC2(CO)CCN(CC2)C(=O)c2ccccc2OCC1,-7.155
CC(C)CC1COc2ccccc2C(=O)NC(C(=O)NCC2CC2)CC(=O)NC(C(C)C)C(=O)N1,-7.398
CC(C)CC1NC(=O)CC(C(=O)NCCOCc2ccccc2Cl)NC(=O)c2ccccc2OCCN(C)C1=O,-5.394
COCC12CCCCN(C(=O)Cc3noc4ccccc34)CCOc3ccccc3C(=O)N(CC1)CC2,-5.089
c1ccc2c(c1)OCCCCCN=C(NC1CC1)c1cccnc1O2,-6.824
CNC(=O)C12CCCCN(C(=O)C3CCCCC3)CCOc3ccccc3C(=O)N(CC1)CC2,-6.658
O=C1CN(Cc2ccccc2)Cc2cc(CCC(=O)N3CCC(Cc4ccccc4)CC3)ccc2OCCCCCN1,-6.721
O=C(Cc1ccc2c(c1)CN(Cc1ccccc1)CC(=O)NCCCCCO2)NCCCO,-5.507
CC(C)CC1NC(=O)CC(C(=O)NCC2CC2)NC(=O)c2ccccc2OCCN(C)C1=O,-7.699
CC1(C)CCCN(CC(=O)NCCc2ccc(F)cc2)Cc2cccnc2Oc2ccccc2OC1,-6.77
COc1ccccc1CCC(=O)N1CCCCC2(CO)CCN(CC2)C(=O)c2ccccc2OCC1,-5.842
CC(C)C1COc2ccc(Cl)cc2C(=O)NCCCCN(C(=O)c2ccccn2)CC(=O)N1,-7.301
O=C(CN1CCOC2(C/C=C/Cc3ccccc3OCCNC2=O)C1)Nc1ccc2c(c1)OCCO2,-5.556
O=C(COc1ccc(Cl)cc1)N1CCCCC2(CO)CCN(CC2)C(=O)c2ccccc2OCC1,-5.003
O=C1CC(C(=O)N2CCc3ccccc3CC2)NC(=O)c2ccccc2OCCNC(=O)C(CO)N1,-7.699
O=C1NCCOCCOc2ccc(C(=O)N3CCCC3CO)cc2Cc2cccc1c2,-7.523
COc1ccc(OC)c(S(=O)(=O)N2CCCCN(C)C(=O)c3ccccc3OC3CCCCC32)c1,-5.169
Cc1c(C(=O)N2CCOC3(CCCCc4ccccc4OCCNC3=O)C2)nnn1-c1ccccc1F,-5.364
CC(C)(CNC(=O)CN1CCCCCCOc2ccccc2Oc2ncccc2C1)c1cccc(F)c1,-6.62
CC(C)CC1COc2ccc(Cl)cc2C(=O)NCCCCN(C(=O)CN(C)C)CC(=O)N1,-7.0
O=C1c2ccccc2OCCN(C(=O)C2CCCC2)CCCCC2(CO)CCN1CC2,-6.745
Cc1nn(C)c(C)c1CCNC(=O)C1CCC(=O)NC(Cc2ccccc2)C(=O)N(C)C(Cc2ccccc2)COc2ccccc2C(=O)N1,-7.301
CCOc1ccc(CCCNC(=O)C2CC(=O)NC(CO)C(=O)NC(Cc3ccccc3)COc3ccccc3C(=O)N2)cc1OC,-8.0
CNC(=O)C12CCCCN(C(=O)Cc3cn(C)c4ccccc34)CCOc3ccccc3C(=O)N(CC1)CC2,-7.0
CN1CCOc2ccccc2CCCCC2(CN(C(=O)c3ccc4c(c3)CCC4)CCO2)C1=O,-6.187
CCN1CCOc2ccccc2C(=O)NC(C(=O)NCCOc2ccc(Cl)cc2)CC(=O)N(Cc2ccccc2)CC1=O,-6.824
Cc1nc2ccc(C(=O)N3CCCCN(C)C(=O)c4cc(Cl)ccc4OCC3)cc2[nH]1,-7.097
CC(C)NC1=NCCCCCOc2ccccc2Oc2ncccc21,-6.553
CN1CCOc2ccccc2C(=O)NC(C(=O)NCCCc2ccccc2)CCC(=O)N2CCCC2C1=O,-7.398
O=C1COc2ccccc2C/C=C/CC2C(CCCN2C(=O)Cn2cccnc2=O)N1,-6.921
CC(C)c1nnc(NC(=O)CN2CCC3(C/C=C/CNC(=O)c4ccccc4OCC(C(C)C)NC3=O)CC2)s1,-7.301
CCc1cc(C(=O)N2CCOC3(CCCCc4ccccc4OCCNC3=O)C2)no1,-5.101
COC1CN(C(=O)c2ccccc2F)CC(CC(C)C)N(C(=O)/C=C/c2cccc(C(F)(F)F)c2)CCCCOCC(O)C1O,-5.441
COc1ccc(CCCNC(=O)C2CCC(=O)NC(CC(C)C)C(=O)N(C)C(Cc3ccccc3)COc3ccccc3C(=O)N2)cc1OC,-7.523
CC1CN(C(=O)C2CC(=O)NC(C)C(=O)NCCCOc3ccccc3C(=O)N2)CC(C)O1,-7.523
Cc1cccc(OCCNC(=O)C2CC(=O)NC(C(C)C)C(=O)N3CCCC3COc3ccccc3C(=O)N2)c1C,-5.313
COCCCNC(=O)C1CC(=O)NC(C)C(=O)N2CCCC2COc2ccccc2C(=O)N1,-7.523
CC(C)CC1NC(=O)CCC(C(=O)N2CCC(O)CC2)NC(=O)c2ccccc2OCCNC1=O,-8.0
CC(C)CC1COc2ccc(Cl)cc2C(=O)NCCCCN(C(=O)c2cccc(-n3cnnc3)c2)CC(=O)N1,-7.523
CC(C)CC1COc2ccccc2C(=O)NC(C(=O)NCc2ccc(CN3CCOCC3)cc2)CCC(=O)N(Cc2ccccc2)CC(=O)N(C)CC(=O)N1,-8.0
O=C(Cc1ccc(F)cc1)N1CCCCC2(CO)CCN(CC2)C(=O)c2ccccc2OCC1,-6.699
Cc1nc(C(=O)N2CCOC3(CCCCc4ccccc4OCCN(C)C3=O)C2)co1,-4.998
CC(C)N1CC(=O)NCCCCCOc2ccc(CCC(=O)N(CCO)Cc3ccccc3)cc2C1,-4.783
COc1ccc(OCCCNC(=O)C2CC(=O)NC(CC(C)C)C(=O)NCCCOc3ccccc3C(=O)N2)cc1,-8.0
O=C1CN(C(=O)c2ccncn2)CCCCNC(=O)c2cc(Cl)ccc2OCC(Cc2ccccc2)N1,-7.523
CCn1cc(NC(=O)CN2CCOC3(CCCCc4ccccc4OCCNC3=O)C2)c(C)n1,-5.328
COc1ccc(CCNC(=O)C2CC(=O)NC(C(C)O)C(=O)NCCCOc3ccccc3C(=O)N2)cc1,-6.143
CN1CCCCN(S(=O)(=O)c2c(F)cccc2F)C2CCCCC2Oc2ccccc2C1=O,-5.115
Cc1nc2ccc(NC(=O)CN3CCOC4(C/C=C/Cc5ccccc5OCCNC4=O)C3)cc2[nH]1,-7.398
CCOCCNC(=O)C1CC(=O)NCCCC(=O)N(C)CCOc2ccccc2C(=O)N1,-7.699
COc1ccc2c(c1)OC(C)(C)CC2NC(=O)CCc1ccc2c(c1)CN(C(C)C)CC(=O)NCCCCCO2,-5.033
CCOc1cccc2c1OCCCCCNC(=O)CN(C(=O)Cn1cncn1)C2,-7.301
Cc1ncncc1C(=O)N1CCCCNC(=O)c2cc(Cl)ccc2OCCCC1,-7.046
CC(C)c1nnc(NC(=O)CN2CCOC3(C/C=C/Cc4ccccc4OCCNC3=O)C2)s1,-5.099
Cc1cc(C)n(CC(=O)N2CCCCN(C)C(=O)c3cc(Cl)ccc3OCCC2)n1,-6.854
CC1CN(C(=O)C2CC(=O)NC(CO)C(=O)NCCOc3ccccc3C(=O)N2)CC(C)O1,-8.0
O=C1NCC2(CCCCCCOc3ccc(Cl)cc31)CCN(C(=O)CCn1cnc3ccccc31)CC2,-6.268
CCCCN1CCOc2ccccc2CCCCC2(CN(C(=O)c3ccc(F)cc3F)CCO2)C1=O,-6.409
CC(C)CC(=O)N1CCC2(CC1)CC(O)C(O)Cc1ccccc1OCC(=O)N(C)C2,-7.398
O=C(/C=C/c1ccc(F)cc1Cl)N1CCCCOCC(O)C(O)C(O)CN(C(=O)c2ccc(F)cc2)CC1,-7.398
Cc1c(F)cccc1NC(=O)CN1CCC2NC(=O)C(Cc3ccccc3)NC(=O)C3(C/C=C/CC2C1)CCOCC3,-5.509
CC1NC(=O)CCC(C(=O)NCCc2ccc(F)cc2)NC(=O)c2ccccc2OCC(Cc2ccccc2)N(C)C1=O,-7.523
CC(=O)N1CCCCCCCCN(CC(=O)OC(C)(C)C)Cc2ccccc21,-6.585
CC1(C)CCCN(CC(=O)NCc2ccc(Cl)cc2)Cc2cccnc2Oc2ccccc2OC1,-6.638
O=C(CN1CCOC2(C/C=C/Cc3ccccc3OCCNC2=O)C1)NC1CCSC1=O,-5.32
CN1CCCCN(S(=O)(=O)c2ccc3c(c2)OCCCO3)C2CCCCC2Oc2ccccc2C1=O,-5.294
CCN1CCOc2ccccc2CCCCC2(CN(C(=O)Cc3ccccc3C)CCO2)C1=O,-6.367
COCCN1CCN(C(=O)CN2CCCCCCOc3ccccc3Oc3ncccc3C2)CC1,-6.62
CC(CO)NC(=O)c1ccc2c(c1)Cc1cccc(c1)CN(C(C)C)CCOCCO2,-6.721
O=C1CC(C(=O)NCCN2CCOCC2)NC(=O)c2ccccc2OCCNC(=O)C(Cc2c[nH]cn2)N1,-6.745
CCCCN1CCOc2ccccc2CCCCC2(CN(C(=O)COc3cccc4cccnc34)CCO2)C1=O,-6.276
CC(=O)N1CCCN(C(=O)C2CC(=O)N(C)CC(=O)N(C)CCOc3ccccc3C(=O)N2)CC1,-7.699
Cc1nn(C)c(C)c1CCNC(=O)C1CC(=O)NC(C)C(=O)N(C)C(Cc2ccccc2)COc2ccccc2C(=O)N1,-7.523
CC1CCCC(C)N1C(=O)CN1CCOC2(C/C=C/Cc3ccccc3OCCNC2=O)C1,-5.17
CC(C)N1CCOCCOc2ccc(C(=O)NCCCCCO)cc2Cc2cccc(c2)C1,-6.796
CN1CCCCN(C(=O)Cc2ccccc2Br)C2CCCCC2Oc2ccccc2C1=O,-6.194
Cc1ccccc1CCNC(=O)CN1CCCCCCOc2ccccc2Oc2ncccc2C1,-6.432
CC(C)CC1COc2ccccc2CCCCCC2(CCN(C(=O)c3ccc4[nH]cnc4c3)CC2)C(=O)N1,-6.409
O=C(CN1CCC2NC(=O)C(Cc3ccccc3)NC(=O)C3(C/C=C/CC2C1)CCOCC3)Nc1ccc(C(F)(F)F)cc1,-5.676
CC(C)C1COc2ccccc2C(=O)NC/C=C/CC2(CCN(CC(=O)Nc3ccc4c(c3)OCCCO4)CC2)C(=O)N1,-7.699
CC(C)C1COc2ccccc2C(=O)NC/C=C/CC2(CCN(CC(=O)Nc3ccc(OC(F)F)cc3)CC2)C(=O)N1,-7.699
CC(C)C1NC(=O)C2(CCCCC2)NC(=O)CC(C(=O)N2CCc3ccccc3CC2)NC(=O)c2ccccc2OCCNC1=O,-5.67
CCCCN1CCOc2ccccc2C(=O)NC(C(=O)N2CCC(OCCC)CC2)CC(=O)NC(Cc2ccccc2)C1=O,-5.216
O=C(CN1CCCCCCOc2ccccc2Oc2ncccc2C1)NC(CO)Cc1cnc[nH]1,-5.253
CN1CCOc2ccccc2C(=O)NC(C(=O)NCCc2cnccn2)CC(=O)NC(CC(N)=O)C1=O,-7.301
CC1NC(=O)CCC(C(=O)NCC2(c3cccc(F)c3)CCOCC2)NC(=O)c2ccccc2OCC(Cc2ccccc2)N(C)C1=O,-7.301
O=C(CN1CCOC2(C/C=C/Cc3ccccc3OCCNC2=O)C1)Nc1ccc2c(c1)OCO2,-5.412
CCN1CCOc2ccccc2CCCCC2(CN(C(=O)Cc3cccc(F)c3)CCO2)C1=O,-6.108
CCCCN1CCOc2ccccc2CCCCC2(CN(C(=O)c3cccc(F)c3)CCO2)C1=O,-6.387
Cc1nc(CC(=O)N2CCCCNC(=O)c3cc(Cl)ccc3OCC(Cc3ccccc3)NC(=O)C2)cs1,-7.097
COc1cc(CNC(=O)CN2CCCCCCOc3ccccc3Oc3ncccc3C2)cc(OC)c1OC,-4.99
CNC(=O)C12CCCCN(C(=O)c3ccc(C)cc3)CCOc3ccccc3C(=O)N(CC1)CC2,-6.921
CN1CCCCN(C(=O)CCN2CCCC2=O)CCCCOc2ccc(Cl)cc2C(=O)N(C)C(Cc2ccccc2)C1=O,-6.854
CS(=O)(=O)NCC(=O)N1CCCCNC(=O)c2cc(Cl)ccc2OCC(Cc2ccccc2)NC(=O)C1,-7.699
CC1(C)CCCN(CC(=O)NCCO)Cc2cccnc2Oc2ccccc2OC1,-5.061
Cc1oc2c(c1C(=O)N1CCC3(CCCCCOc4ccc(Cl)cc4C(=O)NC3)CC1)CCCC2,-6.481
O=C1CN(C(=O)CN2CCCC2)CCCCNC(=O)c2cc(Cl)ccc2OCC(Cc2ccccc2)N1,-7.301
CN1CCOc2ccccc2CCCCC2(CN(C(=O)c3ccn(C)n3)CCO2)C1=O,-4.836
CN1CCN(/C2=N/CCOCCOc3ccccc3Oc3ncccc32)CC1,-6.959
CC(C)C1NC(=O)CC(C(=O)NCc2ccc(CN3CCOCC3)cc2)NC(=O)c2ccccc2OCCN(C)C1=O,-5.654
CC(C)CNC(=O)CCc1ccc2c(c1)CN(C(C)C)CC(=O)NCCCCCO2,-4.812
CN1C(=O)CCC(C(=O)NCCc2cnccn2)NC(=O)c2ccccc2OCCCNC(=O)c2ccccc2OCC1Cc1ccccc1,-7.523
CNC(=O)C12CCCCN(C(=O)COc3ccc(Cl)cc3)CCOc3ccccc3C(=O)N(CC1)CC2,-6.796
CNC(=O)C12CCCCN(C(=O)c3cccc(N(C)C)c3)CCOc3ccccc3C(=O)N(CC1)CC2,-7.0
CCn1c(=O)n(CC)c2cc(NC(=O)CN3CCOC4(CCCCc5ccccc5OCCNC4=O)C3)ccc21,-5.341
CCCCn1cc(S(=O)(=O)N2CCCCN(C)C(=O)c3ccccc3OC3CCCCC32)c(C)n1,-5.016
CCN1CC(=O)NC(C(C)C)COc2ccccc2C(=O)NC(C(=O)N2CCCC2COC)CCC1=O,-5.469
O=C(CN1CCCCCCOc2ccccc2Oc2ncccc2C1)NCc1ccc(Cl)cc1,-6.62
Cc1cnccc1NC(=O)CCc1ccc2c(c1)CN(C(C)C)CC(=O)NCCCCCO2,-4.605
COc1ccc(NC(=O)CN2CCC3(C/C=C/CNC(=O)c4ccccc4OCC(C(C)C)NC3=O)CC2)cc1Cl,-7.398
CCCCN1CCOc2ccccc2CCCCC2(CN(C(=O)c3ccccc3)CCO2)C1=O,-6.398
Cc1cccc(NC2=NCCOCCOc3ccccc3Oc3ncccc32)n1,-4.971
CC1(C)CCCN(CC(=O)NCC(C)(C)c2ccc(F)cc2)Cc2cccnc2Oc2ccccc2OC1,-6.921
CCn1cc(S(=O)(=O)N2CCCCN(C)C(=O)c3ccccc3OC3CCCCC32)cn1,-5.115
Cc1onc(-c2ccccc2Cl)c1C(=O)N1CCCCN(C)C(=O)c2ccccc2OC2CCCCC21,-5.044
CC1COc2ccccc2C(=O)NC(C(=O)NCc2ccc(CN3CCOCC3)cc2)CC(=O)NC(CC(N)=O)C(=O)NC(C(C)C)C(=O)N1,-6.959
COCC1CCCN1C(=O)C1CCC(=O)NC(Cc2ccccc2)C(=O)NC(C(C)C)COc2ccccc2C(=O)N1,-5.47
NS(=O)(=O)c1ccc(CCNC(=O)Cc2ccc3c(c2)CN(Cc2ccccc2)CC(=O)NCCCCCO3)cc1,-5.839
COCC12CCCCN(C(=O)c3ccnc(OC)c3)CCOc3ccccc3C(=O)N(CC1)CC2,-4.785
CC(O)C1NC(=O)CC(C(=O)NCCCn2ccc(C(F)(F)F)n2)NC(=O)c2ccccc2OCCCNC1=O,-6.678
CC(C)CC1COc2ccccc2CCCCCC2(CCN(C(=O)c3ccc(F)cc3)CC2)C(=O)N1,-6.222
O=C(CN1CCC2NC(=O)C(Cc3ccccc3)NC(=O)C3(C/C=C/CC2C1)CCOCC3)Nc1ccccc1OC(F)F,-5.775
CCN1CCOc2ccccc2CCCCC2(CN(C(=O)COc3ccccc3F)CCO2)C1=O,-6.523
COCC12CCCCN(C(=O)c3ccc(=O)[nH]n3)CCOc3ccccc3C(=O)N(CC1)CC2,-7.398
CC(O)C1NC(=O)CC(C(=O)NCCc2ccc(F)cc2)NC(=O)c2ccccc2OCC2CCCN2C1=O,-7.699
COc1ccc(OCCNC(=O)C2CC(=O)NC(C(C)C)C(=O)NCCCOc3ccccc3C(=O)N2)cc1,-8.0
CN(CC(O)CO)C(=O)c1cccc2c1CN(Cc1ccccc1)CC(=O)NCCCCCO2,-7.699
COC1CN(C(C)=O)CCCN(CC(=O)Nc2cccnc2Cl)CCCCOCC(O)C1O,-8.0
CC(=O)Nc1ccc(NC(=O)CN2CCOC3(CCCCc4ccccc4OCCNC3=O)C2)cc1,-7.523
COC(=O)Cc1cnc(NC(=O)CN2CCOC3(CCCCc4ccccc4OCCNC3=O)C2)s1,-5.334
CCn1c(=O)n(CC)c2cc(NC(=O)CN3CCOC4(C/C=C/Cc5ccccc5OCCNC4=O)C3)ccc21,-5.322
CCCCN1CCOc2ccccc2C(=O)NC(C(=O)N2CCC(N3CCOCC3)CC2)CC(=O)NC(CC(C)C)C1=O,-7.523
CCC(C)C1NC(=O)CCC(C(=O)N2CCN(CCOC)CC2)NC(=O)c2ccccc2OCCN(C)C1=O,-7.523
CC(C)(CNC(=O)CN1CCCCCCOc2ccccc2Oc2ncccc2C1)c1ccc(F)cc1,-7.046
CC(C)CC1NC(=O)C2(CCCCOCC(C)NC1=O)CCN(Cc1c(F)cccc1F)CC2,-4.805
COC(=O)c1sccc1S(=O)(=O)N1CCCCN(C)C(=O)c2ccccc2OC2CCCCC21,-4.931
O=C1NCC2(CCCCCCOc3ccc(Cl)cc31)CCN(C(=O)c1cccc(F)c1)CC2,-5.91
CN1CCCCN(S(=O)(=O)c2ccc(F)cc2)C2CCCCC2Oc2ccccc2C1=O,-4.85
Cc1ocnc1C(=O)N1CCCCNC(=O)c2cc(Cl)ccc2OCCCC1,-4.963
Cc1cc(C)n(CC(=O)N2CCC3NC(=O)C(Cc4ccccc4)NC(=O)C4(C/C=C/CC3C2)CCOCC4)c(=O)n1,-7.523
CC1CN(C(=O)C2CCC(=O)NC(C)C(=O)N(C)C(Cc3ccccc3)COc3ccccc3C(=O)N2)CC(C)O1,-7.222
O=C(CN1CCOC2(C/C=C/Cc3ccccc3OCCNC2=O)C1)Nc1ccnn1C1CCCC1,-5.133
CCn1cc(NC(=O)CN2CCOC3(C/C=C/Cc4ccccc4OCCNC3=O)C2)c(C)n1,-5.32
CCn1ccc(C(=O)N2CCCCOCC(O)C(O)C(OC)CN(C(C)=O)CCC2)n1,-7.699
COCC12CCCCN(C(=O)Cn3nc(C)nc3C)CCOc3ccccc3C(=O)N(CC1)CC2,-6.886
CS(=O)(=O)NCC(=O)N1CCCCC2(CCN(Cc3ccccn3)CC2)C(=O)OCC(O)C(O)CC1,-5.991
O=C1NC2CCN(C(=O)Cn3nnc4ccccc43)CC2C/C=C/CC2(CCOCC2)C(=O)NC1Cc1ccccc1,-7.398
c1ccc2c(c1)OCCOCCN=C(NCC1CC1)c1cccnc1O2,-7.398
CCn1nc(C(C)C)cc1C(=O)N1CCC2(CCCCCCOc3ccccc3C(=O)NC2)CC1,-6.108
COCCOc1cccc(CNC(=O)Cc2ccc3c(c2)CN(Cc2ccccc2)CC(=O)NCCCCCO3)c1,-5.418
O=C1CN(Cc2ccccc2)Cc2c(cccc2C(=O)NCC(O)CO)OCCCCCN1,-8.0
CN(C)c1ncc2c(n1)Cc1cccc(c1)OCCOCCN=C2Nc1ccccn1,-4.992
CS(=O)(=O)N1CCC(CC(=O)N2CCCCC3(CO)CCN(CC3)C(=O)c3ccccc3OCC2)CC1,-7.398
Cc1nonc1NC(=O)CN1CCOC2(C/C=C/Cc3ccccc3OCCNC2=O)C1,-5.24
COCC12CCCCN(C(=O)c3cc(C)n[nH]3)CCOc3ccccc3C(=O)N(CC1)CC2,-6.959
COc1ccc(F)cc1S(=O)(=O)N1CCCCN(C)C(=O)c2ccccc2OC2CCCCC21,-5.14
COc1ccc(CCCNC(=O)C2CCC(=O)N(C)CC(=O)N(C)C(Cc3ccccc3)COc3ccccc3C(=O)N2)cc1OC,-7.097
CC(C)C1NC(=O)CCC(C(=O)NCc2ccc(CN3CCOCC3)cc2)NC(=O)c2ccccc2OCCN(C)C1=O,-5.259
CCOc1ccc(CCCNC(=O)C2CC(=O)NC(C(C)O)C(=O)N3CCCC3COc3ccccc3C(=O)N2)cc1OC,-8.0
Cc1nc(CNC(=O)CN2CCCCCCOc3ccccc3Oc3ncccc3C2)no1,-4.712
CCN(CC)C(=O)CN1CCCCCCOc2ccccc2Oc2ncccc2C1,-7.046
Cc1ccncc1NC(=O)CN1CCCCCCOc2ccccc2Oc2ncccc2C1,-6.77
CCC(C)C1NC(=O)CC(C(=O)NCc2ccc(CN3CCOCC3)cc2)NC(=O)c2ccccc2OCCNC1=O,-5.519
CC1(C)CCCN(CC(=O)NCC(C)(C)c2ccccc2F)Cc2cccnc2Oc2ccccc2OC1,-7.155
O=C1NCCCCN(C(=O)CN2CCOCC2)CCCCOc2ccc(Cl)cc21,-6.959
CC(C)n1nccc1NC(=O)CN1CCOC2(C/C=C/Cc3ccccc3OCCNC2=O)C1,-4.998
CC(C)Cc1cc(C(=O)N2CCC3(CCCCCCOc4ccccc4C(=O)NC3)CC2)n(C)n1,-6.208
CC(C)C1NC(=O)CC(C(=O)NCCCN2CCOCC2)NC(=O)c2ccccc2OCC2CCCN2C1=O,-8.0
CN1CCN(C(=O)c2ccc3c(c2)Cc2cccc(c2)C(=O)NCCOCCO3)CC1,-7.699
O=C1CN(Cc2ccccc2)Cc2c(cccc2C(=O)N2CCNC(=O)C2)OCCCCCN1,-8.0
CCOc1ccc(CCCNC(=O)C2CC(=O)NC(Cc3ccc(O)cc3)C(=O)N(C)CCOc3ccccc3C(=O)N2)cc1OC,-7.222
CCOc1cccc2c1OCCCCCNC(=O)CN(C(=O)Cc1ccccc1C)C2,-5.635
CC(C)N1CC(=O)NCCCCCOc2ccc(CCC(=O)N3CCC(CCc4ccnc(N(C)C)c4)CC3)cc2C1,-5.339
O=C1CC(C(=O)NCc2cccc(CN3CCOCC3)c2)NC(=O)c2ccccc2OCCNC(=O)C(CO)N1,-7.523
CN1CCOc2ccccc2C(=O)NC(C(=O)NCc2ccc(CN3CCOCC3)cc2)CCC(=O)N(C)CC1=O,-6.62
CC(C)C1COc2ccccc2C(=O)NC(C(=O)NCCc2ccc(F)cc2)CCC(=O)N2CCCC2C(=O)N1,-6.553
CN1CCOc2ccccc2C(=O)NCCCOc2ccccc2C(=O)NC(C(=O)NCc2ccc(CN3CCOCC3)cc2)CCC1=O,-6.959
O=C(c1ccc2c(c1)OCO2)N1CCCCC2(CCN(Cc3ccccn3)CC2)C(=O)OCC(O)C(O)CC1,-6.921
CC(C)N1CC(=O)NCCCCCOc2ccc(CCC(=O)N3CCCCC3Cc3ccccc3)cc2C1,-5.629
CC(C)N1CC(=O)NCCCCCOc2ccc(CCC(O)=NS(=O)(=O)Cc3ccccc3)cc2C1,-6.367
CC(O)C1NC(=O)CC(C(=O)NCc2cccc(CN3CCCC3=O)c2)NC(=O)c2ccccc2OCC2CCCN2C1=O,-6.854
CC(C)N1CC(=O)NCCCCCOc2ccc(CCC(=O)N3CCC(Cc4cc(N(C)C)ncn4)CC3)cc2C1,-5.674
CC1(C)NC(=O)CC(C(=O)NCc2ccc(CN3CCOCC3)cc2)NC(=O)c2ccccc2OCCCNC(=O)C(Cc2ccccc2)NC1=O,-7.222
CN1CCOc2ccccc2C(=O)NC(C(=O)NCc2ccc(CN3CCOCC3)cc2)CCC(=O)NC(Cc2ccccc2)C1=O,-6.62
O=C1CC(C(=O)NCc2ccc(CN3CCOCC3)cc2)NC(=O)c2ccccc2OCC2CCCN2C(=O)C(Cc2ccccc2)N1,-6.959
CN1C(=O)C2(CC2)NC(=O)CCC(C(=O)NCCN2CCNC2=O)NC(=O)c2ccccc2OCC1Cc1ccccc1,-7.222
O=C1CCC(C(=O)NCC2(c3cccc(F)c3)CCOCC2)NC(=O)c2ccccc2OCCCNC(=O)c2ccccc2OCC(Cc2ccccc2)N1,-6.824
CC(C)CC1COc2ccccc2C(=O)NC(C(=O)NCc2ccc(CN3CCOCC3)cc2)CCC(=O)NC(Cc2ccccc2)C(=O)N(C)CC(=O)N1,-7.0
CC(C)CC1NC(=O)CC(C(=O)NCCN2CCCC2=O)NC(=O)c2ccccc2OCCN(C)C1=O,-7.097
COC1CN(C(=O)c2ccccc2F)CC(CC(C)C)N(C(=O)CN2CC(O)C2)CCCCOCC(O)C1O,-6.886
CCCCN1CCOc2ccccc2CCCCC2(CN(C(=O)CCN(C)Cc3ccccn3)CCO2)C1=O,-5.114
Cc1nn(C)c(C)c1CCNC(=O)C1CCC(=O)NC(C(C)C)C(=O)N(C)CCOc2ccccc2C(=O)N1,-7.097
CC1NC(=O)CC(C(=O)NCC2(c3cccc(F)c3)CCOCC2)NC(=O)c2ccccc2OCC(Cc2ccccc2)N(C)C1=O,-6.854
O=C(c1ccc(F)cc1)N1CCN(C(=O)c2cncs2)CCCCOCC(O)C(O)C(O)C1,-7.046
CN1CC2(CCN(C(=O)c3cc[nH]n3)CC2)CC(O)C(O)Cc2ccccc2OCC1=O,-7.046
O=C(c1ccc2ccccc2n1)N1CCCCC2(CCN(Cc3ccccn3)CC2)C(=O)OCC(O)C(O)CC1,-6.796
O=C(c1cnc2ccccc2n1)N1CCCCC2(CCN(Cc3ccccn3)CC2)C(=O)OCC(O)C(O)CC1,-6.699
CCCCN1CCOc2ccccc2C(=O)NC(C(=O)NCCOCC2CCCO2)CC(=O)NC(CC(C)C)C1=O,-6.745
CC1COc2ccccc2C(=O)NC(C(=O)NCc2ccc(CN3CCOCC3)cc2)CC(=O)NC(C)C(=O)NC(C(C)C)C(=O)N1,-7.097
CC(C)C1NC(=O)C2(CCCCC2)NC(=O)CC(C(=O)NCc2ccc(CN3CCOCC3)cc2)NC(=O)c2ccccc2OCCNC1=O,-7.0
CN1CCOc2ccccc2C(=O)NC(C(=O)NCCCn2ccc(C(F)(F)F)n2)CCC(=O)N2CCCC2C1=O,-7.301
O=C1CC(C(=O)NCc2ccc(CN3CCOCC3)cc2)NC(=O)c2ccccc2OCCNC(=O)C(Cc2ccc(O)cc2)N1,-7.222
CN1CCOc2ccccc2C(=O)NCCCOc2ccccc2C(=O)NC(C(=O)NCc2cccc(CN3CCOCC3)c2)CCC1=O,-7.398
COCC1CCCN1C(=O)C1CCC(=O)NC(CC(C)C)C(=O)N(C)CCOc2ccccc2C(=O)N1,-6.824
CC1COc2ccccc2C(=O)NC(C(=O)NCc2ccc(CN3CCOCC3)cc2)CC(=O)NC(Cc2ccccc2)C(=O)NC(C(C)C)C(=O)N1,-7.155
CCn1cc(NC(=O)CN2CCC3(C/C=C/COc4ccc(Cl)cc4C(=O)NC(CC(C)C)C(=O)NC3)CC2)c(C)n1,-6.721
COCC1CCCN1C(=O)C1CCC(=O)NC2(CC2)C(=O)N(C)C(Cc2ccccc2)COc2ccccc2C(=O)N1,-6.921
Cn1cc(C(=O)N2CCCCC3(CCN(Cc4ccccn4)CC3)C(=O)OCC(O)C(O)CC2)cn1,-6.456
O=C(CN1CCCCCCOc2ccccc2Oc2ncccc2C1)NCc1cccc(CN2CCOCC2)c1,-5.1
CC(C)CC1COc2ccccc2C(=O)NC(C(=O)NCc2ccc(CN3CCOCC3)cc2)CCC(=O)NC(c2ccccc2)C(=O)N(C)CC(=O)N1,-6.62
COC1CN(C(C)=O)CC(CC(C)C)N(C(=O)CN2CCN(c3ccccc3)CC2)CCCCOCC(O)C1O,-6.62
CC1COc2ccccc2C(=O)NC(C(=O)NCc2ccc(CN3CCOCC3)cc2)CC(=O)NC(C(C)O)C(=O)NC(C(C)C)C(=O)N1,-6.886
O=C(C1CCOCC1)N1CCCCC2(CCN(Cc3ccccn3)CC2)C(=O)OCC(O)C(O)CC1,-5.959
CC(C)C1NC(=O)CC(C(=O)NCc2cccc(CN3CCOCC3)c2)NC(=O)c2ccccc2OCCCNC1=O,-7.523
CCCCN1CCOc2ccccc2C(=O)NC(C(=O)N2CCC(OCCC)CC2)CCC(=O)NC(CC(C)C)C1=O,-5.646
CCC(C)C1NC(=O)CCC(C(=O)NCCCc2nc(C)cs2)NC(=O)c2ccccc2OCCN(C)C1=O,-7.398
COCc1nnc(C2CCN(C(=O)CCc3ccc4c(c3)CN(C(C)C)CC(=O)NCCCCCO4)CC2)o1,-7.155
CCC(C)C1NC(=O)CCC(C(=O)NCCc2c(C)nn(C)c2C)NC(=O)c2ccccc2OCCN(C)C1=O,-7.699
CC(C)CC1NC(=O)CCC(C(=O)NCC(O)c2ccccc2)NC(=O)c2ccccc2OCCNC1=O,-8.0
CC(C)C1NC(=O)CC(C(=O)NCc2cccc(CN3CCOCC3)c2)NC(=O)c2ccccc2OCCN(C)C1=O,-5.842
CC(C)C1NC(=O)CCC(C(=O)NCC(C)(C)c2ccc(F)cc2)NC(=O)c2ccccc2OCCN(C)C1=O,-7.301
CN1CCOc2ccccc2C(=O)NC(C(=O)NCCc2ccccn2)CC(=O)NC(Cc2ccccc2)C1=O,-7.523
COC1CN(C(C)=O)CCCN(C(=O)c2ncccc2O)CCCCOCC(O)C1O,-6.638
O=C1CN(Cc2ccccc2)Cc2c(cccc2C(=O)NC(CO)Cc2cnc[nH]2)OCCCCCN1,-8.0
CC(C)C1NC(=O)CCC(C(=O)NCCc2ccc(F)cc2)NC(=O)c2ccccc2OCCN(C)C1=O,-7.523
CCOc1ccc(CCCNC(=O)C2CCC(=O)N(C)CC(=O)N(C)C(Cc3ccccc3)COc3ccccc3C(=O)N2)cc1OC,-6.921
CC(C)N1CC(=O)NCCCCCOc2ccc(CCC(=O)N3CCN(c4ncccn4)CC3)cc2C1,-4.869
O=C1CC(C(=O)NCCN2CCCC2=O)NC(=O)c2ccccc2OCC2CCCN2C(=O)C(Cc2ccccc2)N1,-7.699
CC1COc2ccccc2C(=O)NC(C(=O)NCc2ccc(CN3CCOCC3)cc2)CC(=O)N(C)C(Cc2ccccc2)C(=O)NC(C(C)C)C(=O)N1,-6.066
CC(C)C1NC(=O)C(CCC(N)=O)NC(=O)CC(C(=O)NCc2cccc(CN3CCOCC3)c2)NC(=O)c2ccccc2OCCNC1=O,-7.155
CC(C)C1NC(=O)CC(C(=O)NCCOc2ccc(Cl)cc2)NC(=O)c2ccccc2OCC(Cc2ccccc2)NC1=O,-7.699
COCC(=O)N1CC(OC)C(O)C(O)COCCCCN(C(=O)/C=C/c2cccc(C(F)(F)F)c2)C(CC(C)C)C1,-5.62
CCc1noc(C)c1C(=O)N1CCOC2(CCCCc3ccccc3OCCNC2=O)C1,-4.953
O=C1CC(C(=O)NCc2cccc(CN3CCOCC3)c2)NC(=O)c2ccccc2OCCNC(=O)C(Cc2ccc(O)cc2)N1,-6.398
CN1CC(=O)N(C)C(Cc2ccccc2)COc2ccccc2C(=O)NC(C(=O)NCCc2cnccn2)CCC1=O,-7.523
CC(C)N1CCOCCOc2ccc(C(=O)N3CCN(CCO)CC3)cc2Cc2cccc(c2)C1,-6.886
Cc1ccccc1CCNC(=O)CN1CCCC(C)(C)COc2ccccc2Oc2ncccc2C1,-7.097
CC(C)C1NC(=O)C(CC(N)=O)NC(=O)CC(C(=O)NCc2ccc(CN3CCOCC3)cc2)NC(=O)c2ccccc2OCCNC1=O,-6.796
COCCN1CCN(C(=O)C2CCC(=O)N(C)CC(=O)N(C)C(Cc3ccccc3)COc3ccccc3C(=O)N2)CC1,-7.699
CC(O)C1NC(=O)CC(C(=O)NCc2ccc(CN3CCOCC3)cc2)NC(=O)c2ccccc2OCC2CCCN2C1=O,-5.583
O=C1CN(Cc2ccccc2)Cc2c(cccc2C(=O)N2CCN(CCO)CC2)OCCCCCN1,-7.523
O=C(CN1CCOC2(CCCCc3ccccc3OCCNC2=O)C1)NCc1ccc2c(c1)OCO2,-5.1
CC(C)N1CC(=O)NCCCCCOc2ccc(CCC(=O)N3CCNC(=O)C3)cc2C1,-8.0
Cc1ccc2c(CCNC(=O)CN3CCCC(C)(C)COc4ccccc4Oc4ncccc4C3)c(C)n(C)c2c1,-7.097
COCC12CCCCN(C(=O)CN(C)C)CCOc3ccccc3C(=O)N(CC1)CC2,-7.301
O=C1CN(Cc2ccccc2)Cc2cc(CCC(=O)N3CCCCC3Cc3ccccc3)ccc2OCCCCCN1,-7.155
O=C1CN(Cc2ccccc2)Cc2c(cccc2C(=O)N2CC(O)C2)OCCCCCN1,-8.0
CCN1CCN(C(=O)C2CC(=O)NC(C)C(=O)N(C)C(Cc3ccccc3)COc3ccccc3C(=O)N2)CC1,-7.699
O=C1CN(Cc2ccccc2)Cc2c(cccc2C(=O)N2CCC(O)CC2)OCCCCCN1,-8.0
CC(C)NC1=NCCOCCOc2ccccc2Oc2ncccc21,-7.699
COCCN1CCN(C(=O)c2ccc3c(c2)Cc2cccc(c2)C(=O)NCCOCCO3)CC1,-8.0
CC(C)Cc1nocc1CNC(=O)CN1CCCC(C)(C)COc2ccccc2Oc2ncccc2C1,-7.699
OCCN1CCN(/C2=N/CCCCCOc3ccccc3Oc3ncccc32)CC1,-7.222
O=C(CN1CCc2ccccc2C1)N1CCCCC2(CO)CCN(CC2)C(=O)c2ccccc2OCC1,-8.0
O=C1CN(Cc2ccccc2)Cc2c(cccc2C(=O)N2CCCCC2Cc2ccccc2)OCCCCCN1,-7.097
CC1(C)CCCN(CC(=O)NCCc2ccc(Cl)cc2)Cc2cccnc2Oc2ccccc2OC1,-7.523
CC(C)C[C@@H]1NCCCCNC(=O)[C@H](Cc2ccc(O)cc2)NC(=O)[C@H](C)NC(=O)[C@H](Cc2ccccc2)NC1=O,-7.36
CC(C)C[C@@H]1NCCCCNC(=O)[C@H](C)NC(=O)[C@H](Cc2ccc(O)cc2)NC(=O)[C@H](Cc2ccccc2)NC1=O,-7.36
CC(C)C[C@@H]1NCCCCNC(=O)[C@H](Cc2ccccc2)NC(=O)[C@H](Cc2ccc(O)cc2)NC(=O)[C@H](C)NC1=O,-7.74
CC(C)C[C@@H]1NCCCCNC(=O)[C@H](Cc2ccc(O)cc2)NC(=O)[C@H](Cc2ccccc2)NC(=O)[C@H](C)NC1=O,-7.24
CC(C)C[C@@H]1NCCCCNC(=O)[C@H](C)NC(=O)[C@H](Cc2ccccc2)NC(=O)[C@H](Cc2ccc(O)cc2)NC1=O,-7.68
CC(C)C[C@@H]1NCCCCNC(=O)[C@H](Cc2ccccc2)NC(=O)[C@H](C)NC(=O)[C@H](Cc2ccc(O)cc2)NC1=O,-6.77
CC(C)C[C@@H]1NC(=O)[C@H](Cc2ccc(O)cc2)NCCCCNC(=O)[C@H](Cc2ccccc2)NC(=O)[C@H](C)NC1=O,-7.67
CC(C)C[C@@H]1NC(=O)[C@H](Cc2ccc(O)cc2)NCCCCNC(=O)[C@H](C)NC(=O)[C@H](Cc2ccccc2)NC1=O,-7.43
CC(C)C[C@@H]1NC(=O)[C@H](Cc2ccccc2)NC(=O)[C@H](C)NC(=O)[C@H](Cc2ccc(O)cc2)NCCCCNC1=O,-7.76
CC(C)C[C@@H]1NC(=O)[C@H](C)NC(=O)[C@H](Cc2ccc(O)cc2)NCCCCNC(=O)[C@H](Cc2ccccc2)NC1=O,-7.74
CC(C)C[C@@H]1NC(=O)[C@H](Cc2ccccc2)NC(=O)[C@H](Cc2ccc(O)cc2)NCCCCNC(=O)[C@H](C)NC1=O,-7.4
CC(C)C[C@@H]1NC(=O)[C@H](C)NC(=O)[C@H](Cc2ccccc2)NC(=O)[C@H](Cc2ccc(O)cc2)NCCCCNC1=O,-7.17
CC(C)C[C@@H]1NC(=O)[C@H](Cc2ccc(O)cc2)NC(=O)[C@H](Cc2ccccc2)NC(=O)[C@H](C)NCCCCNC1=O,-7.67
CC(C)C[C@@H]1NC(=O)[C@H](Cc2ccccc2)NC(=O)[C@H](C)NCCCCNC(=O)[C@H](Cc2ccc(O)cc2)NC1=O,-7.43
CC(C)C[C@@H]1NC(=O)[C@H](Cc2ccc(O)cc2)NC(=O)[C@H](C)NCCCCNC(=O)[C@H](Cc2ccccc2)NC1=O,-7.46
CC(C)C[C@@H]1NC(=O)[C@H](Cc2ccccc2)NC(=O)[C@H](Cc2ccc(O)cc2)NC(=O)[C@H](C)NCCCCNC1=O,-7.37
CC(C)C[C@@H]1NC(=O)[C@H](C)NCCCCNC(=O)[C@H](Cc2ccc(O)cc2)NC(=O)[C@H](Cc2ccccc2)NC1=O,-7.41
CC(C)C[C@@H]1NC(=O)[C@H](C)NCCCCNC(=O)[C@H](Cc2ccccc2)NC(=O)[C@H](Cc2ccc(O)cc2)NC1=O,-7.04
CC(C)C[C@@H]1NC(=O)[C@H](Cc2ccccc2)NCCCCNC(=O)[C@H](C)NC(=O)[C@H](Cc2ccc(O)cc2)NC1=O,-7.42
CC(C)C[C@@H]1NC(=O)[C@H](Cc2ccccc2)NCCCCNC(=O)[C@H](Cc2ccc(O)cc2)NC(=O)[C@H](C)NC1=O,-7.38
CC(C)C[C@@H]1NC(=O)[C@H](C)NC(=O)[C@H](Cc2ccc(O)cc2)NC(=O)[C@H](Cc2ccccc2)NCCCCNC1=O,-7.78
CC(C)C[C@@H]1NC(=O)[C@H](Cc2ccc(O)cc2)NC(=O)[C@H](Cc2ccccc2)NCCCCNC(=O)[C@H](C)NC1=O,-7.49
CC(C)C[C@@H]1NC(=O)[C@H](C)NC(=O)[C@H](Cc2ccccc2)NCCCCNC(=O)[C@H](Cc2ccc(O)cc2)NC1=O,-7.41
CC(C)C[C@@H]1NC(=O)[C@H](Cc2ccc(O)cc2)NC(=O)[C@H](C)NC(=O)[C@H](Cc2ccccc2)NCCCCNC1=O,-7.44
CC(C)C[C@@H]1NCCCCNC(=O)[C@@H](Cc2ccccc2)NC(=O)[C@H](C)NC(=O)[C@H](Cc2ccc(O)cc2)NC1=O,-7.02
CC(C)C[C@@H]1NCCCCNC(=O)[C@H](Cc2ccccc2)NC(=O)[C@@H](C)NC(=O)[C@H](Cc2ccc(O)cc2)NC1=O,-6.54
CC(C)C[C@@H]1NCCCCNC(=O)[C@H](Cc2ccccc2)NC(=O)[C@H](C)NC(=O)[C@@H](Cc2ccc(O)cc2)NC1=O,-7.21
CC(C)C[C@H]1NCCCCNC(=O)[C@H](Cc2ccccc2)NC(=O)[C@H](C)NC(=O)[C@H](Cc2ccc(O)cc2)NC1=O,-7.29
CC(C)C[C@@H]1NCCCCNC(=O)[C@@H](Cc2ccccc2)NC(=O)[C@@H](C)NC(=O)[C@H](Cc2ccc(O)cc2)NC1=O,-6.27
CC(C)C[C@@H]1NCCCCNC(=O)[C@@H](Cc2ccccc2)NC(=O)[C@H](C)NC(=O)[C@@H](Cc2ccc(O)cc2)NC1=O,-7.3
CC(C)C[C@H]1NCCCCNC(=O)[C@@H](Cc2ccccc2)NC(=O)[C@H](C)NC(=O)[C@H](Cc2ccc(O)cc2)NC1=O,-7.36
CC(C)C[C@@H]1NCCCCNC(=O)[C@H](Cc2ccccc2)NC(=O)[C@@H](C)NC(=O)[C@@H](Cc2ccc(O)cc2)NC1=O,-7.33
CC(C)C[C@H]1NCCCCNC(=O)[C@H](Cc2ccccc2)NC(=O)[C@@H](C)NC(=O)[C@H](Cc2ccc(O)cc2)NC1=O,-7.21
CC(C)C[C@H]1NCCCCNC(=O)[C@H](Cc2ccccc2)NC(=O)[C@H](C)NC(=O)[C@@H](Cc2ccc(O)cc2)NC1=O,-6.35
CC(C)C[C@@H]1NCCCCNC(=O)[C@H](Cc2ccccc2)NC(=O)[C@H](C)NC(=O)[C@H](Cc2ccc(OC(C)(C)C)cc2)NC1=O,-6.19
CC(C)C[C@@H]1NCCCCNC(=O)[C@H](Cc2ccccc2)N(C)C(=O)[C@H](C)NC(=O)[C@H](Cc2ccc(O)cc2)NC1=O,-6.55
CC(C)C[C@@H]1NCCCCNC(=O)[C@H](Cc2ccccc2)NC(=O)[C@H](C)N(C)C(=O)[C@H](Cc2ccc(O)cc2)NC1=O,-5.96
CC(C)C[C@@H]1NCCCCNC(=O)[C@H](Cc2ccccc2)NC(=O)[C@H](C)NC(=O)[C@H](Cc2ccc(O)cc2)N(C)C1=O,-6.64
CC(C)C[C@H]1C(=O)N[C@@H](Cc2ccc(O)cc2)C(=O)N[C@@H](C)C(=O)N[C@@H](Cc2ccccc2)C(=O)NCCCCN1C,-6.49
CC(C)C[C@@H]1NCCCCNC(=O)[C@H](Cc2ccccc2)N(C)C(=O)[C@H](C)N(C)C(=O)[C@H](Cc2ccc(O)cc2)NC1=O,-6.18
CC(C)C[C@@H]1NCCCCNC(=O)[C@H](Cc2ccccc2)N(C)C(=O)[C@H](C)NC(=O)[C@H](Cc2ccc(O)cc2)N(C)C1=O,-6.56
CC(C)C[C@H]1C(=O)N[C@@H](Cc2ccc(O)cc2)C(=O)N[C@@H](C)C(=O)N(C)[C@@H](Cc2ccccc2)C(=O)NCCCCN1C,-6.58
CC(C)C[C@@H]1NCCCCNC(=O)[C@H](Cc2ccccc2)NC(=O)[C@H](C)N(C)C(=O)[C@H](Cc2ccc(O)cc2)N(C)C1=O,-6.47
CC(C)C[C@H]1C(=O)N[C@@H](Cc2ccc(O)cc2)C(=O)N(C)[C@@H](C)C(=O)N[C@@H](Cc2ccccc2)C(=O)NCCCCN1C,-6.81
CC(C)C[C@H]1C(=O)N(C)[C@@H](Cc2ccc(O)cc2)C(=O)N[C@@H](C)C(=O)N[C@@H](Cc2ccccc2)C(=O)NCCCCN1C,-6.48
COc1ccc(C[C@@H]2NC(=O)[C@H](CC(C)C)NCCCCNC(=O)[C@H](Cc3ccccc3)NC(=O)[C@H](C)NC2=O)cc1,-7.54
CC(C)C[C@@H]1NCCCCNC(=O)[C@H](Cc2ccccc2)NC(=O)[C@H](C)N(C)C(=O)[C@@H](Cc2ccc(O)cc2)NC1=O,-8.0
CC(C)C[C@@H]1NCCCCNC(=O)[C@H](Cc2ccccc2)NC(=O)CN(C)C(=O)[C@H](Cc2ccc(O)cc2)NC1=O,-6.77
CC(C)C[C@@H]1NCCCCNC(=O)[C@H](Cc2ccccc2)NC(=O)[C@@H](C)N(C)C(=O)[C@@H](Cc2ccc(OC(C)(C)C)cc2)NC1=O,-6.16
CC(C)C[C@@H]1NCCCCNC(=O)[C@H](Cc2ccccc2)NC(=O)[C@H](C)N(C)C(=O)[C@@H](Cc2ccc(OC(C)(C)C)cc2)NC1=O,-5.34
CC(C)C[C@@H]1NCCCCNC(=O)[C@H](Cc2ccccc2)NC(=O)[C@H](C)NC(=O)[C@@H](Cc2ccc(OC(C)(C)C)cc2)NC1=O,-6.17
CC(C)C[C@@H]1NCCCCNC(=O)[C@H](Cc2ccccc2)NC(=O)CN(C)C(=O)[C@@H](Cc2ccc(OC(C)(C)C)cc2)NC1=O,-5.63
COc1ccc(C[C@@H]2NC(=O)[C@H](CC(C)C)NCCCCNC(=O)[C@H](Cc3ccccc3)NC(=O)[C@H](C)N(C)C2=O)cc1,-5.76
COc1ccc(C[C@H]2NC(=O)[C@H](CC(C)C)NCCCCNC(=O)[C@H](Cc3ccccc3)NC(=O)[C@H](C)N(C)C2=O)cc1,-5.48
CC(C)C[C@@H]1NCCCCNC(=O)[C@H](Cc2ccccc2)NC(=O)[C@H](C)N(C)C(=O)[C@@H](Cc2ccccc2)NC1=O,-5.63
CC(C)C[C@@H]1NCCCCNC(=O)[C@H](Cc2ccccc2)NC(=O)[C@H](C)N(C)C(=O)[C@@H](Cc2ccc(C(F)(F)F)cc2)NC1=O,-5.32
CC(C)C[C@@H]1NCCCCNC(=O)[C@H](Cc2ccccc2)NC(=O)[C@H](Cc2ccc(O)cc2)N(C)C(=O)[C@H](C)NC1=O,-6.47
CC(C)C[C@@H]1NCCCCNC(=O)[C@H](Cc2ccccc2)NC(=O)[C@H](Cc2ccc(O)cc2)NC(=O)[C@H](C)N(C)C1=O,-7.53
CC(C)C[C@@H]1NC(=O)[C@H](C)NC(=O)[C@H](Cc2ccccc2)NCCCNC1=O,-4.9
CC(C)C[C@@H]1NC(=O)[C@H](C)NC(=O)[C@H](Cc2ccccc2)NCCCCNC1=O,-4.7
CC(C)C[C@@H]1NC(=O)[C@H](C)NC(=O)[C@H](Cc2ccccc2)NCCCCCNC1=O,-4.6
CC(C)C[C@@H]1NC(=O)[C@H](C)NC(=O)[C@H](Cc2ccccc2)NCCCCCCNC1=O,-4.6
CC(C)C[C@@H]1NC(=O)[C@H](C)NC(=O)[C@H](Cc2ccccc2)NCCCCCCCNC1=O,-4.6
CC(C)C[C@@H]1NC(=O)[C@H](C)NC(=O)[C@H](Cc2ccccc2)NCCCCCCCCNC1=O,-4.7
CC(C)C[C@@H]1NC(=O)[C@H](C)NC(=O)[C@H](Cc2ccccc2)NCCCCCCCCCNC1=O,-4.5
CC(C)C[C@@H]1NC(=O)[C@H](C)NC(=O)[C@H](Cc2ccccc2)NCCCCCCCCCCNC1=O,-4.5
CC(C)C[C@@H]1NC(=O)[C@H](Cc2ccccc2)NCCCCCCNC(=O)[C@H](C)NC1=O,-4.5
CC(C)C[C@@H]1NC(=O)[C@H](Cc2ccccc2)NC(=O)[C@H](C)NCCCCCCNC1=O,-4.2
CC(C)C[C@@H]1NC(=O)[C@H](C)NCCCCCCNC(=O)[C@H](Cc2ccccc2)NC1=O,-4.5
CC(C)C[C@@H]1NCCCCCCNC(=O)[C@H](C)NC(=O)[C@H](Cc2ccccc2)NC1=O,-4.5
CC(C)C[C@@H]1NCCCCCCNC(=O)[C@H](Cc2ccccc2)NC(=O)[C@H](C)NC1=O,-4.5
CC(C)C[C@H]1NC(=O)[C@H](C)NC(=O)[C@H](Cc2ccccc2)NCCCCCCNC1=O,-4.5
CC(C)C[C@@H]1NC(=O)[C@@H](C)NC(=O)[C@H](Cc2ccccc2)NCCCCCCNC1=O,-4.7
CC(C)C[C@@H]1NC(=O)[C@H](C)NC(=O)[C@@H](Cc2ccccc2)NCCCCCCNC1=O,-4.4
CC(C)C[C@H]1NC(=O)[C@@H](C)NC(=O)[C@H](Cc2ccccc2)NCCCCCCNC1=O,-4.9
CC(C)C[C@H]1NC(=O)[C@H](C)NC(=O)[C@@H](Cc2ccccc2)NCCCCCCNC1=O,-4.8
CC(C)C[C@@H]1NC(=O)[C@@H](C)NC(=O)[C@@H](Cc2ccccc2)NCCCCCCNC1=O,-4.8
CC(C)C[C@H]1NC(=O)[C@@H](C)NC(=O)[C@@H](Cc2ccccc2)NCCCCCCNC1=O,-4.9
CC(C)C[C@H]1C(=O)NCCCCCCN[C@@H](Cc2ccccc2)C(=O)N[C@@H](C)C(=O)N1C,-4.6
CC(C)CN1CC(=O)NCCCCCCN[C@@H](Cc2ccccc2)C(=O)N[C@@H](C)C1=O,-4.3
CC(C)C[C@@H]1NC(=O)[C@H](C)N(C)C(=O)[C@H](Cc2ccccc2)NCCCCCCNC1=O,-4.7
CC(C)C[C@@H]1NC(=O)CN(C)C(=O)[C@H](Cc2ccccc2)NCCCCCCNC1=O,-4.7
CC(C)C[C@@H]1NC(=O)[C@H](C)NC(=O)[C@H](Cc2ccccc2)N(C)CCCCCCNC1=O,-5.2
CC(C)C[C@@H]1NC(=O)[C@H](C)NC(=O)CN(Cc2ccccc2)CCCCCCNC1=O,-4.4
CC(C)C[C@@H]1NC(=O)[C@H](C)NC(=O)[C@H](Cc2ccccc2)NCCCCCCN(C)C1=O,-4.3
CC(=O)N1CCCCCCNC(=O)[C@H](CC(C)C)NC(=O)[C@H](C)NC(=O)[C@@H]1Cc1ccccc1,-5.1
CC(C)C[C@@H]1C(=O)NCCCCCCN[C@@H](Cc2ccccc2)C(=O)N[C@@H](C)C(=O)N1C,-4.6
CC(C)C[C@H]1C(=O)NCCCCCCN[C@@H](Cc2ccccc2)C(=O)N[C@H](C)C(=O)N1C,-4.6
CC(C)C[C@H]1NC(=O)[C@H](C)NC(=O)[C@H](Cc2ccccc2)NCCCCCCN(C)C1=O,-4.7
CC(C)C[C@@H]1NC(=O)[C@@H](C)NC(=O)[C@H](Cc2ccccc2)NCCCCCCN(C)C1=O,-4.6
CC(C)C[C@@H]1C(=O)N(C)CCCCCCN[C@@H](Cc2ccccc2)C(=O)N[C@@H](C)C(=O)N1C,-4.4
CC(C)C[C@H]1C(=O)NCCCCCCN[C@@H](Cc2ccccc2)C(=O)N(C)[C@H](C)C(=O)N1C,-4.6
CC(C)C[C@H]1C(=O)N(C)CCCCCCN[C@@H](Cc2ccccc2)C(=O)N[C@H](C)C(=O)N1C,-4.5
CC(C)C[C@H]1C(=O)N(C)CCCCCCN[C@@H](Cc2ccccc2)C(=O)N(C)[C@H](C)C(=O)N1C,-4.5
CC(C)C[C@@H]1NC(=O)[C@@H](C)N(C)C(=O)[C@H](Cc2ccccc2)NCCCCCCN(C)C1=O,-4.6
CC(C)CN1CC(=O)N(C)CCCCCCN[C@@H](Cc2ccccc2)C(=O)N[C@H](C)C1=O,-4.5
CC(C)[C@@H]1NC(=O)[C@@H](CO)NC(=O)CNCCCCCCNC1=O,-7.8
CC(C)C[C@@H]1NC(=O)[C@H](Cc2ccc(O)cc2)NC(=O)[C@H](C)NCCCCCCNC1=O,-6.7
O=C1NCCCCCCNCC(=O)N2CCC[C@H]2C(=O)N[C@H]1Cc1ccc(O)cc1,-7.8
CC(C)C[C@@H]1NC(=O)[C@H](Cc2ccc(O)cc2)NC(=O)CNCCCCCCNC1=O,-8.0
CC(C)C[C@@H]1NC(=O)[C@@H](Cc2ccc(O)cc2)NC(=O)[C@@H](C)NCCCCCCNC1=O,-6.6
CC(C)[C@@H]1NC(=O)[C@@H](CO)NC(=O)[C@@H](C)NCCCCCCNC1=O,-6.3
CC(C)C[C@H]1NC(=O)[C@@H](C)NCCCCCCNC(=O)[C@H](CO)NC1=O,-5.5
C[C@H]1NCCCCCCNC(=O)[C@H](Cc2ccc(O)cc2)NC(=O)[C@@H]2CCCN2C1=O,-7.8
N#CC1(NC(=O)[C@@H]2Cc3ccc(c(Cl)c3)OCCCCOc3cc(C(F)(F)F)ccc3C(=O)N2)CC1,-6.398
O=C1CCSCc2ccc(cc2)CSCC2CN(C2)C(=O)[C@H]2CCCN(C2)C(=O)[C@H](CNC(=O)c2ccc(Cl)s2)N1,-5.82
O=C1C[C@H]2CC[C@@H](CC2)NC(=O)CCSCc2ccc(cc2)CSCCNC(=O)[C@H](CNC(=O)c2ccc(Cl)s2)N1,-6.37
O=C1CCSCc2ccc(cc2)CSC/C=C/CNC(=O)[C@H]2CCCN(C2)C(=O)[C@H](Cc2ccc(Cl)cc2)N1,-5.43
O=C1CCSCc2cccc(n2)CSC2CCN(CC2)C(=O)CCNC(=O)[C@H](CNC(=O)c2ccc(Cl)s2)N1,-6.34
CC(C)C[C@@H]1NC(=O)[C@H](C)NC(=O)[C@H](Cc2ccccc2)NCc2ccc([nH]2)CNC1=O,-7.72
CC(C)C[C@@H]1NC(=O)CN(C)C(=O)[C@H](Cc2ccccc2)NCc2ccc([nH]2)CNC1=O,-5.89
CC(C)C[C@H]1C(=O)NCc2ccc([nH]2)CN[C@@H](Cc2ccccc2)C(=O)N[C@@H](C)C(=O)N1C,-5.12
CC(C)C[C@@H]1NC(=O)[C@H](C)N(C)C(=O)[C@H](Cc2ccccc2)NCc2ccc([nH]2)CNC1=O,-5.01
CC(C)C[C@@H]1NC(=O)[C@H](C)NC(=O)[C@H](Cc2ccccc2)N(C)Cc2ccc([nH]2)CNC1=O,-5.11
CC(C)C[C@@H]1NC(=O)CN(C)C(=O)[C@H](Cc2ccccc2)NCc2ccc(n2C)CNC1=O,-5.93
CC(C)C[C@@H]1NC(=O)[C@H](C)N(C)C(=O)[C@H](Cc2ccccc2)NCc2ccc(n2C)CNC1=O,-6.3
CC(C)C[C@@H]1NC(=O)CN(C)C(=O)[C@H](Cc2ccccc2)NCc2cc(c[nH]2)CNC1=O,-6.76
CC(C)C[C@@H]1NC(=O)[C@H](C)N(C)C(=O)[C@H](Cc2ccccc2)NCc2cc(c[nH]2)CNC1=O,-7.53
CC(C)C[C@@H]1NC(=O)[C@H](C)N(C)C(=O)[C@H](Cc2ccccc2)NCc2cc(cn2C)CNC1=O,-6.61
CC(C)C[C@@H]1NC(=O)[C@H](C)NC(=O)[C@H](Cc2ccccc2)NCc2ccc(o2)CNC1=O,-5.49
CC(C)C[C@@H]1NC(=O)CN(C)C(=O)[C@H](Cc2ccccc2)NCc2ccc(o2)CNC1=O,-5.88
CC(C)C[C@H]1C(=O)NCc2ccc(o2)CN[C@@H](Cc2ccccc2)C(=O)N[C@@H](C)C(=O)N1C,-4.63
CC(C)C[C@@H]1NC(=O)[C@H](C)N(C)C(=O)[C@H](Cc2ccccc2)NCc2ccc(o2)CNC1=O,-5.14
CC(C)C[C@@H]1NC(=O)[C@H](C)NC(=O)[C@H](Cc2ccccc2)N(C)Cc2ccc(o2)CNC1=O,-4.93
CC(C)C[C@@H]1NC(=O)[C@H](C)NC(=O)[C@H](Cc2ccccc2)NCc2ccc(o2)CN(C)C1=O,-5.71
CC(C)C[C@@H]1NC(=O)CN(C)C(=O)[C@H](Cc2ccccc2)NCc2ccc(o2)CN(C)C1=O,-5.3
CC(C)C[C@H]1C(=O)N(C)Cc2ccc(o2)CN[C@@H](Cc2ccccc2)C(=O)N[C@@H](C)C(=O)N1C,-4.78
CC(C)C[C@@H]1NC(=O)[C@H](C)N(C)C(=O)[C@H](Cc2ccccc2)NCc2ccc(o2)CN(C)C1=O,-4.86
CC(C)C[C@@H]1NC(=O)[C@H](C)NC(=O)[C@H](Cc2ccccc2)N(C)Cc2ccc(o2)CN(C)C1=O,-5.22
CCOc1cc(Oc2cc(C)c(Cl)c(C)c2)cc2c1OCC(=O)N[C@H]1CC[C@H](CC1)CC(=O)N[C@@H](c1ccccc1)C(=O)N[C@H](Cc1cccnc1)C(=O)NCCc1ccc(cc1)OC2,-5.259637311
CCOc1cc(Oc2cc(C)c(Cl)c(C)c2)cc2c1OCC(=O)N[C@H]1CC[C@H](CC1)CC(=O)N[C@@H](c1ccccc1)C(=O)N[C@H](Cc1ccncc1)C(=O)NCCc1ccc(cc1)OC2,-6.0
CCOc1cc(Oc2cc(C)c(Cl)c(C)c2)cc2c1OCC(=O)N[C@H]1CC[C@H](CC1)CC(=O)N[C@@H](c1ccccc1)C(=O)N1CCC[C@@H]1C(=O)NCCc1ccc(cc1)OC2,-5.13667714
CCOc1cc(Oc2cc(C)cc(C)c2)cc2c1OCC(=O)N[C@H]1CC[C@H](CC1)CC(=O)N[C@@H](c1ccccc1)C(=O)N[C@H](Cc1ccccc1)C(=O)N[C@H](C(=O)O)Cc1ccc(cc1)NC2,-5.698970004
CCOc1cc(Oc2cc(C)c(Cl)c(C)c2)cc2c1OCC(=O)N[C@H]1CC[C@H](CC1)CC(=O)N[C@@H](c1ccccc1)C(=O)N[C@H](Cc1ccccc1)C(=O)N[C@H](C(=O)O)Cc1ccc(cc1)NC2,-6.0
CCOc1cc(Oc2cc(C)c(Cl)c(C)c2)cc2c1OCC(=O)N[C@H]1CC[C@H](CC1)CC(=O)N[C@@H](CC(C)C)C(=O)N[C@H](Cc1cccnc1)C(=O)N[C@H](C(=O)O)Cc1ccc(cc1)OC2,-5.27572413
CCOc1cc(Oc2cc(C)c(Cl)c(C)c2)cc2c1OCC(=O)N[C@H]1CC[C@H](CC1)CC(=O)N[C@@H](CC(C)C)C(=O)N[C@H](Cc1cccnc1)C(=O)N[C@@H](C(=O)O)Cc1ccc(cc1)OC2,-5.823908741
CCOc1cc(Oc2cc(C)c(Cl)c(C)c2)cc2c1OCC(=O)N[C@H]1CC[C@H](CC1)CC(=O)N[C@@H](c1ccccc1)C(=O)N[C@H](Cc1cccnc1)C(=O)N[C@H](C(=O)O)Cc1ccc(cc1)OC2,-5.408935393
CC[C@H]1c2nnc(o2)[C@H](Cc2ccccc2)NC(=O)[C@H](CCCCNC(=O)CCC(=O)NCCOCCOCCCCCCCl)NC(=O)[C@H](CC(C)C)NC(=O)CNC(=O)[C@@H]2CCCN21,-7.77
CC[C@H]1c2nnc(o2)[C@H](Cc2ccccc2)NC(=O)CNC(=O)[C@H](CCCCNC(=O)CCC(=O)NCCOCCOCCCCCCCl)NC(=O)CNC(=O)[C@@H]2CCCN21,-7.92
CC[C@H]1c2nnc(o2)[C@H](Cc2ccccc2)NC(=O)CNC(=O)[C@H](CC(C)C)NC(=O)[C@H](CCCCNC(=O)CCC(=O)NCCOCCOCCCCCCCl)NC(=O)[C@@H]2CCCN21,-7.84
CC[C@@H]1N[C@@H](NCCCNC(=O)CCC(=O)NCCOCCOCCCCCCCl)C(=O)NCC(=O)N[C@@H](CC(C)C)C(=O)NCC(=O)N[C@@H](Cc2ccccc2)c2nnc1o2,-7.85
CC[C@H]1c2nnc(o2)[C@H](CCCCNC(=O)CCC(=O)NCCOCCOCCCCCCCl)NC(=O)CNC(=O)[C@H](CC(C)C)NC(=O)CNC(=O)[C@@H]2CCCN21,-8.0
CC[C@H]1c2nnc(o2)[C@H](Cc2ccccc2)NC(=O)[C@H](CCCCNC(=O)CCC(=O)NCCOCCOCCCCCCCl)NC(=O)[C@H](CC(C)C)NC(=O)[C@H](CC(=O)O)NC(=O)[C@@H]2CCCN21,-8.0
CC[C@H]1c2nnc(o2)[C@H](Cc2ccccc2)NC(=O)[C@H](CCCCNC(=O)CCC(=O)NCCOCCOCCCCCCCl)NC(=O)[C@H](CC(=O)O)NC(=O)[C@H](CC(=O)O)NC(=O)[C@@H]2CCCN21,-8.0
c1ccc2c(CCCOc3cc4nc(c3)CNCCNCCNC4)c[nH]c2c1,-6.08
O=c1cc2[nH]c(c1)CN(CCCc1c[nH]c3ccccc13)CCNCCNC2,-6.04
COc1cc2nc(c1)CNCCNCCNC2,-4.52
CN1CCN(C)Cc2cc(O)cc(n2)CN(C)CC1,-6.2
CC(=O)NC1Cc2ccc(cc2)OC2=C3n4cnc(c4)C[C@H](NC(=O)[C@H](CO)NC(=O)CNC1=O)C(=O)N[C@@H](C)C(=O)N[C@H]1CS[C@@]3(NC1=O)C(F)(F)C2(F)F,-6.121478204
CC(=O)N[C@H]1Cc2ccc(cc2)OC2=C3SC[C@H](NC(=O)[C@H](CC(N)=O)NC1=O)C(=O)N[C@@H]([C@@H](C)O)C(=O)N[C@@H](Cc1ccccc1)C(=O)N[C@H]1CS[C@@]3(NC1=O)C(F)(F)C2(F)F,-6.134896025
CC(=O)N[C@H]1Cc2cn(cn2)C2=C3SC[C@H](NC(=O)[C@H](Cc4ccccc4)NC1=O)C(=O)N[C@@H](C)C(=O)N[C@@H](CO)C(=O)N[C@H]1CS[C@@]3(NC1=O)C(F)(F)C2(F)F,-6.256490235
CC(=O)N[C@H]1Cc2cn(cn2)C2=C3SC[C@H](NC(=O)[C@H](CO)NC(=O)[C@H](Cc4ccccc4)NC1=O)C(=O)NC(C)C(=O)N[C@H]1CS[C@@]3(NC1=O)C(F)(F)C2(F)F,-6.277366077
CC(=O)N[C@H]1Cc2ccc(cc2)OC2=C3n4cnc(c4)C[C@H](NC(=O)CNC1=O)C(=O)N[C@@H](C)C(=O)N[C@H]1CS[C@@]3(NC1=O)C(F)(F)C2(F)F,-6.950781977
CC(=O)NC1Cc2ccc(cc2)OC2=C3n4cnc(c4)C[C@@H](NC(=O)[C@H](CO)NC(=O)CNC1=O)C(=O)N[C@@H](C)C(=O)N[C@H]1CS[C@@]3(NC1=O)C(F)(F)C2(F)F,-5.452225295
CSCC[C@@H]1NC(=O)[C@H]([C@@H](C)O)NC(=O)CNC(=O)[C@@H](NC(C)=O)Cc2ccc(cc2)OC2=C3n4cnc(c4)C[C@H](NC(=O)[C@H](CO)NC(=O)[C@H](C(C)C)NC(=O)[C@H](CCC(N)=O)NC1=O)C(=O)N[C@@H](C)C(=O)N[C@H]1CS[C@@]3(NC1=O)C(F)(F)C2(F)F,-6.128427064
CC(=O)N[C@H]1CC(=O)N[C@@H]2CS[C@@]3(NC2=O)C2=C(Oc4ccc(cc4)C[C@@H](C(N)=O)NC(=O)[C@H](C)N(C)C(=O)[C@@H](CO)NC(=O)[C@H](Cc4cn2cn4)NC(=O)[C@H](C(C)C)NC1=O)C(F)(F)C3(F)F,-5.458420756
CC(=O)N[C@H]1Cc2ccc(cc2)OC2=C3n4cnc(c4)C[C@@H](C(=O)N(C)C)NC(=O)[C@H](CCC(=O)N[C@@H]4CS[C@]3(NC4=O)C(F)(F)C2(F)F)NC(=O)[C@H](C)NC(=O)CNC1=O,-5.4225082
CC(=O)N[C@H]1CSC2=C(F)C(F)(F)C(F)(F)[C@@]23NC(=O)[C@H](CS3)NC(=O)[C@H](CO)NC1=O,-5.772113295
CC(=O)N[C@H]1Cc2ccc(O)c(c2)Cc2cnc(s2)SC2=C3SC[C@H](NC(=O)[C@H](C)NC1=O)C(=O)N[C@@H](Cc1ccccc1)C(=O)N[C@@H](C)C(=O)N[C@H]1CS[C@@]3(CC1=O)C(F)(F)C2(F)F,-6.257274869
COc1ccc2cc1OC1=C3n4cnc(c4)C[C@H](NC(=O)CNC(=O)[C@@H](NC(C)=O)Cc4ccc(O)c(c4)C/C=C/2)C(=O)N[C@@H](C)C(=O)N[C@H]2CS[C@@]3(NC2=O)C(F)(F)C1(F)F,-6.73754891
COc1ccc2cc1OC1=C3SC[C@H](NC(=O)[C@@H](NC(C)=O)Cc4c[nH]c5ccc(cc45)C/C=C/2)C(=O)N[C@@H](C)C(=O)N[C@@H](CO)C(=O)N[C@H]2CS[C@@]3(NC2=O)C(F)(F)C1(F)F,-6.482804102
CC(=O)N[C@H]1CC(=O)NCCSC2=C3OC[C@H](NC(=O)CNC1=O)C(=O)N[C@@H](Cc1ccccc1)C(=O)N[C@@H](C)C(=O)N[C@H]1CS[C@@]3(NC1=O)C(F)(F)C2(F)F,-6.2915791
CC(=O)N[C@H]1CCC(=O)NCCSC2=C3OC[C@H](NC(=O)[C@H](C)N(C)C1=O)C(=O)C[C@@H](Cc1ccccc1)C(=O)N[C@@H](C)C(=O)N[C@H]1CS[C@@]3(NC1=O)C(F)(F)C2(F)F,-6.046723663
CC(=O)N[C@H]1CCC(=O)NCCSC2=C3O[C@H](C)[C@H](NC(=O)[C@H](C(C)C)NC1=O)C(=O)C[C@@H](Cc1ccccc1)C(=O)N[C@@H](C)C(=O)N[C@H]1CS[C@@]3(NC1=O)C(F)(F)C2(F)F,-6.742321425
CC(=O)N[C@H]1CC(=O)NCCSC2=C3n4cnc(c4)C[C@H](NC(=O)[C@H](CC(N)=O)NC(=O)[C@@H]4CCCN4C1=O)C(=O)N[C@@H](Cc1ccccc1)C(=O)N[C@@H]([C@@H](C)O)C(=O)N[C@H]1CS[C@@]3(NC1=O)C(F)(F)C2(F)F,-6.176525771
CC(=O)N[C@H]1CCC(=O)NCCSC2=C3OC[C@H](NC(=O)[C@@H]4CCCN4C1=O)C(=O)N[C@@H](Cc1ccccc1)C(=O)N[C@@H]([C@@H](C)O)C(=O)N[C@H]1CS[C@@]3(NC1=O)C(F)(F)C2(F)F,-5.642065153
CC(=O)N[C@H]1CCC(=O)NCCSC2=C3OC[C@H](NC(=O)[C@H](C(C)C)NC1=O)C(=O)N[C@@H](Cc1ccccc1)C(=O)N[C@@H](C)C(=O)N[C@H]1CS[C@@]3(NC1=O)C(F)(F)C2(F)F,-6.749579998
CC(=O)N[C@H]1CCC(=O)OCCSC2=C3OC[C@H](NC(=O)[C@@H]4CCCN4C1=O)C(=O)N[C@@H](Cc1ccccc1)C(=O)N[C@@H]([C@@H](C)O)C(=O)N[C@H]1CS[C@@]3(NC1=O)C(F)(F)C2(F)F,-6.35753548
CC(=O)N[C@H]1CC(=O)OCCSC2=C3n4cnc(c4)C[C@H](NC(=O)[C@H](CC(N)=O)NC(=O)[C@@H]4CCCN4C1=O)C(=O)N[C@@H](Cc1ccccc1)C(=O)N[C@@H]([C@@H](C)O)C(=O)N[C@H]1CS[C@@]3(NC1=O)C(F)(F)C2(F)F,-6.42365865
CC(=O)N[C@H]1CC(=O)OCc2cnc(s2)SC2=C3O[C@H](C)[C@H](NC(=O)[C@@H]4CCCN4C1=O)C(=O)N[C@@H](Cc1ccccc1)C(=O)N[C@@H](CO)C(=O)N[C@H]1CS[C@@]3(NC1=O)C(F)(F)C2(F)F,-6.759450752
C[C@@H]1NC(=O)[C@@H](NC(=O)OCc2ccccc2)CCC(=O)N[C@H]2CS[C@]3(NC2=O)C(=C(F)C(F)(F)C3(F)F)n2cnc(c2)CCNC1=O,-5.562249437
CC(=O)NC1CSC2=C(Oc3ccccc3)C(F)(F)C(F)(F)[C@]23SC[C@H](NC(=O)[C@H](Cc2ccccc2)NC(=O)[C@H]([C@@H](C)O)NC1=O)C(=O)N3C,-5.886056648
CC(=O)NC1CSC2=C(SCC(C(N)=O)NC(=O)[C@H](CO)NC(=O)[C@H](Cc3c[nH]c4ccccc34)NC1=O)C(F)(F)C(F)(F)C2(F)F,-5.829738285
CC1NC(=O)C(NC(=O)OCc2ccccc2)CCC(=O)N[C@H]2CS[C@]3(NC2=O)C(=C(F)C(F)(F)C3(F)F)n2cnc(c2)CCNC1=O,-5.759450752
C[C@@H]1NC(=O)CCCOC2=C(Oc3ccc(cc3)CCNC(=O)[C@H](Cc3ccccc3)NC1=O)C(F)(F)C(F)(F)C2(F)F,-5.381951903
