smiles_standarized,label,group
CC(=N)N1CC[C@H](Oc2ccc(C(Cc3ccc4ccc(C(=N)N)cc4c3)C(=O)O)cc2)C1,60,test
N=C(N)c1ccc(CNC(=O)C2CCCN2C(=O)C(NCC(=O)O)C(c2ccccc2)c2ccccc2)s1,48.633335,test
CCN(C(=O)Cc1ccc(S(C)(=O)=O)cc1)C1CCN(CC[C@H](c2ccc(S(C)(=O)=O)cc2)c2cc(F)cc(F)c2)CC1,72,test
Cn1c(=O)cc(Nc2cc(C(=O)NC3CC3)ccc2Cl)c2cnn(-c3ccc(F)cc3)c21,94,test
CC1(C)CCSc2ccc(C#Cc3ccc(C(=O)O)cn3)cc21,99,test
CNC(=O)c1nn(C)c2c1C(C)(C)Cc1cnc(Nc3ccc(OC4CCN(C)CC4)cc3)nc1-2,100,test
Cc1cccc(C)c1-c1cc(C)c2nc(Nc3ccc(OCCN4CCCC4)cc3)nnc2c1,99.900002,test
CCc1ccc(C(=O)NC(=O)c2ccccc2O)cc1,99.900002,test
COc1ccc(-c2ccc(S(=O)(=O)NC(C(=O)O)C3CCC(N(Cc4ccccc4)C(C)=O)CC3)cc2)cc1,98.5,test
CCN(C(=O)Cc1ccc(S(C)(=O)=O)cc1)C1CCN(CC[C@@H](c2cc(F)cc(F)c2)C2CCN(S(C)(=O)=O)CC2)CC1,50,test
CC(C)(Oc1ccc(C(=O)c2ccc(Cl)cc2)cc1)C(=O)O,99,test
C[C@H](Nc1nccc(Nc2cc(C3CC3)[nH]n2)n1)c1ccc2[nH]cnc2c1,98.900002,test
Cc1nc(C2CCN(C(=O)C3C[C@@](C)(N(C)C)C[C@H]3c3ccc(F)cc3F)CC2)n(-c2ccc(Cl)c(C)c2)n1,95,test
CC(C)N1CC(C(=O)Nc2ccc(Cl)cn2)C(C(=O)Nc2ccc(-n3ccccc3=O)cc2F)C1,99.400002,test
COCCO[C@H]1CN(c2ncc(C(=O)O)s2)CC[C@H]1NC(=O)c1[nH]c(C)c(Cl)c1Cl,90.599998,test
NC(=O)N1c2ccccc2CC(=O)c2ccccc21,49.455002,test
CNC(C)C(=O)NC1CCC[C@H]2C[C@H]3CCN(CCc4ccc(Cl)c(Cl)c4)C[C@H]3N2C1=O,93.5,test
CN1CC[C@]23c4c5ccc(O)c4OC2C(=O)CC[C@@]3(O)[C@H]1C5,11,test
CCNC(=O)Nc1nc2cc(-c3cccnc3)c(=O)n(CC)c2s1,89,test
COc1ccc(N(Cc2cccnc2)C2CCN([C@H](C)CCNC(=O)c3c(C)cc(Cl)nc3C)CC2)cc1,93,test
CCOC(=O)C(C)NC(=O)C1CCn2c(C(=O)c3ccccc3)ccc21,18.9,test
CC(=O)N1C2C=C(CN3[C@@H]4CC[C@H]3CC(Nc3ccc5cc(OC(F)(F)F)ccc5n3)C4)CC1CCC2,94.199997,test
Cc1ccc(NC(=O)c2cc(F)cc(C(F)(F)F)c2)cc1C(=O)Nc1cnc(Nc2ccc(N3CCN(C)CC3)cc2)nc1,96.400002,test
CN(CCOc1ccc(Cc2sc(=O)[nH]c2O)cc1)c1ccccn1,99.400002,test
CCN(CC)C(=O)[C@]1(c2ccccc2)C[C@@H]1CN,13,test
COc1ccc(-c2cc(N3C[C@H](c4cc(F)c(F)cc4F)[C@@H](N)C3)ncn2)cn1,94,test
CCOP(=O)(O)C1=C[C@@H](OC(CC)CC)[C@H](NC(C)=O)[C@@H](N=C(N)N)C1,14,test
C[C@H](CCc1ccccc1)NC[C@H](O)c1ccc(O)c(C(N)=O)c1,50,test
CN=C1Nc2ncccc2C(c2nccs2)=NC1c1cccs1,83,test
O=C(O)C(Cc1ccc2ccccc2c1)NC(=O)C1CCCN1S(=O)(=O)c1cc(Cl)cc(Cl)c1,99.599998,test
Cc1cc(Nc2ccc3c(c2)CCCC3)n2ncnc2n1,95.5,test
C[C@@](C(=O)O[C@H]1C[N+]2(CCCc3ccc4ncsc4c3)CCC1CC2)(c1ccccc1)N1CCCCC1,95.599998,test
CC(C)(C)c1cc(C(=O)Nc2nc(CN)cs2)n(Cc2ccccc2)n1,94,test
C[C@H](c1cc(C(=O)N(C)CCO)cc2c(=O)cc(N3CCOCC3)oc12)N(C)c1cc(F)cc(F)c1,83,test
CC1OC(OC2C(O)CC(OC3C(O)CC(OC4CCC5(C)C(CCC6C5CCC5(C)C(C7=CC(=O)OC7)CCC65O)C4)OC3C)OC2C)CC(O)C1O,95,test
OC(c1cccnc1)(c1cccnc1)C(c1ccccc1)N1CCCC1,75,test
COc1cc([C@@H]2Oc3cc(C4Oc5cc(O)cc(O)c5C(=O)C4O)ccc3O[C@H]2CO)ccc1O,95,test
CC(NC(CCc1ccccc1)C(=O)O)C(=O)N1C(C(=O)O)C[C@@H]2CCC[C@@H]21,56,test
C[C@@](C(=O)O[C@H]1C[N+]2(CCCCc3ccccc3)CCC1CC2)(c1ccccc1)N1CCCCC1,98,test
CC(C)CC1NC(=O)CNC(=O)C(C)NC(=O)C(N)CSSCC(C(=O)O)NC(=O)C(C)NC(=O)C(C)NC(=O)C(CC(C)C)NC(=O)C(C(C)C)NC1=O,0,test
CC(C)CC1NC(=O)C(Cc2ccc(O)cc2)NC(=O)C(N)CSSCC(C(=O)O)NC(=O)CNC(=O)C(Cc2c[nH]cn2)NC(=O)C(Cc2ccc(O)cc2)NC(=O)C(CCC(=O)O)NC(=O)C(C)NC1=O,34.900002,test
N#Cc1ccc(NCC(F)(F)c2cccc(Cl)c2)c(F)c1CC(=O)NCCON=C(N)N,95.199997,test
CCc1nnc(-c2ccc(-c3ccccc3)nc2)n1-c1cccc(C#N)c1C,88,test
CN(C)CCCNCc1cc(I)cc(C2CCCCC2)c1O,5.1700001,test
CN=C1Nc2c(ccc[n+]2[O-])C(c2ccccc2)=NC1c1cccs1,64.699997,test
CCOC(=O)C1(c2ccccc2)CCC=CC1CN(C)C,25,test
Cc1cccc2c1n(C)c(=N)n2CC(=O)c1ccc(Cl)cc1,85,test
Cn1nnc(-c2ccc(-c3ccc(N4C[C@H](CO)OC4=O)cc3F)cn2)n1,80,test
COc1cc2nnc(C(N)=O)c(Nc3cccc(Cl)c3F)c2cc1OC,97.800003,test
CC(C)(C)Cc1c[nH]c(CC(C)(O)c2ccc(-n3cccn3)cc2)n1,93.199997,test
CN(C)CCN1CC[C@H]2Cn3c(c(C4CCCCC4)c4ccc(C(=O)O)cc43)-c3ccccc3[C@@H]21,91.5,test
Cc1ccc(S(=O)(=O)N(C)C(C)C)cc1C#Cc1cc(Cl)ccc1OCC(=O)O,99.800003,test
CCC(C)C(=O)OC1CC(C)C=C2C=CC(C)C(CCC3CC(O)CC(=O)O3)C21C,96,test
N#Cc1ccccc1SC1C(=O)CC(c2c(Cl)cccc2Br)CC1=O,99.800003,test
CCC(C)n1c(C)c(C(=O)NCc2c(C)cc(C)[nH]c2=O)c2ccccc21,99,test
Cc1cc(C2CCN(C(=O)C3CN(C(C)(C)C)C[C@H]3c3ccc(F)cc3F)CC2)n(-c2ccc(Cl)cc2F)n1,83,test
CCOC(=O)C(CCc1ccccc1)NC(C)C(=O)N1Cc2cc(OC)c(OC)cc2CC1C(=O)O,50,test
CNc1cc(Nc2cnc(C#N)c(O[C@H](C)CN(C)C)n2)ncc1-c1cnn(C)c1,70,test
CCC1=CC(C)C[C@H](C)C[C@H](OC)[C@H]2O[C@@](O)(C(=O)C(=O)N3CCCCC3C(=O)O[C@H](/C(C)=C/[C@@H]3CC[C@H](Cl)[C@H](OC)C3)[C@H](C)[C@@H](O)CC1=O)[C@H](C)C[C@@H]2OC,80,test
Cc1ncc2c(c1O)COC2c1ccc(Cl)cc1,97,test
CC(Cc1ccccc1)N(C)Cc1ccccc1,89,test
CC(C)(C)CN1CCC2(CC1)CN(c1ccccc1NC(=O)Nc1nc3ccc(Cl)nc3s1)c1c(O)ccc(Cl)c12,99.300003,test
COc1ccc2c(c1)C(=O)N(CCc1ccc(S(=O)(O)=NC(=O)NC3CCCCC3)cc1)C(=O)C2(C)C,100,test
C#CCN(C)[C@H](C)Cc1ccccc1,94,test
O=C(O)C(S)C(S)C(=O)O,95,test
O=P([O-])(O)C(O)(CN1C=C[N+]=C1)P(=O)(O)O,33,test
O=[N+]([O-])c1ccc2c(c1)CCN2c1ccc(O[C@H]2O[C@H](CO)[C@@H](O)[C@H](O)[C@@H]2O)cc1,95,test
CN(C(=O)C(=O)N1CCCCC1)c1nc(C(=O)NCc2ccc(F)cc2)c(O)c2ncccc12,97.800003,test
O=C(NCc1ccc(C(F)(F)F)cc1)Nc1cccc2cnccc12,98,test
CC1NC(=O)C(Cc2c[nH]c3ccccc23)NC(=O)C(C)NC(=O)C2CCCN2C(=O)C(C)NC(=O)C(N)CSSCC(C(=O)O)NC(=O)CNC(=O)C(Cc2c[nH]cn2)NC1=O,7.4000001,test
O=C(O[C@H]1CN2CCC1CC2)C1(c2ccccc2)CCCCCC1,95,test
Cc1nc2sc(C(=O)NCc3ccncc3)c(N)c2c(C)c1Cl,97.400002,test
CCNC(=O)Nc1nc2cc(-c3ccc4cnnn4c3)c(=O)n(C(C)C)c2s1,86,test
CC[C@H]1OC(=O)C(C)[C@H](O[C@H]2C[C@@](C)(OC)[C@@H](O)[C@H](C)O2)[C@@H](C)[C@@H](O[C@@H]2O[C@H](C)C[C@H](N(C)C)[C@H]2O)[C@](C)(O)C[C@@H](C)[C@@H]2N[C@@H](COCCOC)O[C@@H]([C@@H]2C)[C@]1(C)O,54.75,test
[N+]CCCC(O)(P(=O)([O-])O)P(=O)(O)O,78,test
Cc1c(CC(=O)O)c2cccnc2n1S(=O)(=O)c1ccc(Cl)c(Cl)c1,93.400002,test
Cn1nnnc1-c1cccc(NC(=O)N[C@@H]2CCCC[C@H]2CN2CCC[C@@H](Cc3ccc(F)cc3)C2)c1,92,test
N#CC1(c2ccccn2)CCN(Cc2cc(C(=O)O)c(=O)n3ccccc23)CC1,70.900002,test
Nc1ncnc2c1C(=O)N(c1ccc(-c3cccc(Cl)c3Cl)cc1)CCO2,98.800003,test
CNC(C)C(=O)NC1CCC[C@H]2C[C@H]3CCN(S(=O)(=O)c4ccccc4)C[C@H]3N2C1=O,80,test
CC1=C(C(C)O)c2cc3nc(cc4[nH]c(cc5[nH]c(cc1n2)c(C)c5CCC(=O)O)c(CCC(=O)O)c4C)C(C(C)OC(C)C1=C(C)c2cc4[nH]c(cc5[nH]c(cc6nc(cc1n2)C(C)=C6C(C)O)c(C)c5CCC(=O)O)c(CCC(=O)O)c4C)=C3C,90,test
O=C(Nc1c[nH]nc1-c1nc2cc(CN3CCOCC3)ccc2[nH]1)Nc1c(F)cccc1F,83.099998,test
CN(C)C[C@H](c1ccc(O)cc1)C1(O)CCCCC1,30,test
Nc1nc(OC(c2ccc(-c3cccc(F)c3)cc2)C(F)(F)F)cc(-c2ccc(CC(N)C(=O)O)cc2)n1,99.900002,test
CNc1nc(C(F)(F)c2ccccc2)nc2c1CCNCC2,62,test
O=C(O)C1C[C@H](OCc2ccc(Cl)cc2)CN1,50,test
Cc1[nH]c2ccccc2c1CCNCc1ccc(/C=C/C(O)=NO)cc1,90,test
COc1ccc(F)cc1C1CCN(c2ccn3c(CC(F)(F)F)nnc3c2Cl)CC1,99,test
C[C@H]1[C@@H](O)O[C@@H]2O[C@@]3(C)CC[C@H]4[C@H](C)CC[C@@H]1[C@@]24OO3,62.5,test
CC(C)Oc1cc(-n2cnc3ccc(N[C@@H](C)c4ccc(F)cn4)nc32)[nH]n1,94,test
O=c1[nH]c(=O)n(C2CC(O)C(CO)O2)cc1I,0,test
C=CC1=C(C(=O)O)N2C(=O)C(NC(=O)C(=NO)c3csc(N)n3)[C@H]2SC1,65,test
O=[N+]([O-])c1ccc2c(ccn2-c2ccc(O[C@H]3O[C@H](CO)[C@@H](O)[C@H](O)[C@@H]3O)c(F)c2)c1,95,test
CN(c1ccccc1-c1cc(Cl)c2cnc(Nc3ccc(C4CCN(CC(N)=O)CC4)cc3)nn12)S(C)(=O)=O,99.400002,test
CC(=O)Nc1ccc2ccn(-c3cc(NC4CC4)n4ncc(C#N)c4n3)c2c1,99,test
O=C(CCNC(=O)c1ccc(OC(F)(F)F)cc1)N[C@@H]1CCCc2ccccc21,99,test
COc1cc(NS(C)(=O)=O)cc(C(=O)O[C@@H](Cc2c(Cl)c[n+]([O-])cc2Cl)c2ccc(OC(F)F)c(OCC3CC3)c2)c1,99.809998,test
CC(=O)NC[C@H]1CN(c2ccc(N3CCOCC3)c(F)c2)C(=O)O1,31,test
O=C(NCc1ccc(S(=O)(=O)c2cccc(C(F)(F)F)c2)cc1)c1cc2ccncc2o1,99,test
C[C@@H](OC[C@@]1(c2ccccc2)CC[C@]2(CCC(=O)N2)CN1)c1cc(C(F)(F)F)cc(C(F)(F)F)c1,99.800003,test
O=C(NOCCO)c1ccc2cncn2c1Nc1ccc(I)cc1F,99.5,test
CN(C)C1C(=O)C(C(N)=O)C(=O)[C@@]2(O)C(=O)C3C(=O)c4c(O)c(NC(=O)CN5CCCC5)cc(F)c4C[C@H]3C[C@@H]12,79,test
CCNC(=O)C1CCCN1C(=O)C(CCCN=C([N])N)NC(=O)C(CC(C)C)NC(=O)C(Cc1cn(Cc2ccccc2)cn1)NC(=O)C(Cc1ccc(O)cc1)NC(=O)C(CO)NC(=O)C(Cc1c[nH]c2ccccc12)NC(=O)C(Cc1c[nH]cn1)NC(=O)C1CCC(=O)N1,70.5,test
COc1cc2c(cc1OCC(O)CO)Cc1c(NCc3c(Cl)cccc3Cl)n[nH]c1-2,87,test
Cc1cc(C#N)nc(C)c1C(=O)NCC[C@@H](C)N1CCC(N(Cc2ccsc2)C(=O)CC2CCOCC2)CC1,15,test
Cc1c(C(=O)Nc2ccc(N3C[C@@H](C)O[C@@H](C)C3)nc2)cccc1-c1ccc(OC(F)(F)F)cc1,97,test
O=c1[nH]c(O)cn1/N=C\c1ccc([N+](=O)[O-])o1,45,test
CCCc1[nH]c(C(C)(C)O)c(C(=O)OCc2oc(=O)oc2C)[n+]1Cc1ccc(-c2ccccc2-c2nnn[n-]2)cc1,99,test
CC1=NC(C2(C#N)CCN(CC3=C4C=CC=C[N+2]4C(=O)C(C(=O)O)=C3)CC2)[C-]C=C1,84.199997,test
CS(=O)(=O)Nc1cc(C(=O)O[C@@H](Cc2c(Cl)c[n+]([O-])cc2Cl)c2ccc(OC(F)F)c(OCC3CC3)c2)ccc1OCC1CC1,99.870003,test
CCc1c(CN2CC(C(=O)O)C2)cccc1-c1nsc(-c2ccc(OC(C)C)c(Cl)c2)n1,99.040001,test
N#Cc1cccc(N2CCN(CCN3CCC(C(F)(F)F)CC3)C2=O)c1,61,test
COc1nc2ccc(Br)cc2cc1[C@@H](c1ccccc1)[C@@](O)(CCN(C)C)c1cccc2ccccc12,99.900002,test
COC(=O)C1=C(C#N)N=C(C)C(C(=O)OC(C)C)C1c1cccc([N+](=O)[O-])c1,100,test
COc1cc(N2CCC(N3CCN(C)CC3)CC2)ccc1Nc1ncc(Cl)c(Nc2ccccc2S(=O)(=O)C(C)C)n1,99,test
CC(C)CN(C[C@@H](OP(=O)(O)O)[C@H](Cc1ccccc1)NC(=O)O[C@H]1CCOC1)S(=O)(=O)c1ccc(N)cc1,90,test
C[C@H]1C(N=C(O)C(=NOC(C)(C)C(=O)O)c2csc(=N)[nH]2)C(=O)N1C(=O)NS(=O)(=O)N1C[C@@H](NC(=O)C(CCS(C)(=O)=O)NC(=O)c2cc(=O)c(O)c[nH]2)CC1=O,79,test
Cc1noc(C)c1CCC1CCN(S(=O)(=O)CC2(N(O)C=O)CCOCC2)CC1,50,test
O=C(NOCCO)c1ncc2cncn2c1Nc1ccc(I)cc1F,91,test
C[C@H]1Cn2c(nnc2-c2ccccn2)CN1C(=O)c1cccc(Cl)c1Cl,55.099998,test
Nc1ncnc2c1C(=O)N(c1ccc(-c3ccccc3Cl)c(F)c1)CCO2,94.400002,test
C[N+](C)C1C(=O)C(C(N)=O)=C([O-])C2(O)C(=O)C3C(=O)c4c(O)ccc(Cl)c4C(O)C3CC12,47.5,test
CN=C1Nc2ncccc2C(c2ccns2)=NC1c1cccs1,75.900002,test
CCNC(=O)Nc1nc2cc(-c3ccc(=O)n(CCOC)c3)c(=O)n(C(C)C)c2s1,93,test
COc1cc2nccc(Oc3ccc4c(C(N)=O)cccc4c3)c2cc1OC,97.300003,test
CC(C)OC(=O)C(C)NP(=O)(CO[C@H](C)Cn1cnc2c(N)ncnc21)Oc1ccccc1,80,test
OCc1cc([C@H](O)CNCCCCCCOCCCCc2ccccc2)ccc1O,96,test
Nc1cncc(Nc2ccc(Oc3ccc(OC(F)(F)F)cc3)cc2)n1,99.900002,test
CN1CCN(C(=O)c2cc3cc(Cl)ccc3[nH]2)CC1,77,test
CO[C@H]1O[C@H](COS(=O)(=O)O)[C@@H](O[C@@H]2OC(C(=O)O)[C@@H](O[C@H]3O[C@H](COS(=O)(=O)O)[C@@H](O[C@@H]4OC(C(=O)O)[C@@H](O[C@H]5O[C@H](COS(=O)(=O)O)[C@@H](O)[C@H](O)[C@H]5NS(=O)(=O)O)[C@H](O)[C@H]4O)[C@H](OS(=O)(=O)O)[C@H]3NS(=O)(=O)O)[C@H](O)[C@H]2OS(=O)(=O)O)[C@H](O)[C@H]1NS(=O)(=O)O,0,test
CC(C)(NS(=O)(=O)c1ccc2c(Cl)c[nH]c(=NC(=N)N)c2c1)C(=O)O,96.699997,test
COCC1=C(C(=O)O)N2C(=O)C(=NC(=O)C(NOC)c3csc(N)n3)C2SC1,27,test
Cc1ccc(CO)cc1N(C)c1ccnc(Nc2cc(N3CCOCC3)cc(N3CCOCC3)c2)n1,89,test
c1cc(OCCCN2CCCCC2)ccc1CN1CCCCC1,54,test
O=C(O)c1ccc(Sc2ccc(CN3CCC(N4C(=O)N(C5CCOCC5)C[C@H]4c4ccccc4)CC3)cn2)cc1,91.400002,test
Nc1ncnc2c1C(=O)N(c1ccc(-c3ccccc3Cl)cc1)CCO2,96.400002,test
CCNC(=O)Nc1nc2cc(-c3ccc(-c4nnn(C)n4)nc3)c(=O)n(C(C)C)c2s1,92,test
CC(c1nc(=O)c(O)c(C(=O)NCc2ccc(F)cc2)[nH]1)N(C)C,92.5,test
CC1(C)OC(=O)N(c2ccc(C(=O)Nc3cccc4cccnc34)cc2)[C@H]1c1ccccc1,99.900002,test
CCCCNC(=O)N1Cc2[nH]nc(NC(=O)Cc3ccc(N4CCCC4)cc3)c2C1,95,test
O=c1[nH]ccc2cc(O[C@H]3CCCNC3)ccc12,6,test
Nc1noc2ccc(-n3nc(C(F)(F)F)cc3C(=O)Nc3ccc(-c4ccccc4CN4CC[C@@H](O)C4)cc3F)cc12,68,test
CCN(CC)CCS(=O)(=O)C1CCN2C(=O)C3=COC4CC(=O)CC(O)/C=C(C)/C=C\CNC(=O)/C=C\C(C)C(C(C)C)OC(=O)C12N34,53,test
Cc1ccc(NC(=O)c2cccc(N3CCOCC3)c2)cc1NC(=O)c1ccc(OCc2ccccn2)cc1,96.300003,test
C[C@H](c1ccc(F)cc1)N1C(=O)O[C@](Cc2ccccc2)(c2nc3cc(-c4cccnc4)ccc3[nH]2)C1=O,99,test
CO[C@H]1CN(c2nc(-c3cn(C)cn3)c(C(=O)O)s2)CC[C@H]1NC(=O)c1[nH]c(C)c(Cl)c1Cl,98.099998,test
N#CC1(NC(=O)C2CCCCC2C(=O)N2CCN(c3nc4c(s3)COCC4)CC2)CC1,51,test
O=C(O[C@H]1C[N+]2(CCCc3nc4ccccc4o3)CCC1CC2)C1(C2=CC=CC2)CCCCCC1,96,test
CN1CCCCC1c1nc(C(=O)NCc2ccc(F)cc2)c(O)c(=O)n1C,46.5,test
CN1CCN(C)/C(=N/c2ccc([N+](=O)[O-])cc2C(=O)Nc2ccccc2)C1,77,test
Cc1cc([C@@H](C)Nc2ccccc2C(=O)O)c2nc(N3CCOCC3)cc(=O)n2c1,92,test
COC1/C=C\OC2(C)Oc3c(C)c(O)c4c(O)c(c5c(c4c3C2=O)=NC2(CCN(CC(C)C)CC2)N=5)NC(=O)C(C)=CC=CC(C)C(O)C(C)C(O)C(C)C(OC(C)=O)C1C,82,test
O=C(O)C[C@H](O)C[C@H](O)/C=C/c1c(C2CC2)nc2ccccc2c1-c1ccc(F)cc1,99,test
CS(=O)(=O)CCCOc1cccc2c1ccn2-c1ccnc(NC2CCC(C(=O)N3CCC(O)CC3)CC2)n1,95,test
CC(C)c1nc2ccccc2n1-c1nc(N2CCOCC2)c2nc(OC3CN(C4CCS(=O)(=O)CC4)C3)n(C)c2n1,81.699997,test
COc1cc(N2CCC(N3CCN(C)CC3)CC2)ccc1Nc1ncc(Cl)c(Nc2ccccc2P(C)(C)=O)n1,66,test
O=S(=O)(c1ccc(-c2ccc3nccc(Nc4ccncn4)c3c2)cc1)N1CCOCC1,95.599998,test
O=C(O[C@@H]1COc2nc([N+](=O)[O-])cn2C1)N1CCN(c2ccc(OC(F)(F)F)cc2)CC1,91,test
O=C(C[N+]12CCC(CC1)[C@@H](OC(=O)C1(C3=CC=CC3)CCCCCC1)C2)Nc1ccccn1,96,test
C[C@H]1C(=NC(=O)C(NOC(C)(C)C(=O)O)c2csc(N)n2)C(=O)N1S(=O)(=O)O,58,test
Nc1ccc(S(=O)(=O)Nc2ncccn2)cc1,56,test
CCCN1CCC(c2nc3c(C(N)=O)cccc3[nH]2)CC1,57,test
C[C@@](C(=O)O[C@H]1C[N+]2(CC(=O)Nc3ccccc3)CCC1CC2)(c1cccs1)N1CCCCC1,97.5,test
Cc1ncc([N+](=O)[O-])n1C[C@H](C)O,5,test
CN(c1ccccc1Cl)S(=O)(=O)c1ccc(NC(=O)c2nccs2)cc1,99.5,test
Cc1noc2c1-c1sc(C)c(C)c1C(c1ccccc1)=N[C@H]2CC(N)=O,98.199997,test
CC1(C)OCCc2c1sc1c(N3CCOCC3)nc(-c3cnc(N)nc3)nc21,99.400002,test
CCNC(=O)Nc1ccc(-c2nc(N3CCOC[C@@H]3C)c3c(n2)C(C)(C)OC3)cc1,86,test
O=C(N[C@H]1CCCC[C@@H]1O)c1cc(CN2CCN(c3cc4scnc4cn3)CC2)c2ccccn2c1=O,91.800003,test
CCc1ccccc1NC(=O)N1C[C@@H](C)Oc2cc(-c3ccc(C4CCC(CC(=O)O)CC4)cc3)ccc21,99.5,test
CCNC(=O)Nc1nc2cc(-c3ccc(OC)nc3)c(=O)n(C(C)C)c2s1,95,test
Nc1c(CC(=O)O)cccc1C(=O)c1ccccc1,99.099998,test
O=C(O)CN(CCN(CC(=O)O)CC(=O)O)CCN(CC(=O)O)C(COCc1ccccc1)C(=O)O,5,test
O=C(O)C1C[C@H](COc2cccc(F)c2)CN1,68,test
CS(=O)(=O)Nc1ccc2c(ccn2-c2ccc(O[C@H]3O[C@H](CO)[C@@H](O)[C@H](O)[C@@H]3O)c(Cl)c2)c1,94,test
Cc1cc(Nc2ncc(Cl)c(Nc3ccccc3S(=O)(=O)C(C)C)n2)c(OC(C)C)cc1C1CCNCC1,97,test
C[C@]1(Cn2ccnn2)C(C(=O)O)N2C(=O)C[C@H]2S1(=O)=O,30,test
Cn1ncc(-c2nn(C)c3ncnc(N4CCC4)c23)c1-c1ccc(C(F)(F)F)cc1,77,test
CC(C)N1CCN(C(=O)c2ccc(CN3CCOCC3)cc2)CC1,12.4,test
Cc1ccc(CO)cc1N(C)c1ccnc(Nc2cc(N3CCOCC3)cc(S(C)(=O)=O)c2)n1,91.5,test
COc1ccc2c(O[C@@H]3CC4C(=O)N[C@]5(C(=O)O)C[C@H]5/C=C\CCCCCC(NC(=O)OC5CCCC5)C(=O)N4C3)cc(-c3csc(NC(C)C)n3)nc2c1,99.099998,test
O=C(N[C@@H]1CCCc2cc(CN3CCCCC3)ccc21)C(O)C(O)CS(=O)(=O)c1cccc(C(F)(F)F)c1,71.790001,test
CN[C@@H](C)[C@@H]1CC[C@@H](N)[C@@H](O[C@H]2[C@H](O)[C@@H](O[C@H]3OC[C@](C)(O)[C@H](NC)[C@H]3O)[C@H](N)C[C@@H]2N)O1,17,test
CNC(=O)c1ccc2c(c1)nc(-c1ccccn1)n2[C@@H]1CCC[C@H](NC(=O)c2ccc(Br)s2)C1,97.099998,test
Clc1cccc(Cl)c1NC1=NCCN1,34,test
CC(C)(C)C(=O)N1CCC(CN2CCC(NC(=O)Nc3cc(C(F)(F)F)cc(C(F)(F)F)c3)CC2)CC1,99,test
Cc1ccc(S(=O)(=O)N2CCNC(=O)C2CC(=O)N[C@@H]2CCCc3cc(CN4CCCCC4)ccc32)cc1,72,test
O=C(O)COc1ccc(Cl)cc1C#Cc1cccnc1,97.099998,test
CS(=O)(=O)c1ccc(F)c(C#Cc2cc(Cl)ccc2OCC(=O)O)c1,98.699997,test
CC1(C)CCc2c(C(=O)Nc3cnn([C@H](c4ccccc4)C4CC[S+]([O-])CC4)c3)n[nH]c2C1,94,test
Cc1ccc(S(=O)(=O)N(C)C)cc1C#Cc1cc(Cl)ccc1OCC(=O)O,99.599998,test
COCCOc1ccc([C@H]2C[C@@H](C(F)(F)F)n3ncc(C(=O)NCc4ccc(F)cc4)c3N2)cc1,98.099998,test
Cc1ccc(CCC[N+]23CCC(CC2)[C@@H](OC(=O)C2(C4=CC=CC4)CCCCCC2)C3)cn1,95,test
CC(C[C@@H](Cc1ccc(-c2ccccc2)cc1)NC(=O)CCC(=O)O)C(=O)O,94,test
Cc1ccc(-c2cc(-c3ccc(S(C)(=O)=O)cc3)cnc2N)cc1C(F)(F)F,96.900002,test
O=S(=O)(NC[C@@H]1CCC[C@@]2(S(=O)(=O)c3ccc(C(F)(F)F)cc3)c3c(F)ccc(F)c3OC[C@@H]12)C(F)(F)F,99.900002,test
Cc1nc(CSc2nc(N[C@H](C)CO)c3sc(=O)[nH]c3n2)cs1,99.129997,test
CC(=O)N1CCN(C)C(c2nc(C(=O)NCc3ccc(F)cc3)c(O)c(=O)n2C)C1,70,test
Cc1c[nH]c(C(=O)[O-])c[n+]1=O,2,test
CCC(=O)CN1C(=O)C(NC(=O)c2cc3cc(Cl)sc3[nH]2)Cc2ccccc21,0.15000001,test
COc1nc(N2CC[C@@H](C)N(C(=O)c3cc(C)ccc3-n3nccn3)CC2)ncc1C(F)(F)F,95,test
CNC(=O)CN1C(=O)C(NC(=O)c2cc3cc(Cl)sc3[nH]2)Cc2ccccc21,0.44999999,test
[N]C(=N)NCCCCC1NC(=O)CCSSCC(C(N)=O)NC(=O)C2CCCN2C(=O)C(Cc2c[nH]c3ccccc23)NC(=O)C(CC(=O)O)NC(=O)CNC1=O,25,test
COc1ccc(-c2cnccc2-c2cnc(NC(=O)C(C)C)s2)c(C(F)(F)F)c1,100,test
CCN(CC)CCN1C(=O)CN=C(c2ccccc2F)c2cc(Cl)ccc21,83,test
COc1ccc2c(C(=O)NCc3ccc(F)cc3)c(=O)n(O)c(O)c2c1,99.900002,test
CC(=O)N[C@@H](Cc1ccc(F)cc1)[C@H](O)CN[C@H]1CC2(CCC2)Oc2ncc(CC(C)(C)C)cc21,98.5,test
CN=C1Nc2ncccc2C(c2ccco2)=NC1c1cccs1,81.800003,test
CCN1CCN(Cc2ccc(NC(=O)CNc3ccc(-c4ccc(NC(=O)C5CC5)nc4)cc3)cc2C(F)(F)F)CC1,99.919998,test
CCNC(=O)Nc1nc2cc(-c3ccn(CC)c(=O)c3)c(=O)n(C(C)C)c2s1,58,test
NS(=O)(=O)c1cc([C@@]2(O)NC(=O)c3ccccc32)ccc1Cl,75,test
CNC(C)C(=O)NC1CCC[C@H]2C[C@H]3CCN(C(=O)C(c4ccccc4)c4ccccc4)C[C@H]3N2C1=O,96.099998,test
N#C[C@@H]1C[C@@H]2C[C@@H]2N1C(=O)C(N)C12C[C@@H]3C[C@@H](CC(O)(C3)C1)C2,15,test
COCC(COC)NC(=O)c1nc(N2CC[C@@H](NC(=O)c3[nH]c(C)c(Cl)c3Cl)[C@@H](OC)C2)sc1C(=O)O,97.900002,test
COc1cc2c(cc1F)ncc(=O)n2C[C@H](N)C1CCC(NCc2ncc3c(n2)NC(=O)CO3)CC1,44,test
C[C@@](C(=O)O[C@H]1C[N+]2(CCCOc3ccc(F)cc3)CCC1CC2)(c1cccs1)N1CCCCC1,98.099998,test
CNC(=O)CN1CCC(Oc2cc3c(Nc4ccc(F)c(Cl)c4)ncnc3cc2OC)CC1,97.300003,test
CONC(=O)Nc1ccc(-c2sc3c(c2CN(C)Cc2ccccc2)c(=O)n(-c2ccccc2)c(=O)n3Cc2c(F)cccc2F)cc1,98,test
O=C1c2cccc3c2[C@H](CCC3)CN1[C@@H]1CN2CCC1CC2,62,test
O=C(O[C@H]1C[N+]2(CCCOc3ccccc3)CCC1CC2)C1(C2=CC=CC2)CCCCCC1,91.5,test
O=C(NC1Cc2ccccc2N(C[C@@H](O)CO)C1=O)c1cc2cc(Cl)ccc2[nH]1,0.2,test
COc1cc2ncnc(-n3nc(-c4ccccn4)nc3N)c2cc1OC,73.099998,test
Cc1nc(C)c(-c2ccc(-c3ccc(C(C)C(=O)O)cc3Cl)c(F)c2)nc1C(N)=O,99.300003,test
Cc1cnc(C)n1CC(=O)c1ccc(-c2ccc(N3C[C@H](Cn4ccnn4)OC3=O)cc2F)cn1,90,test
Cn1c(=O)c2ccc(-c3cncnc3)cc2n2nc(-c3ccccc3)cc12,99.199997,test
O=C(NCc1ccc(S(=O)(=O)c2cccc(C(F)(F)F)c2)cc1)c1cc2ccncc2s1,99.599998,test
CCNc1nc(Nc2cc(F)c(C(=O)N3CCOCC3)cc2OC)ncc1C(F)(F)F,96.599998,test
Nc1ncc(F)c2c1ncn2[C@@H]1CC[C@@H](O)[C@H]1O,0.1,test
CN1CCCC1c1nc(C(=O)NCc2ccc(F)cc2)c(O)c(=O)n1C,52,test
OC[C@@H]1[C@@H](O)[C@H](O)[C@@H](O)CN1CCCCCCOc1cccc(C(F)(F)F)c1,93,test
C[C@@H]1c2nnc(-c3ccccn3)n2CCN1C(=O)c1cccc(Cl)c1Cl,93.099998,test
O=c1[nH]cnc2c1ncn2[C@H]1CC[C@@H](CO)O1,5,test
CON=C(C(=O)NC1C(=O)N2C(C(=O)O)=C(COC(N)=O)CS[C@H]12)c1ccco1,41.5,test
CCCOCCn1c(=O)c(NCCNCCO)nc2cnc(-c3ccc(OC)nc3)cc21,80.400002,test
CC(C)Oc1cc(-n2cnc3cnc(N[C@@H](C)c4ncc(F)cn4)nc32)[nH]n1,69,test
CCc1c(CCCC(=O)O)cncc1-c1nsc(-c2ccc(CC(C)C)c(C#N)c2)n1,99.860001,test
Cc1c(Cl)ccc(OC2CCN(C[C@H](O)CNC(=O)c3c[nH]c(=O)cc3C(F)(F)F)CC2)c1Cl,96,test
CCC(C)OC(=O)C(C)c1ccc(CC(C)C)cc1,67,test
COc1cc(C)[nH]c(=O)c1CNC(=O)c1c(C)n([C@H](C)C2CCOCC2)c2ccccc12,90,test
O=C1Nc2cccc3c4c(cc(c23)O1)N(C(=O)c1cc2cc(NC(=O)c3cc5ccccc5[nH]3)ccc2[nH]1)C[C@H]4CCl,95,test
C[C@@](C(=O)O[C@H]1C[N+]2(CCCOc3ccccc3)CCC1CC2)(c1ccccc1)N1CCCCC1,94.400002,test
CC(C)(O)CNc1nc(Nc2ccnc(C(F)(F)F)c2)nc(-c2cccc(C(F)(F)F)n2)n1,98.5,test
CC(C)(C(=O)O)c1ccc([C@H](O)CCCN2CCC(C(O)(c3ccccc3)c3ccccc3)CC2)cc1,65,test
Cc1ccc(-c2[nH]cnc2C)cc1NC(=O)c1ccc(OCc2ccccn2)cc1,93.699997,test
N#CC1(c2ccccn2)CCN(Cc2cc(C(=O)NC3CCOCC3)c(=O)n3ccccc23)CC1,50,test
COc1cc2c(cc1OC)C(Cc1cc(OC)c(OC)c(OC)c1)[N+](C)(CCCOC(=O)CC/C=C/CCC(=O)OCCC[N+]1(C)CCc3cc(OC)c(OC)c(Cc4cc(OC)c(OC)c(OC)c4)c3C1)CC2,30,test
CCS(=O)(=O)CCn1c([N+](=O)[O-])cnc1C,12,test
CC(C)(C)CN1CCC2(CC1)CN(c1ccccc1NC(=O)Nc1ccc(OC(F)(F)F)cc1)c1ccccc12,99.900002,test
Cc1cc(CC(NC(=O)N2CCC(c3cc4ccccc4[nH]c3=O)CC2)C(=O)N2CCN(C3CCN(C)CC3)CC2)cc2c[nH]nc12,63,test
COc1ccc(N(Cc2cnccc2C)C2CCN([C@H](C)CCNC(=O)c3c(C)ccnc3Cl)CC2)cc1,88,test
N=C(c1ccc(C(=O)Nc2ccccc2C(=O)Nc2ccc(Cl)cn2)cc1)N1CCCCC1,89,test
O=C(O)c1cc(CN2CCN(c3ccccc3)C(=O)C2)c2ccccn2c1=O,52.099998,test
C[C@H]1C(NC(=O)C(=NOC(C)(C)C(=O)O)c2csc(=N)[nH]2)C(=O)N1C(=O)NS(=O)(=O)N1C[C@@H](NC(=O)CNC(=O)c2cc(=O)c(O)cn2O)CC1=O,55,test
CC[C@H](C)[C@@H]([C@@H](CC(=O)N1CCC[C@H]1[C@H](OC)C(C)C(=O)N[C@H](C)[C@@H](O)c1ccccc1)OC)N(C)C(=O)C(NC(=O)C(NC)C(C)C)C(C)C,75,test
O=C(O)c1cc(C(F)(F)F)ccc1N1CC[C@H](OCc2ccccn2)C1,95.400002,test
O=C(Nc1ccc(S(=O)(=O)Nc2ccccc2Cl)cc1)c1ccccn1,99.900002,test
CC(C)N1CCN(S(=O)(=O)c2ccc(NC(=O)c3ccc(C(F)(F)F)cc3[N+](=O)[O-])cc2)CC1,99,test
CON=C(C(=O)NC1C(=O)N2C(C(=O)O)=C(CSc3nc(=O)c(=O)[nH]n3C)CS[C@H]12)c1csc(N)n1,95,test
CCC(C(N)=O)N1CCCC1=O,10,test
Cc1nc(Oc2ccc(C(=O)O)cc2)ccc1CN1CCC(N2C(=O)N(C3CCOCC3)C[C@H]2c2cccc(F)c2)CC1,94.800003,test
CCN(CC)C(=O)Oc1ccc2c(-c3cnn(-c4ccccc4)c3)ccnc2c1,98.800003,test
O=C(NCc1ccc([S+]([O-])c2cc(F)cc(F)c2)cn1)c1cc2ccncc2o1,86,test
CC(c1nnc(-c2cccc(F)c2)o1)N1CC(C)(C)C(Oc2ccc(C#N)c(C(F)(F)F)c2)C1=O,99.175003,test
O=C(O)COCCN1CCN([C@@H](c2ccccc2)c2ccc(Cl)cc2)CC1,92,test
O=C(O)/C=C/c1ccc(Cc2c(-c3ccccc3)c(=O)oc3cc(O)ccc23)cc1,98.800003,test
CCC(C)(CCN1CCOCC1)N(Cc1cc2ccccc2n(C)c1=O)C(=O)C1CCCCC1,57.666668,test
COc1ccc(C#Cc2ccc(C(=O)N3CCC[C@@H](CO)C3)cc2)cc1,98,test
CCCC(CCC)(CCC)C(=O)NC1C(=O)N2C1SC(C)(C)C2C(=O)O,93,test
C[C@@H](Nc1ccc(F)c(F)c1)c1cc(C(=O)N(C)C)cc2c(=O)cc(N3CCOCC3)oc12,73,test
N#CC1(c2ccccn2)CCN(Cc2cc(C(=O)NC3CCCCC3)c(=O)n3ccccc23)CC1,93.400002,test
CNC(C)C(=O)NC1CCC[C@H]2C[C@H]3CCN(C(=O)OCc4ccccc4)C[C@H]3N2C1=O,58,test
CN1C[C@@H](F)C[C@H]1c1nc(C(=O)NCc2ccc(F)cc2)c(O)c(=O)n1C,68,test
O=C(NC1C2CC3CC1CC(O)(C3)C2)c1cnc(NC2CCOCC2)nc1C1CCC1,48,test
Cc1ccc(COC(=O)N2CCC(CNc3ncccn3)CC2)cc1,84.699997,test
C[C@@H](NC(=O)N1CCc2cnc(Nc3ccnn3C)nc2C1)c1ccc(Cl)c(Cl)c1,99,test
O=C(O)CCCN1CCC(O[C@@H](c2ccc(Cl)cc2)c2ccccn2)CC1,55,test
COCCOc1cc2ncc(C(N)=O)c(Nc3ccc(C)cc3F)c2cc1N1CCN(C)CC1,84,test
COc1ccc(COc2ccc(Cc3cnc(N)nc3N)cc2OC)cc1,98,test
CCC(COc1ccccc1)C(=O)NC1C(=O)N2C1SC(C)(C)C2C(=O)O,86,test
C[C@H]1CNCCc2ccc(Cl)cc21,70,test
Cc1nc(N)c2ncn([C@@H]3O[C@H](CN(C)C/C=C\CN)[C@@H](O)[C@H]3O)c2n1,41.200001,test
CC(=O)N1C[C@@H](F)C[C@H]1c1nc(C(=O)NCc2ccc(F)cc2)c(O)c(=O)n1C,79,test
CNC(C)C(=O)NC1CCC[C@H]2C[C@H]3CCN(Cc4ccccc4)C[C@H]3N2C1=O,48,test
COc1ccccc1N1CCN(C(=O)c2cc(-c3ccc(Cl)cc3)n(C)n2)CC1,99.800003,test
COC[C@H](O)Cn1c(=O)cnn(-c2ccc(Cl)c(C(=O)NCC3(O)CCCCCC3)c2)c1=O,73,test
COc1ccc(N(Cc2cnccc2C)C2CCN([C@H](C)CCNC(=O)c3c(C)ccnc3C)CC2)cc1,95,test
CNC(C)C(=O)NC1CCC[C@H]2C[C@H]3CCN(C(=O)Nc4ccccc4)C[C@H]3N2C1=O,38,test
Cn1nnc(-c2c(F)cc(Cl)cc2-c2cnc(CNC(=O)N(O)C3CCC(F)(F)CC3)c(F)c2)n1,98.699997,test
CC(C)COCC(CN(Cc1ccccc1)c1ccccc1)N1CCCC1,99,test
c1cc(CN2CCCNCCNCCCNCC2)ccc1CN1CCCNCCNCCCNCC1,58,test
CCCS(=O)(=O)N1CCN(C2(CNC(=O)c3c(F)cccc3F)CCC(F)(F)CC2)CC1,87,test
Cc1nc(N)ccc1CNC(=O)Cn1c(C)cc(S(=O)(=O)NC2CCC2)c(N)c1=O,45,test
NC(=O)C[N+]12CCC(CC1)[C@@H](OC(=O)C1(C3=CC=CC3)CCCCCC1)C2,82,test
COc1ccc(-c2ccc(S(=O)(=O)NC(C(=O)O)C3CCCC(N4CCOC4=O)C3)cc2)cc1,97.599998,test
c1ccc(C2CN3CCSC3=N2)cc1,22.5,test
CC(=O)O[C@H]1C[C@@H]2CC[C@@H]3[C@H](CC[C@@]4(C)[C@H]3C[C@H]([N+]3(C)CCCCC3)[C@@H]4OC(C)=O)[C@@]2(C)C[C@@H]1N1CCCCC1,70,test
CCOc1cc2nccc(Oc3cnc(CC(=O)Nc4[nH]nc(CC)c4C)c(OC)c3)c2cc1OC,97,test
Cc1nc2c(C#N)cccc2n1-c1ccc(C(=O)NC2CC2)s1,50.099998,test
O=C(NCc1ccc(S(=O)(=O)c2cc(F)cc(F)c2)cc1)c1cc2cnccc2[nH]1,97.199997,test
O=C(O)C[C@@H](c1ccc2c(c1)OCC2)N1CCN(CCCc2ccc3c(n2)NCCC3)C1=O,98,test
CNc1nc(NCc2ccc(NS(C)(=O)=O)cc2Cl)cc(-c2ccccn2)n1,99.300003,test
N#Cc1ccc(NCC(F)(F)c2ccc(F)c(F)c2)c(F)c1CC(=O)NCCON=C(N)N,99,test
C=C1CC[C@H](O)C/C1=C/C=C1\CCC[C@]2(C)[C@@H]([C@H](C)/C=C/[C@H](C)C(C)C)CC[C@@H]12,99,test
CC1=N[C@]2(C(=O)CO)[C@@H](C[C@H]3[C@@H]4CC=C5CC(=O)C=C[C@]5(C)[C@H]4[C@@H](O)C[C@@]32C)O1,40,test
Cc1cc(C2CCN(C(=O)C3CN(C(C)(C)C)C[C@H]3c3ccc(F)cc3F)CC2)n(-c2ccc(F)c(Cl)c2)n1,84,test
CCN=C(NS(=O)(=O)c1cccc(Cl)c1)N1CC2(C=N1)CCNCC2,66,test
O=S(=O)(c1cccc(CCCCOCCCCCCNC[C@H](O)c2ccc(O)c(CO)c2)c1)C1CCCC1,98,test
CO[C@H]1CN(c2nc(C(=O)NC[C@H](C)OC)c(C(=O)O)s2)CC[C@H]1NC(=O)c1[nH]c(C)c(Cl)c1Cl,97.300003,test
CCNC(=O)Nc1nc2cc(-c3cncc(F)c3)c(=O)n(C(C)C)c2s1,90,test
CN(C)S(=O)(=O)c1cncc(C#Cc2cc(Cl)ccc2OCC(=O)O)c1,96.699997,test
O=c1[nH]c2ccccc2cc1NC(O)c1cc2cc(Cl)sc2[nH]1,0.14,test
N#C[C@@H]1C[C@H]1c1c(Cl)ccc2nc(Cn3nc(C(F)(F)F)cc3Cl)cc(=O)n12,92.400002,test
Cc1cc(Oc2cncc(F)c2)cc(C(=O)Nc2ccc(F)cn2)n1,98.5,test
CC(C)[C@@H]1NC(=O)[C@H](CCC[N]C(=N)N)NC(=O)[C@@H]2CCCN2C(=O)[C@H](CCC[N]C(=N)N)NC(=O)[C@H](Cc2c[nH]c3ccccc23)NC(=O)[C@@H](N)CSSC[C@@H](C(=O)O)NC(=O)[C@H](CCC[N]C(=N)N)NC(=O)[C@H](C)NC1=O,0,test
N=C1c2ccccc2[N+]=C2CCCCC12,55,test
COc1cccc(-c2ccc(-n3c(Cl)cc4[nH]c(=O)c(-c5cccc(C(=O)O)c5)c(O)c43)cc2)c1O,99.900002,test
COc1ccc([C@@H]2Sc3ccccc3N(CCN(C)C)C(=O)C2OC(C)=O)cc1,77,test
CC(C)(C)c1ccc(/C=C2\SC(=S)N(CCC(=O)O)C2=O)cc1,99.900002,test
CC(C)Oc1cc(Nc2nc3c(cc2F)ncn3[C@@H](CO)c2ccc(F)cn2)[nH]n1,94.199997,test
C=CC1CN2CCC1CC2C(O)c1ccnc2ccc(OC)cc12,0.7,test
Cc1ccccc1C(=O)Nc1ccc(C(=O)N2CCCC(O)c3cc(Cl)ccc32)c(C)c1,0.98,test
CP(=O)(O)CCC(N)C(=O)O,0.01,test
CC#CCC(C)C(O)C=CC1C(O)CC2CC(=CCCCC(=O)OCC(=O)c3ccccc3)CC21,0.6,test
CCC(O)(C(=O)O)c1cc2n(c(=O)c1CO)Cc1cc3c(CN(C)C)c(O)ccc3nc1-2,0.07,test
CON=C(C1=NOCCO1)c1ccccc1Oc1ncnc(Oc2ccccc2Cl)c1F,0.9638,test
Cc1c(C(C)C)c(=O)n(-c2ccccc2)n1C,0.1,test
Oc1c2c(c(O)n1CCCCN1CCN(c3ncccn3)CC1)C1CCC2C1,0.3,test
CN1C=CC=CC1=C=NO,0.05,test
C#CC1(O)CCC2C3CCC4=CC(=NO)CCC4C3CCC21CC,0.97,test
COc1cc(NC(C)CCCN)c2ncccc2c1,0.8,test
COCCOC(=O)C1=C(C)N=C(C)C(C(=O)OC(C)C)C1c1cccc([N+](=O)[O-])c1,0.98,test
COc1cc(Cl)c(OC)cc1Cl,0.4228,test
Cc1cc(NC(=O)C2C(=O)c3ccccc3S(=O)(=O)N2C)no1,0.96,test
CC1(C)C/C(=C/c2ccc(Cl)cc2)C(O)C1n1cncn1,0.863,test
CC(=O)NS(=O)(=O)c1ccc(N)cc1,0.82,test
CNC(=O)Oc1cccc(/N=C\N(C)C)c1,0.115,test
O=C(OC1CC2CC3CC(C1)N2CC3=O)c1c[nH]c2ccccc12,0.7,test
CC(N)(Cc1ccc(O)c(O)c1)C(=O)O,0.13,test
Cc1ccccc1COC1CC2(C)CCC1(C(C)C)O2,0.995,test
CCCC(NC(C)C(=O)N1C(C(=O)O)CC2CCCCC21)C(=O)OCC,0.6,test
NCCCNCCSP(=O)(O)O,0.04,test
CCc1cc(Sc2noc(CCC(=O)O)n2)nc(C2CCCCC2C(=O)[N]Cc2ccc(Cl)c(Cl)c2)n1,0.98,test
O=C1C(CCC(O)c2ccc(F)cc2)C(c2ccc(O)cc2)N1c1ccc(F)cc1,0.9,test
Cc1nnc(C(=O)NC(C)(C)c2nc(C(=O)NCc3ccc(F)cc3)c(O)c(=O)n2C)o1,0.83,test
CO/N=C1\CN(c2nc3c(cc2F)c(=O)c(C(=O)O)cn3C2CC2)CC1CN,0.64,test
Cc1cccc(C)c1NC(=O)C(C)N,0.13,test
COc1c(C)c2c(c(OC3OC(C(=O)O)C(O)C(O)C3O)c1CC=C(C)CCC(=O)O)C(=O)OC2,0.82,test
CC1CCN(C(=O)CC#N)CC1N(C)c1ncnc2[nH]ccc12,0.4,test
C[C@]12C=CC(=O)C=C1CC[C@H]1[C@@H]3C[C@@H](O)[C@](O)(C(=O)CO)[C@@]3(C)C[C@H](O)[C@@]12F,0.2652,test
CNC(=O)ON=CC(C)(C)SC,0.5191,test
COc1ccc2c3c1OC1CC(O)C=CC31CCN(C)C2,0.175,test
COP(=O)(OC)OC(C)=CC(=O)N(C)C,0.1543,test
CNC(C)C1CCC(N)C(OC2C(N)CC(N)C(OC3OCC(C)(O)C(NC)C3O)C2O)O1,0.1,test
CC(O)C1C(=O)N2C(C(=O)O)=C(SC3CNC(C(=O)Nc4cccc(C(=O)O)c4)C3)C(C)C12,0.91,test
O=C(c1ccc(F)cc1)N1CCc2nc(COc3ccccc3)oc2C1,0.032,test
CC(C)n1c(C=CC(O)CC(O)CC(=O)O)c(-c2ccc(F)cc2)c2ccccc21,0.98,test
CC(CN1c2ccccc2Sc2ccccc21)N(C)C,0.91,test
COC1/C=C/OC2(C)Oc3c(C)c(O)c4c(O)c(c(C=NN5CCN(C6CCCC6)CC5)c(O)c4c3C2=O)NC(=O)C(C)=CC=CC(C)C(O)C(C)C(O)C(C)C(O)C1C,0.98,test
CCN(CC)C(=O)N1CCN(C)CC1,0,test
CCC1(C)CC(=O)NC1=O,0,test
O=C(O)C1(C(=O)O)CCC1,0,test
CNc1nc(Nc2cc(OC)c(C(=O)N3CCOCC3)cc2OC)ncc1C(F)(F)F,91.400002,training
CCCC[N]C(N)=NC(=N)N,10,training
[N+]CCC(O)(P(=O)([O-])O)P(=O)(O)O,54,training
CCNC(=O)Nc1nc2cc(-c3ccn(CCOC)c(=O)c3)c(=O)n(C(C)C)c2s1,74,training
O=C(NC1CCCC1)C1CCN(c2nc3cc(Cl)ccc3o2)CC1,99.5,training
Cc1cc(Nc2ccc(SC(F)(F)F)cc2)n2ncnc2n1,96.099998,training
CNC(=O)C(=O)N(C)c1nc(C(=O)NCc2ccc(F)cc2)c(O)c2ncccc12,98.300003,training
Cc1c(CC2=NN(Cc3ccc(F)cc3F)C(=O)CC2)c2cc(F)ccc2n1CC(=O)O,98,training
c1ccc([C@H]([C@@H](c2ccccc2)N2CCCC2)N2CCCC2)cc1,83,training
Cc1ccc2c(c1)c(-c1ccnc3c(Cl)cccc13)c(C)n2CC(=O)O,99.400002,training
N=C(N)c1cc2c(OC(COC(=O)Nc3ccccc3CN3CCNCC3)c3ccccc3)cccc2s1,95,training
Cc1cc2oc(=O)cc(-c3cccc(N)c3)c2c(C)c1-c1ccc(CN2CCOCC2)cc1,98.699997,training
CC(=O)N1C2C=C(CN3CCC(Nc4ccc5ccc(C(F)(F)F)cc5n4)CC3)CC1CCC2,97.300003,training
CC(C)(C)c1nc(-c2cccc(NS(=O)(=O)c3c(F)cccc3F)c2F)c(-c2cnc(N)cn2)s1,99.699997,training
C[C@H]1C(=NC(=O)C(NOC(C)(C)C(=O)O)c2csc(N)n2)C(=O)N1C(=O)NS(=O)(=O)N1C[C@@H](N(C)C(=O)NCc2cc(=O)c(O)cn2O)CC1=O,73,training
CCC(C)C1OC2(C=CC1C)CC1CC(C/C=C(/C)C(OC3CC(OC)C(OC4CC(OC)C(O)C(C)O4)C(C)O3)C(C)/C=C/C=C3/COC4C(O)C(C)=CC(C(=O)O1)C34O)O2,93.313202,training
O=C(NCCc1ccn(-c2ccccc2)n1)c1ccc(-c2cccc3nc(NC(=O)C4CC4)nn23)cc1,99,training
O=C(c1ccc(F)cc1)N1CCN2C(=O)c3ccncc3C12c1ccc(Cl)cc1,73,training
Cn1c(=O)c2c(ncn2C)n(C)c1=O,36,training
Cc1nc(N)c2nnn(C[C@H]3CN(Cc4nccs4)CCO3)c2n1,54,training
C[C@]1(O)CC[C@H]2[C@@H]3CC=C4CC(=O)CC[C@]4(C)[C@@]3(F)[C@@H](O)C[C@@]21C,99,training
COCC(COC)(COC)NC(=O)c1nc(N2CC[C@@H](NC(=O)c3[nH]c(C)c(Cl)c3Cl)[C@@H](OC)C2)sc1C(=O)O,95.300003,training
CC1=NNC(=O)N(/N=C/c2cccnc2)C1,0.53850001,training
COc1c(-c2cn(C3CCc4c(F)cccc4N(CC(F)(F)F)C3=O)nn2)ccc(-n2cnc(C)c2)c1F,99.300003,training
CCc1c(CCCC(=O)O)cccc1-c1cnc(-c2ccc(OC(C)C)c(C#N)c2)s1,99.900002,training
CS(=O)(=O)N1CCN(Cc2cc3nc(-c4cnc(N)nc4)nc(N4CCOCC4)c3s2)CC1,51,training
O=C(C1CNC[C@H]1c1ccc(F)cc1F)N1CCC(c2ccnn2-c2ccc(F)c(Cl)c2)CC1,88,training
O=C(O)CC1CCC(c2ccc(-c3ccc4c(c3)CCN4C(=O)Nc3ccccc3)cc2)CC1,99.800003,training
OCCn1cc(-c2cnc3nnn(Cc4ccc5ncccc5c4)c3n2)cn1,84,training
CN1CCc2cccc3c2[C@H]1Cc1ccc(O)c(O)c1-3,94,training
CN1CC(Cn2nc(-c3cnc4[nH]cc(C(=O)NC(C)(C)C)c4n3)c3cc(OC(F)F)ccc32)C1,98.900002,training
CCOC(=O)C(CC(C)C)NC(=O)C1CCn2c(C(=O)c3ccccc3)ccc21,45,training
C[C@@](C(=O)O[C@H]1C[N+]2(CCC3CCCCC3)CCC1CC2)(c1cccs1)N1CCCCC1,89.300003,training
CCNC(=O)Nc1ccc(-c2nc(N3CCOCC3)c3c(n2)[C@](C)(CCO)OC3)cc1,78,training
C=C[C@@H]1C[C@]1(NC(=O)C1C[C@@H]2CN1C(=O)C(C(C)C)N[C@H](C(F)(F)F)CCCCCCc1cccc3c1CN(C3)C(=O)O2)C(=O)NS(=O)(=O)C1CC1,98.099998,training
COc1c(F)ccc(F)c1C1CCN(c2ccn3c(CC4CC4)nnc3c2Cl)CC1,99,training
CN(C)C(=N)c1ccc(C(=O)Nc2ccccc2C(=O)Nc2ccc(Cl)cn2)cc1,73,training
N#C[C@@H]1C[C@@H]2C[C@@H]2N1C(=O)C(N)C12CC3C[C@@](O)(C1)C[C@](O)(C3)C2,0,training
CCN(C)C(=O)C1CC(c2ccc(CN3CCCC3)c(F)c2)C1,43,training
CN=C1Nc2ncccc2C(c2ncco2)=NC1c1cccs1,74.300003,training
CC(=O)O[C@H]1C[C@@]2(C)[C@@H](C[C@@H](O)[C@H]3[C@@]4(C)CC[C@@H](O)[C@@H](C)[C@@H]4CC[C@@]32C)/C1=C(\CCC=C(C)C)C(=O)O,97.5,training
O=c1[nH]ccc2c(Nc3c(Cl)cc(-c4cc[nH]n4)cc3Cl)nc3ccncc3c12,99.900002,training
O=C(O[C@H]1C[N+]2(Cc3cc(-c4ccccc4)no3)CCC1CC2)C1(C2=CC=CC2)CCCCCC1,99,training
CCC(C)C1OC2(C=CC1C)CC1CC(C/C=C(/C)C(OC3CC(OC)C(OC4CC(OC)C(NC)C(C)O4)C(C)O3)C(C)/C=C/C=C3/COC4C(O)C(C)=CC(C(=O)O1)C34O)O2,99.93,training
COc1ccc2ncc(=O)n(CCN3CCC(NCc4ccc5c(n4)NC(=O)CO5)CC3)c2c1,74,training
C[C@@H]1CC[C@@H](Oc2ccnc3c(F)cccc23)CN1C(=O)c1ccccc1-n1nccn1,96,training
O=C(NCc1ccc(F)cc1)C1CN(Cc2ccccn2)C(=O)C1=O,99,training
COc1cc(-c2cn(C3CCc4c(F)cccc4N(CC(F)(F)F)C3=O)nn2)ccc1-n1cnc(C)c1,99.400002,training
NC(=O)c1ccccc1OCCCN1CCN(c2cccc3c2ccn3S(=O)(=O)c2ccccc2)CC1,99,training
COc1c(N2C[C@@H](C)C[C@H](N)C2)ccc2c(=O)c(C(=O)O)cn(C3CC3)c12,16,training
O=C(NCc1ccc(S(=O)(=O)c2ccc(N3CCOCC3)nc2)cc1)c1cc2cnccc2[nH]1,98.900002,training
CS(=O)(=O)c1ccc(N2CCN(C(=O)C3CCCCC3C(=O)NCC#N)CC2)cc1,50,training
CS(=O)(=O)c1ccc(-c2ccc(O[C@H]3O[C@H](CO)[C@@H](O)[C@H](O)[C@@H]3O)cc2)cc1,99,training
CNc1nc(Nc2cc(C)c(C(=O)N3CCOCC3)cc2OC)ncc1C(F)(F)F,95.800003,training
CNC(=O)Oc1cccc(/N=C/N(C)C)c1,11.4686,training
O=c1n(Cc2ccc(C(F)(F)F)nc2)nc2c(-c3ccncc3)c(-c3ccc(Cl)cc3)cnn12,92,training
CC(=O)O[C@]1(C(C)=O)CC[C@H]2C3=C(C4=C(CC3)CC(=O)CC4)C(c3ccc(N(C)C)cc3)C[C@@]21C,94,training
Cc1nc2cnc3[nH]ccc3c2n1C1CCNCC1,37,training
Nc1n[n+](=O)c2ccccc2n1[O-],19,training
COc1ccc(N2CCN(C(=O)C3CCCCC3C(=O)NC3(C#N)CC3)[C@H](C)C2)nc1OC,76,training
NC(C(=O)N1CCCC1C(=O)NCc1cc(Cl)ccc1Cl)C1CCCCC1,96,training
CNC(=O)c1ccc(Nc2nccc(-c3cnc(C)n3C(C)C)n2)cc1F,92,training
CCCC(NC(=O)C1C2CCC[C@H]2CN1C(=O)C(NC(=O)C(NC(=O)c1cnccn1)C1CCCCC1)C(C)(C)C)C(=O)C(=O)NC1CC1,67,training
Cc1ccn(-c2ccc(Cn3cc(C(=O)O)c(=O)c4c(F)cccc43)cc2)n1,92.300003,training
CCOc1cc2ncc(C(N)=O)c(Nc3ccc(F)cc3F)c2cc1N1CCN(C(C)C)CC1,86,training
CCc1c(CCN2CCC(C(=O)O)CC2)cccc1-c1nsc(-c2ccc(OC(C)C)c(Cl)c2)n1,99.550003,training
CNC(C)C(=O)NC1CCC[C@H]2C[C@H]3CCN(CCc4ccc(C)cc4)C[C@H]3N2C1=O,68,training
C[C@]12C=CC(=O)C=C1CC[C@@H]1[C@@H]2[C@@H](O)C[C@@]2(C)[C@H]1C[C@H]1O[C@@H](C3CCCCC3)O[C@]12C(=O)CO,99,training
COc1ccc2cc(-c3cc(-c4cc(Cl)cc(Cl)c4)nn3[C@@H](C)c3ccc(C(=O)NCCC(=O)O)cc3)ccc2c1,99,training
CCOc1ccc(Cc2cc([C@@H]3O[C@H](CO)[C@@H](O)[C@H](O)[C@H]3O)ccc2Cl)cc1,91,training
CN1CCN(c2ccc3nc(N)n(CC(O)c4ccc(C(F)(F)F)cc4Cl)c3n2)CC1,76.599998,training
CNC(=O)c1ccc(N2C(=S)N(c3cnc(C#N)c(C(F)(F)F)c3)C(=O)C23CCC3)cc1F,96,training
Cc1ccc(Cl)c(Nc2ccccc2C(=O)O)c1Cl,99,training
COc1ccc(N(Cc2cccnc2)C2CCN([C@H](C)CCNC(=O)c3c(C)cc(F)nc3C)CC2)cc1,86,training
Nc1ncnc2c1sc1cc(-c3cccc(C(=O)NCCc4cccnc4)c3)ccc12,98.599998,training
Cc1cc(C(=O)NC2CCC(NC(=O)c3cc(F)cnc3Oc3cccc(-c4ccc(CN5C[C@@H](C)N[C@@H](C)C5)c(O)c4)c3)CC2)nn1C,88,training
C[C@]12CC3CC(N)(C1)C[C@@](C)(C3)C2,45,training
C[C@@H]1CCCN1CCCOc1ccc(-c2cnn(-c3ccccn3)c(=O)c2)cc1,44,training
COc1cc2nnc(C(N)=O)c(Nc3ccc(F)cc3F)c2cc1N1CCN(C)CC1,90.400002,training
COC1(c2sc3c(N4CCOCC4)nc(-c4cnc(N)nc4)nc3c2C)COC1,85,training
COc1cccc2c(-c3c(C)n(CC(=O)O)c4ccc(C)cc34)ccnc12,98.199997,training
C[C@H]1C(N=C(O)C(=NOC(C)(C)C(=O)O)c2csc(=N)[nH]2)C(=O)N1C(=O)NS(=O)(=O)N1C[C@@H](NC(=O)C(CC(=O)O)NC(=O)c2cc(=O)c(O)cn2O)CC1=O,57,training
NC(=O)OCC(COC(N)=O)c1ccccc1,25,training
CNC(C)C(=O)NC1CCC[C@H]2C[C@H]3CCN(CCc4ccccc4C)C[C@H]3N2C1=O,52,training
Cc1c(O)cccc1C(=O)N[C@@H](CSc1ccccc1)[C@H](O)CN1C[C@H]2CCCC[C@H]2CC1C(=O)NC(C)(C)C,98.5,training
C/N=C1/CN(O)C(c2ccccc2)=c2cc(Cl)ccc2=N1,96,training
CC(C)(ON=C(C(=O)NC1C(=O)N(S(=O)(=O)O)[C@@H]1COC(=O)c1cc(-c2cc(=O)c(O)cn2O)no1)c1csc(N)n1)C(=O)O,68,training
Cc1nc(Oc2ccc(C(N)=O)cc2)ccc1CN1CCC(N2C(=O)N(C3CCOCC3)C[C@H]2c2ccccc2)CC1,89.400002,training
COc1cc2c(N3CCN(C(=O)Nc4ccc(OC(C)C)cc4)CC3)ncnc2cc1OCCCN1CCCCC1,98,training
CCNC(=O)Nc1nc2cc(-c3ccc4nncn4c3)c(=O)n(C(C)C)c2s1,74,training
C[C@H](CO)Nc1nc(SCc2ccccc2)nc2[nH]c(=O)sc12,99.730003,training
CNC(=O)OCC[C@H]1C[C@@H]1c1cncc(OC[C@@H]2CCN2)c1,8.3999996,training
c1cnc(OCC2CC(c3ccc(CN4CCCC4)cc3)C2)nc1,56,training
O=C(NOCCO)c1ccc2[nH]ncc2c1Nc1ccc(Br)cc1F,96.5,training
Cc1ccc(-c2cnccc2-c2cnc(NC(=O)C(C)C)s2)c(Cl)c1,100,training
CC(c1nc(-c2ccc(C#N)cc2)cs1)[C@](O)(Cn1cncn1)c1cc(F)ccc1F,99,training
C[C@@H]1CCCN1CCCOc1ccc(C(=O)CN2CCOCC2)cc1,20,training
C[n+]1c(N)c(NC(=O)NCC[N+])cn1CC1=C(C(=O)[O-])N2C(=O)C(=NC(=O)C(NOC(C)(C)C(=O)[O-])c3nsc(N)n3)[C@H]2SC1,18.5,training
CCCS(=O)(=O)c1cccc(C#Cc2cc(Cl)ccc2OCC(=O)O)c1,99.199997,training
CO[C@H]1CN(c2nc(C(=O)NCC3(C)OCCO3)c(C(=O)O)s2)CC[C@H]1NC(=O)c1[nH]c(C)c(Cl)c1Cl,96.800003,training
CCOc1cc2ncc(C(N)=O)c(Nc3cc(C)ccc3F)c2cc1N1CCN(C)CC1,94,training
C=C1/C(=C\C=C2/CCC[C@]3(C)[C@@H]([C@H](C)CCCC(C)(C)O)CC[C@@H]23)C[C@@H](O)C[C@@H]1O,99.450005,training
O=C(N[C@H](CO)[C@H](O)c1ccc([N+](=O)[O-])cc1)C(Cl)Cl,56.125,training
Cc1csc2nc(N3CC[C@@H](C)N(C(=O)c4ccccc4-n4nccn4)CC3)nc(N)c12,98.5,training
CC(C)Oc1cc2ncc(C(N)=O)c(Nc3cccc(Cl)c3F)c2cc1N1CCN(C)CC1,95.099998,training
Cn1cncc1C(N)(c1ccc(Cl)cc1)c1cc2c3c(c1)c(-c1cccc(Cl)c1)cc(=O)n3CC2,99.75,training
Cc1ccc(CCC[N+]23CCC(CC2)[C@@H](OC(=O)C2(C4=CC=CC4)CCCCCC2)C3)c(C)n1,96,training
COc1c(C(=O)N[C@H]2CCCC[C@@H]2O)cc(Cc2ccc(C)nc2)c2ccccc12,98.400002,training
CC(=O)N(C)C1(c2ccccc2)CCN(CCC[C@]2(c3ccc(Cl)c(Cl)c3)CCCN(C(=O)c3ccccc3)C2)CC1,99.400002,training
OC[C@@H]1[C@@H](O)[C@H](O)[C@@H](O)CN1CCCCCCOc1cc(F)ccc1F,74,training
OC[C@H]1O[C@@H](n2cnc3c2N=CNC[C@H]3O)C[C@H]1O,3.8,training
CC(C)(C)NC(=O)C(c1cccnc1)N(C(=O)c1ccco1)c1ccc(C(C)(C)C)cc1,96.699997,training
CC(C)CC(C=O)NC(=O)C(NS(=O)(=O)c1ccc(F)cc1)C(C)C,48.099998,training
COc1cccc([C@]2(O)CCCC[C@@H]2CN(C)C)c1,20,training
C[C@@]12Cc3[nH]nc(C(=O)Nc4cnn([C@H](c5ccccc5)C5CCS(=O)(=O)CC5)c4)c3C[C@@H]1C2,97,training
CCNC(=O)Nc1ccc(-c2nc(N3CCOCC3)c3c(n2)[C@](C)(CC(C)(C)O)OC3)cc1,77,training
CC(C)CCNc1ccc(-c2cnc3ccc(NC4CCN(C)CC4)nn23)cn1,86,training
O=C(O)C1C[C@H](Oc2cccc(Cl)c2)CN1,93,training
Cc1ccnc2c1NC(=O)c1cccnc1N2C1CC1,60,training
COc1ccccc1NS(=O)(=O)c1ccc(NC(=O)c2ccccn2)cc1OC,99.699997,training
Nc1ncnc2sc(-c3c(-c4ccccc4)ncn3CC3CCCCC3)nc12,98.400002,training
N#Cc1c(O)[nH]c2cc(Cl)n(-c3ccc(-c4ccsc4)cc3)c2c1=O,99.900002,training
Cc1cc(C(=O)NC2CCC(NC(=O)c3cc(F)cnc3Oc3cccc(-c4ccc(CCCN5C[C@@H](C)N[C@@H](C)C5)cc4)c3)CC2)nn1C,95.5,training
CNC(C)C(=O)NC1CCC[C@H]2C[C@H]3CCN(C(=O)Cc4ccccc4)C[C@H]3N2C1=O,34,training
CC(C)N(CC[C@H](c1ccccc1)c1cc(CO)ccc1O)C(C)C,50,training
CC(=O)N1C2C=C(CN3C4CCC3CC(NC(=O)Nc3cc(F)cc(C(F)(F)F)c3)C4)CC1CCC2,93,training
CC1(C)CC/C(=C\c2ccc(Cl)cc2)C1(O)Cn1cncn1,86.2743,training
O=C(NCc1ccc(S(=O)(=O)c2ccc(N3CCOCC3)nc2)cc1)c1ccc2nccn2c1,98.800003,training
Cc1ccc2c(c1)c(-c1ccnc3cc(Cl)ccc13)c(C)n2CC(=O)O,99.800003,training
CCOC(=O)c1c(C)nc(C)c(C(=O)OCC)c1-c1ccccc1CCC(=O)OC(C)(C)C,95,training
O=C(NOCCO)c1ccn2cncc2c1Nc1ccc(I)cc1F,98.5,training
COc1cc2nccc(Oc3ccc4c(c3)OCCN4C(=O)Nc3ccc(Cl)cc3)c2cc1OC,99.199997,training
Cc1nc(N)ccc1CNC(=O)Cc1c(C#N)ccc(NCC(F)(F)c2ccccn2)c1F,89,training
CCCC(CCC)OCCCCCCN1C[C@H](O)[C@@H](O)[C@H](O)[C@H]1CO,77,training
O=C1COCCN1c1ccc(C2CC(c3ccc([N+](=O)[O-])o3)=NO2)cc1,64.300003,training
O=C(O)CCCOc1ccc(-c2noc3ccccc23)c(Cl)c1Cl,95.800003,training
COc1ccc(N(Cc2cccc(C#N)n2)C2CCN([C@H](C)CCNC(=O)c3c(C)cc(C#N)nc3C)CC2)cc1,91,training
CC1=C(/C=C\C(C)=C\C=C\C(C)=C\C(=O)O)C(C)(C)CCC1,95,training
CCCN1C[C@H](CSC)C[C@@H]2c3cccc4[nH]cc(c34)C[C@H]21,90,training
CN(C)C1C(=O)C(C(N)=O)C(=O)[C@@]2(O)C(=O)C3C(=O)c4c(O)ccc(Cl)c4[C@@H](O)[C@H]3C[C@@H]12,65,training
COc1c(N2CC[C@@H](C3(N)CC3)C2)ccc2c(=O)c(C(=O)O)cn([C@@H]3C[C@@H]3F)c12,65,training
Cc1ccc(N2CC(COc3ccc(-c4noc(C)n4)cc3)C2)nn1,94,training
CCCN1CC(NS(=O)(=O)N(CC)CC)CC2Cc3c(O)cccc3CC21,90,training
C[C@@](C(=O)O[C@H]1C[N+]2(CC(=O)Nc3cccc(F)c3)CCC1CC2)(c1ccccc1)N1CCCCC1,99.599998,training
CCN=C1Nc2ccccc2C(c2ccccc2)=NC1c1cccs1,99.699997,training
N#Cc1cnc(Nc2cc(CN3CCNCC3)ccn2)s1,30.6,training
Cc1nc(N)ccc1CNC(=O)Cn1c(C)cc(S(=O)(=O)NCC2CCC2)c(N)c1=O,23,training
O=C(CCCN1CCOCC1)c1ccc(-c2ccc(N3C[C@H](Cn4ccnn4)OC3=O)cc2F)cn1,65,training
CC[C@H](C)[C@H]1O[C@]2(CC[C@@H]1C)C[C@@H]1C[C@@H](C/C=C(/C)[C@@H](O[C@H]3C[C@H](OC)[C@@H](O[C@H]4C[C@H](OC)[C@@H](O)[C@H](C)O4)[C@H](C)O3)[C@@H](C)/C=C/C=C3\CO[C@@H]4[C@H](O)C(C)=CC(C(=O)O1)[C@@]34O)O2,93,training
CO[C@]12CC[C@@]3(C[C@@H]1[C@](C)(O)C(C)(C)C)[C@H]1Cc4ccc(O)c5c4[C@@]3(CCN1CC1CC1)[C@H]2O5,96,training
Nc1nc(C(=NO)C(=O)NC2C(=O)N3C(C(=O)O)=C(C=C4CCN([C@@H]5CCNC5)C4=O)CS[C@H]23)ns1,27,training
CN=C1Nc2cncnc2C(c2ccccc2)=NC1c1cccs1,84.199997,training
C[C@H]1C(N=C(O)C(=NOC(C)(C)C(=O)O)c2csc(=N)[nH]2)C(=O)N1C(=O)NS(=O)(=O)N1C[C@@H](NC(=O)C(CN)NC(=O)c2cc(=O)c(O)c[nH]2)CC1=O,82,training
CC(C)(C)c1ccccc1Oc1ncccc1NC(=O)Nc1ccc(OC(F)(F)F)cc1,99.300003,training
O=S(=O)(c1cc(Cl)c(F)c(Cl)c1)N1[C@H](CO)CC[C@@H]1c1ccc(F)cc1,99.400002,training
N=C(N)NOCCNC(=O)Cn1c(Cl)cnc(NCC(F)(F)c2ccccc2)c1=O,88,training
COc1ccnc(-c2nnc3n2C[C@H](C)N(C(=O)c2cccc(Cl)c2Cl)C3)c1,93,training
CC(=O)Oc1ccccc1C(=O)Nc1ncc([N+](=O)[O-])s1,99,training
CN(C)C(=O)Oc1ccc[n+](C)c1,0,training
Oc1ccc(Cl)cc1CNCC12CC3CC(CC(C3)C1)C2,0.40000001,training
CC12CCC(=O)C=C1CCC1C2CCC2(C)C1CCC2(C)O,98,training
Cc1cc(C(=O)NC2CCC(NC(=O)c3cc(F)cnc3Oc3cccc(-c4cc(O)cc(CN5C[C@@H](C)N[C@@H](C)C5)c4)c3)CC2)nn1C,65,training
Cc1ccc(C(=O)N2CC3CNCC(C2)O3)cc1C(=O)NCC12CC3CC(CC(C3)C1)C2,66,training
Cc1cc2c(-c3ccc[nH]c3=O)c(C(=O)O)n(Cc3cc4ccccc4nc3Cl)c2cc1F,99.699997,training
COc1ccc(N2CCN(C(=O)C3CCCCC3C(=O)NC3(C#N)CC3)[C@H](C)C2)cc1OC,61,training
O=C1CC(c2ccccc2)CC(=O)C1Oc1ccccc1Cl,98.900002,training
CC(=O)N1CCN(C[C@@H](C)NC(=O)c2cc3c(-c4ccccc4)nn(C)c3s2)CC1,89,training
CCNC(=O)Nc1nc2cc(-c3cccnc3)c(=O)n(C(C)C)c2s1,79,training
CCC(=O)O[C@@](Cc1ccccc1)(c1ccccc1)[C@@H](C)CN(C)C,78,training
Cc1c(NS(C)(=O)=O)cccc1N(Cc1ccc(Oc2ccc(F)c(OCC(=O)O)c2)cc1)Cc1ccc(F)cc1F,99.900002,training
CN1CCN(CCOc2cc(OC3CCOCC3)c3c(Nc4c(Cl)ccc5c4OCO5)ncnc3c2)CC1,91,training
CCN1CCN(CC(=O)Nc2ccc(-c3cccc4c(=O)cc(N5CCOCC5)oc34)c3sc4ccccc4c23)CC1,96.400002,training
N#Cc1ccc(NCC(F)(F)c2ccccn2)c(F)c1CC(=O)NCCON=C(N)N,56,training
CO[C@H]1CN(c2nc(-c3ccccn3)c(C(=O)O)s2)CC[C@H]1NC(=O)c1[nH]c(C)c(Cl)c1Cl,99.699997,training
O=S(=O)(O)NC1CCCCC1,70,training
COc1c(F)ccc(F)c1C1CCN(c2ccn3c(CC4CC4)nnc3c2C(F)(F)F)CC1,99,training
COc1cc(C)c2nc3[nH]nc(C)c3c(N3CCNCC3)c2c1,84,training
CO[C@H]1/C=C/O[C@@]2(C)Oc3c(C)c(O)c4c(O)c(c(C=NN5CCN(C6CCCC6)CC5)c(O)c4c3C2=O)NC(=O)C(C)=CC=CC(C)[C@H](O)[C@@H](C)[C@@H](O)[C@@H](C)[C@H](O)[C@@H]1C,97.699997,training
C#CC1(OC(C)=O)CCC2C3CCC4=CC(=NO)CCC4C3CCC21CC,100,training
CC(NC(=O)C(CC(=O)N1CCC(N2CCCCC2)CC1)N1C(=O)C(N2C(=O)OCC2c2ccccc2)C1/C=C/c1ccccc1)c1ccccc1,98.599998,training
O=C(C[N+]12CCC(CC1)[C@@H](OC(=O)C1(C3=CC=CC3)CCCCCC1)C2)Nc1ccncc1,95,training
CO[C@H]1CN(c2nc(-c3nccn3C)c(C(=O)O)s2)CC[C@H]1NC(=O)c1[nH]c(C)c(Cl)c1Cl,98.900002,training
CC(C)c1ccc(S(C)(=O)=O)cc1C#Cc1cc(Cl)ccc1OCC(=O)O,99.699997,training
COC(=S)NC[C@H]1CN(c2ccc(N3CC[Si](C)(C)CC3)c(F)c2)C(=O)O1,100,training
Nc1ncnc2c1C(=O)N(c1ccc(-c3ccccc3)cc1)CCO2,90.400002,training
Nc1nc2c(c(N3CCNCC3)n1)CCCc1ccc(F)cc1-2,61,training
CCC(C)C1OC2(C=CC1C)CC1CC(C/C=C(/C)C(OC3CC(OC)C(OC4CC(OC)C(O)C(C)O4)C(C)O3)C(C)/C=C/C=C3\COC4C(O)C(C)=CC(C(=O)O1)C34O)O2,93.300003,training
CC(C)c1cc(Oc2c(Cl)cc(-n3nc(C#N)c(=O)[nH]c3=O)cc2Cl)n[nH]c1=O,99.400002,training
Cc1ccc(C(=O)N2CC3CNCC(C2)O3)cc1NC(=O)CC12CC3CC(CC(C3)C1)C2,66,training
CC[C@H](C)C(NC(=O)C(Cc1ccccc1)NC)C(=O)NC(CO)C(=O)NC(CCC(N)=O)C(=O)NC(C(=O)NC(C(=O)NC(CO)C(=O)NC1C(=O)NC(C)C(=O)NC(C[C@H]2CN=C(N)N2)C(=O)NC([C@@H](C)CC)C(=O)O[C@H]1C)[C@@H](C)CC)[C@@H](C)CC,84,training
FC(F)(F)c1ccc(Nc2ccnc3nc(-c4ncccc4C(F)(F)F)ccc23)nc1,93.5,training
Cc1cc2oc(=O)cc(-c3ccccc3)c2c(C)c1-c1ccc(CO)cc1,99.400002,training
Cc1nc2ncccc2cc1-c1ccc2cc(CCN3CCC[C@H]3C)ccc2n1,56,training
C[C@@H](O)C1NC(=O)C(CCCCN)NC(=O)C(Cc2c[nH]c3ccccc23)NC(=O)C(Cc2ccccc2)NC(=O)C(Cc2ccccc2)NC(=O)C(N)CSSCC(C(=O)O)NC(=O)C([C@@H](C)O)NC1=O,26.299999,training
Cc1cc(C(=O)NC2CCC(NC(=O)c3cc(F)cnc3Oc3cccc(-c4cccc(CN5C[C@@H](C)N[C@@H](C)C5)c4)c3)CC2)nn1C,82,training
Cc1ccc(-c2ncc(CN3CCOCC3)s2)cc1NC(=O)c1ccc(OCc2ccccn2)cc1,96.699997,training
Cc1nn(-c2ccc(F)cc2)c(NS(=O)(=O)c2ccc(C#N)cc2)c1C(=O)N[C@@H](C)C(C)(C)C,93,training
O=C(O)c1ccc(Oc2ccc(CN3CCC(N4C(=O)N(C5CCOCC5)C[C@H]4c4cccc(Cl)c4)CC3)cn2)cc1,94.5,training
COc1cc2ncc(C(N)=O)c(Nc3ccc(Cl)cc3Cl)c2cc1N1CCN(C)CC1,96.800003,training
CC(C)(COc1ccccc1)C(=O)NC1C(=O)N2C1SC(C)(C)C2C(=O)O,93,training
O=C(O[C@H]1C[N+]2(CCOCc3ccccc3)CCC1CC2)C1(C2=CC=CC2)CCCCCC1,97,training
CCNC(=O)Nc1cc(-c2nc(C(F)(F)F)cs2)c(-c2cncc(C#N)c2)cn1,94.099998,training
Cc1cc(C)c(CNC(=O)c2c(C)n([C@H](C)C3CCN(C)CC3)c3ccccc23)c(=O)[nH]1,70,training
CS(=O)(=O)c1ccc(N2CCN(C(=O)C3CCCCC3C(=O)NC3(C#N)CC3)CC2)cc1,50,training
Cc1ncc([C@@H](CCCCCCc2ccc3c(n2)NCCC3)CC(=O)O)cn1,96,training
CC(C)=CCC[N+]12CCC(CC1)[C@@H](OC(=O)[C@](C)(c1ccccc1)N1CCCCC1)C2,91.5,training
C[C@@H]1CN2c3c(cc4c(C(F)F)noc4c3F)CC3(C(=O)NC(=O)NC3=O)[C@H]2[C@H](C)O1,97.199997,training
CCS(=O)(=O)N1CC(C(=O)Nc2ccc(Cl)cn2)C(C(=O)Nc2ccc(-n3ccccc3=O)cc2F)C1,86,training
Cc1cc(C(=O)NC2CCC(NC(=O)c3cc(F)cnc3Oc3cccc(-c4ccc(O)c(CN5C[C@@H](C)N[C@@H](C)C5)c4)c3)CC2)nn1C,84,training
Nc1nc2c(c(N3CCNCC3)n1)CCCc1ccccc1-2,44,training
CNC(C)C(=O)NC1CCC[C@H]2C[C@H]3CCN(S(=O)(=O)Cc4ccccc4)C[C@H]3N2C1=O,60,training
Clc1ccccc1CN1CCc2sccc2C1,98,training
Cc1cc(C)c(CNC(=O)c2c(C)n(C(C)C)c3ccccc23)c(=O)[nH]1,97,training
O=[N+]([O-])c1cn2c(n1)OC[C@@H](OCc1ccc(N3CCCCC3)cc1)C2,83,training
COc1ccc(N2CCN(C(=O)C3CCCCC3C(=O)NC3(C#N)CC3)CC2)cc1,54,training
C[C@H]1C(N=C(O)C(=NOC(C)(C)C(=O)O)c2csc(=N)[nH]2)C(=O)N1C(=O)NS(=O)(=O)N1C[C@@H](NC(=O)C(CC(=O)O)NC(=O)c2cc(=O)c(O)c[nH]2)CC1=O,86,training
C[C@@](C(=O)O[C@H]1C[N+]2(CCCc3ccccc3)CCC1CC2)(c1ccccc1)N1CCCCC1,91.400002,training
Nc1cccc2c1CN(C1CCC(=O)NC1=O)C2=O,30,training
C[C@@H]1C[C@H]2[C@@H]3C[C@H](F)C4=CC(=O)C=C[C@]4(C)[C@H]3[C@@H](O)C[C@]2(C)[C@@]1(O)C(=O)CO,80,training
O=C(O)c1ccc2c(C3CCCCC3)c3n(c2c1)C[C@@H]1CCN(CCN2CCCCC2)[C@H]1c1ccccc1-3,92,training
CCn1cc(-c2cc3c(-c4cccc(N5CCNCC5)n4)[nH]nc3cn2)cn1,97.800003,training
O=[N+]([O-])OC1COC2C(O[N+](=O)[O-])COC12,28,training
CC(C)c1noc(N2CCN(c3ncc(OCc4ccncc4C#N)cn3)[C@H](C)C2)n1,98.199997,training
C[C@@](C(=O)O[C@H]1C[N+]2(CCc3ccccc3F)CCC1CC2)(c1ccccc1)N1CCCCC1,99.199997,training
C[C@@](CCc1cc(-c2ccccc2)no1)(C(O)=NO)S(C)(=O)=O,98.699997,training
Cc1cc(NC(=O)C[N+]23CCC(CC2)[C@@H](OC(=O)C2(C4=CC=CC4)CCCCCC2)C3)no1,97,training
COc1ccc(C(Cl)=C(c2ccc(OC)cc2)c2ccc(OC)cc2)cc1,67,training
CCCc1nc(-c2ccccc2)oc1C(=O)NC(C)CN1CCN(c2ncccn2)CC1,99,training
Cc1ccc(-n2nccn2)c(C(=O)N2CC3CC(C2)N(c2ncc4ccccc4n2)C3)c1,93.599998,training
[N+]CC(O)c1ccc([O-])c(O)c1,50,training
OCCOCCN1CCN(C(c2ccccc2)c2ccc(Cl)cc2)CC1,93,training
CO/N=C1\CN(c2nc3c(cc2F)c(=O)c(C(=O)O)cn3C2CC2)C[C@@H]1CN,65,training
O=C(Nc1nc2cccc(-c3ccc(CN4CCS(=O)(=O)CC4)cc3)n2n1)C1CC1,31.799999,training
COc1ccc2c(c1)N(C[C@H](C)CN(C)C)c1ccccc1S2,97.299995,training
C/C(=C\c1csc(C)n1)[C@@H]1C[C@@H]2O[C@]2(C)CCC[C@H](C)[C@H](O)C(C)C(=O)C(C)(C)[C@@H](O)CC(=O)N1,72,training
OCCN1C[C@H](O)[C@@H](O)[C@H](O)[C@H]1CO,4,training
CO[C@H]1CN(c2nc(-c3cncc(NCCN4CCN(C)CC4)n3)c(C(=O)O)s2)CC[C@H]1NC(=O)c1[nH]c(C)c(Cl)c1Cl,97.300003,training
CC(C)(C)c1ccc(OC[C@@H]2CN(c3cccc(C#N)c3)C(=O)O2)cc1,97,training
CN(c1ccccc1Cl)S(=O)(=O)c1ccc(NC(=O)c2ccncn2)cc1,98.300003,training
COCC(=O)N1CCN(C(=O)C2CCC(Cn3c(=O)c4cc(OC)ccc4n(C)c3=O)CC2)CC1,94,training
C[C@@H]1CN(c2ccc3c(Nc4ccc(Cl)c(-c5nc(-c6ccccc6)c[nH]5)c4)nccc3n2)CCO1,96.099998,training
O=C1CCc2cc(-c3cccnc3)ccc2N1,61,training
CC(C)C1=C(/C=C/C(O)CC(O)CC(=O)[O-])C(c2ccc(F)cc2)=NC(N(C)S(C)(=O)=O)=[N+]1,88,training
CCOC(=O)N[C@@H]1CC[C@@H]2[C@H](CC3C(=O)O[C@H](C)[C@H]3[C@H]2/C=C/c2ccc(-c3cccc(F)c3)cn2)C1,99,training
Cc1n[nH]c(C)c1NC(=O)OCC(Oc1cccc2sc(C(=N)N)cc12)c1ccccc1,95,training
CC(C)NC[C@H](O)c1ccc(O)c(O)c1,29,training
COc1cc(N2C(=O)N(c3ccc(-c4ccc(C(=O)O)cc4C)nc3)C(=O)C23CCN(Cc2ncccc2C)CC3)ncn1,98.699997,training
N[C@H]1C[C@@H](N2Cc3nn4nccnc4c3C2)CO[C@@H]1c1cc(F)ccc1F,47,training
OC[C@H](Nc1ncc(Cl)c(Nc2cc(C3CC3)[nH]n2)n1)c1ccc(F)cc1,95.599998,training
Cc1cc2cc(Nc3ncnn4cc(-c5nnc(C)o5)c(C(C)C)c34)cnc2[nH]1,97.199997,training
O=C(Nc1ccc(S(=O)(=O)Nc2ccccc2Cl)c(Cl)c1)c1ccccn1,99.900002,training
COc1ccccc1S(=O)(=O)Nc1ccc2c(c1)CN(C)C(=O)N2,69,training
CC(=O)N1C2C=C(CN3[C@@H]4CC[C@H]3CC(Nc3ccc5c(F)cc(OC(C)C)cc5n3)C4)CC1CCC2,98.199997,training
CCCCCCCCc1ccc(CC[C@]([N+])(CO)COP(=O)([O-])O)cc1,99.699997,training
C[C@@](C(=O)O[C@H]1C[N+]2(Cc3cc(-c4ccccc4)on3)CCC1CC2)(c1ccccc1)N1CCCCC1,98,training
CC[C@H](NC(=O)c1c(O)c(-c2ccccc2)nc2ccccc12)c1ccccc1,99.900002,training
COC1/C=C/OC2(C)Oc3c(C)c([O-])c4c(O)c(c(C=NN5CC[N+](C6CCCC6)CC5)c(O)c4c3C2=O)NC(=O)C(C)=CC=CC(C)C(O)C(C)C(O)C(C)C(OC(C)=O)C1C,97,training
C[C@@H]1CCCN1CCCOc1ccc(-c2cn[nH]c(=O)c2)cc1,20,training
CC(=O)O[C@H]1C[C@@H]2CC[C@@H]3[C@H](CC[C@@]4(C)[C@H]3C[C@H]([N+]3(C)CCCCC3)[C@@H]4OC(C)=O)[C@@]2(C)C[C@@H]1[N+]1(C)CCCCC1,85,training
C[C@H](CO)Nc1nc(SCc2cccc(F)c2F)nc2[nH]c(N)nc12,97.699997,training
N#Cc1ccc(N2CCN(Cc3cc(C(=O)O)c(=O)n4ccccc34)CC2)cc1,86.599998,training
CCOc1ccc2nc(S(N)(=O)=O)sc2c1,90,training
CCCCC(F)(F)[C@@]1(O)CC[C@@H]2C(CCCCCCC(=O)O)C(=O)C[C@H]2O1,94,training
CCCCCCCO[C@H]1O[C@H](CO)[C@@H](O)[C@H](O)[C@@H]1O,81,training
CONC(=O)N(Cc1ccsc1)C1CCN([C@H](C)CCNC(=O)c2c(C)cc(C#N)nc2Cl)CC1,25,training
Cc1nc(C)c(-c2csc(Nc3ccc(C(=O)N4C5COCC4CC(=O)C5)cn3)n2)s1,90,training
Cn1cnc(S(=O)(=O)N2C[C@@H]3[C@H](C2)C3(CNC(=O)c2ccccc2Cl)CC2CC2)c1,97,training
O=C1CC2(CCc3c(-c4ccccc4)cccc32)OC(=O)C1Sc1ccccc1Cl,99,training
O=C(NCc1ccc(S(=O)(=O)c2cc(F)cc(F)c2)cc1)c1ccc2nccn2c1,94,training
Cc1ccnc(NC(=O)C[N+]23CCC(CC2)[C@@H](OC(=O)C2(C4=CC=CC4)CCCCCC2)C3)c1,98.199997,training
Cn1nc(-c2cnc3[nH]cc(C(=O)NC(C)(C)CO)c3n2)c2ccc(Cl)cc21,99.699997,training
CON=C(C(=O)NC1C(=O)N2C(C(=O)O)=C(COC(C)=O)CS[C@H]12)c1csc(N)n1,36,training
Cc1cc(=O)n(C[C@H](N)C2CCC(NCc3ccc4c(n3)NC(=O)CO4)CC2)c2cc(F)ccc12,36,training
NC(=O)c1ncn(C2OC(CO)C(O)C2O)n1,2,training
O=C(O)c1cn(Cc2ccc(-n3ccnc3)cc2)c2cccc(F)c2c1=O,88.099998,training
C[C@@H](Nc1cc(F)cc(F)c1)c1cc(C(=O)N(C)C)cn2c(=O)cc(N3CCOCC3)nc12,88,training
Cc1ccc(/C(=C\CN2CCCC2)c2cccc(/C=C/C(=O)O)n2)cc1,50,training
COc1ncc([C@@H](CCCCCCc2ccc3c(n2)NCCC3)CC(=O)O)cn1,97,training
Cc1nc(Sc2ccc(C(=O)O)cc2)ccc1CN1CCC(N2C(=O)N(C3CCOCC3)C[C@H]2c2ccccc2)CC1,94.300003,training
Nc1noc2ccc(-n3nc(C(F)(F)F)cc3C(=O)Nc3ccc(-c4ccccc4CN4CCCC4)cc3F)cc12,82,training
O=C(NC1CCC1)c1ccc(C#Cc2cccc(F)c2)cn1,99,training
COC[C@H]1C[C@@H](c2nc(-c3ccc4c(c3)COc3cc5c(ccc6[nH]c([C@@H]7CC[C@H](C)N7C(=O)C(NC(=O)OC)C(C)C)nc65)cc3-4)c[nH]2)N(C(=O)C(NC(=O)OC)c2ccccc2)C1,99.5,training
CCc1cc2c(cc1CC)CC(NC[C@H](O)c1ccc(O)c3[nH]c(=O)ccc13)C2,95.325005,training
CN(C)CCCN1c2ccccc2Sc2ccc(C(F)(F)F)cc21,90,training
CN1CCN(c2ccc3[nH]c(Nc4ccc(Br)cn4)nc3c2)CC1,88.5,training
Cc1ccc(NS(=O)(=O)c2ccccc2)c(C(=O)O)c1,99.699997,training
Cc1ccc(NCc2ccc3c(n2)NCCC3)c(=O)n1CC(=O)N[C@@H](CC(=O)O)c1cccnc1,91.199997,training
CCOc1cc2ncc(C(N)=O)c(Nc3cccc(Cl)c3Cl)c2cc1N1CCN(C)CC1,98,training
Cc1ccc(-c2cc(-c3ccc(S(C)(=O)=O)cc3)cnc2N)c2cccnc12,94.400002,training
COCC(NC(C)=O)C(=O)NCc1ccccc1,15,training
CS(=O)(=O)c1ccc(-c2cnc(N)c(-c3ccc(C(F)(F)F)nc3)c2)cc1,86.099998,training
Cc1cc(N2CCOCC2)cc2[nH]c(-c3c(NC[C@@H](O)c4cccc(Cl)c4)cc[nH]c3=O)nc12,94.099998,training
CS(=O)(=O)c1ccc(Cl)c(C#Cc2cc(Cl)ccc2OCC(=O)O)c1,99.300003,training
CNc1nc(Nc2cc(F)c(C(=O)N3CCOCC3)cc2OC)ncc1C(F)(F)F,95.699997,training
CNC(C)C(=O)NC1CCC[C@H]2C[C@H]3CCN(CCc4ccccc4F)C[C@H]3N2C1=O,51,training
Cc1noc2c(F)c3c(cc12)CC1(C(=O)NC(=O)NC1=O)[C@H]1[C@H](C)O[C@@H](C)CN31,93.699997,training
COc1cnc2ccc(=O)n(C[C@H](N)C3CCC(NCc4ccc5c(n4)NC(=O)CO5)CC3)c2c1,26,training
CCN(C)C(=O)Oc1cccc([C@H](C)N(C)C)c1,40,training
CCNC(=O)Nc1ccc(-c2nc3c(c(N4CCOC[C@@H]4C)n2)CN(c2ncccn2)CC3)cc1,98,training
Cc1cccnc1CN1CCC2(CC1)C(=O)N(c1ccc(-c3ccc(C(=O)O)cc3)cc1)C(=O)N2c1ccncn1,98.400002,training
CC(C)(C)NCc1ccc(Nc2ccnc3cc(Cl)ccc23)cc1O,88,training
Fc1ccc([C@@H]2CCNC[C@H]2COc2ccc3c(c2)OCO3)cc1,95,training
CC1c2cccc(O)c2C(=O)C2C(=O)C3(O)C([O-])=C(C(N)=O)C(=O)C([N+](C)C)C3C(O)C21,88,training
CN1CC(c2nc(C(=O)NCc3ccc(F)cc3)c(O)c3ncccc23)CC1=O,98.800003,training
COc1ccnc(-c2nc(N3CC[C@@H](NC(=O)c4[nH]c(C)c(Cl)c4Cl)[C@@H](OC)C3)sc2C(=O)O)n1,96.400002,training
Cc1nc(N)ccc1CNC(=O)Cn1c(C)cc(S(=O)(=O)NCC2CC2)c(N)c1=O,53,training
CCON=C(C(=O)NC1C(=O)N2C(C(=O)[O-])=C(SC3=[N+]C(c4cc[n+](C)cc4)=CS3)CS[C@H]12)c1nsc(NP(=O)([O-])O)n1,20,training
CN=C1Nc2ncccc2C(c2ccco2)=NC1c1cc(C#CC(C)O)cs1,90.900002,training
O=C1CC[C@@]2(O)[C@H]3Cc4ccc(O)c5c4[C@@]2(CCN3CC2CC2)C1O5,21,training
Nc1ncnc2c1C(=O)N(c1ccc(-c3ccc(CC(=O)N4CCNC(=O)C4)cc3Cl)cc1)CCO2,69.800003,training
O=c1cc(COc2cc(Cl)cc(Cl)c2)[nH][nH]1,98,training
CNC(=O)[C@@]12C[C@@H]1[C@@H](n1cnc3c(NC)nc(C#Cc4ccc(Cl)s4)nc31)[C@H](O)[C@@H]2O,97.330002,training
O=C1c2ccc(COc3cccc(F)c3)nc2CCN1c1ccc(F)cc1,98.599998,training
CC[C@@H]1C[C@@H]2[C@@H](CC[C@@]3(S(=O)(=O)c4ccc(C(F)(F)F)cc4)c4c(F)ccc(F)c4OC[C@@H]23)NS1(=O)=O,98.099998,training
Cc1cc2oc(=O)cc(-c3ccccc3)c2c(C)c1-c1ccc(CN2CCOCC2)cc1,98.599998,training
Cn1nc(-c2cnc3[nH]cc(C(=O)NC(C)(C)C)c3n2)c2ccc(Cl)cc21,99.699997,training
CCCCSc1cc(I)cc(CNCCCN(C)C)c1O,7.6199999,training
C[C@H](CO)Nc1nc(SCc2cccc(F)c2F)nc2nc(N)cnc12,94.800003,training
COc1ccc2c(O[C@@H]3CC4C(=O)N[C@]5(C(=O)NS(=O)(=O)C6CC6)C[C@H]5/C=C\CCCCN(C)C(=O)C4C3)cc(-c3nc(C(C)C)cs3)nc2c1C,99.900002,training
CN(Cc1ccccc1)S(=O)(=O)c1ccc(Oc2cccc(Cl)c2C#N)cc1,95,training
CC(C)CCn1c(=O)c(C2=NS(=O)(=O)c3cc(OCC(N)=O)ccc3N2)c(O)c2cccnc21,99,training
Cc1ccc(-c2ncccn2)c(C(=O)N2C[C@H](COc3ccc(F)cn3)CC[C@H]2C)c1,94,training
CCc1c(CCCC(=O)O)cccc1-c1nsc(-c2ccc(OC(C)C)c(Cl)c2)n1,99.849998,training
Nc1ncnc2c1sc1cc(-c3cccc(C(=O)NCC(=O)N4CCOCC4)c3)ccc12,94.699997,training
NC(CN1C(=O)C(NC(=O)c2cc3cc(Cl)sc3[nH]2)Cc2ccccc21)=NO,0.60000002,training
Cn1c(=O)c2c(cc(N3CCC[C@@](C)(N)C3)n2Cc2cc(F)ccc2C#N)n(C)c1=O,73,training
CC(C)CC(NC(=O)C(COC(C)(C)C)NC(=O)C(Cc1ccc(O)cc1)NC(=O)C(CO)NC(=O)C(Cc1c[nH]c2ccccc12)NC(=O)C(Cc1c[nH]cn1)NC(=O)C1CCC(=O)N1)C(=O)NC(CCC[N]C(=N)N)C(=O)N1CCCC1C(=O)NNC(N)=O,20,training
CNC(C)C(=O)NC1CCC[C@H]2C[C@H]3CCN(C(=O)Oc4ccccc4)C[C@H]3N2C1=O,49,training
Cc1cccc(C)c1OC[C@H](C)N,55,training
Cc1cnc(NCCc2ccccn2)c(=O)n1CC(=O)NCc1cc(Cl)ccc1OCC(=O)NC1CCCNC1,88,training
Cc1cccc(C(CCC(N)C(=O)O)(c2ccccc2)c2ccccc2)c1,99.820503,training
COc1cc(Cc2cnc(N)nc2N)cc(OC)c1OC,44,training
CC(C)N1C(=O)N(c2ccccc2)CS/C1=N\C(C)(C)C,99.963997,training
CC(=O)NCCOC(=O)C(Oc1cccc(C(F)(F)F)c1)c1ccc(Cl)cc1,99.5,training
CC(O)c1cc(Cl)c(Nc2nc3ccncc3c3c(=O)[nH]ccc23)c(Cl)c1,95.199997,training
C[N+]1(C)CCC(OC(=O)C2(c3ccccc3)CCCCCC2)CC1,73,training
O=C(O)c1c(NS(=O)(=O)c2ccccc2)ccc2c1CCCC2,99.800003,training
COC(=O)c1ccc2c(C(=Nc3ccc(N(C)C(=O)CN4CCN(C)CC4)cc3)c3ccccc3)c(O)[nH]c2c1,97.800003,training
C[C@H]1C(N=C(O)C(=NOC(C)(C)C(=O)O)c2csc(=N)[nH]2)C(=O)N1C(=O)NS(=O)(=O)N1C[C@@H](NC(=O)CNC(=O)c2cc(=O)c(O)c[nH]2)CC1=O,62,training
COc1ccc(CN(C(=O)C(N)Cc2c(C)cc(C(N)=O)cc2C)[C@@H](C)c2nc(-c3ccccc3)c[nH]2)cc1C(=O)O,81,training
O=C(O)C1C[C@@H](C2CCCCC2)CN1C(=O)CP(=O)(O)CCCCc1ccccc1,99.400002,training
Cc1cc(Nc2cc(F)c(C(F)(F)F)c(F)c2)n2ncnc2n1,96.599998,training
CC(C)c1cc(N2CC[C@@H](N)C2)nc(N)n1,19,training
O=C(Nc1ccc(S(=O)(=O)N2CCC(Cl)CC2)cc1)c1ccc([N+](=O)[O-])o1,99,training
CC(C)Oc1cc2ncc(C(N)=O)c(Nc3cccc(Cl)c3Cl)c2cc1N1CCN(C)CC1,98.599998,training
COc1ccc(-c2ccc(S(=O)(=O)NC(C(=O)O)[C@@H]3CCCC4(C3)OCCO4)cc2)cc1,99,training
C[C@@](C(=O)O[C@H]1C[N+]2(CCc3ccccc3)CCC1CC2)(c1ccccc1)N1CCCCC1,97.599998,training
Cc1ccc2c(c1)c(-c1ccnc3cc(C(F)(F)F)ccc13)c(C)n2CC(=O)O,99.599998,training
Cc1ccc(NC(=O)c2ccc3c(c2)OC(F)(F)O3)cc1C(=O)Nc1cnc(Nc2ccc(N3CCN(C)CC3)cc2)nc1,95.800003,training
CC(C)(C)S(=O)(=O)CC(Cc1ccccc1)C(=O)NC(Cc1c[nH]cn1)C(=O)N[C@H](CC1CCCCC1)[C@H](O)[C@H](O)C1CC1,83,training
CCN1CCN(Cc2ccc(Nc3ncc(F)c(-c4cc(F)c5nc(C)n(C(C)C)c5c4)n3)nc2)CC1,96.300003,training
COc1ccc(C#N)cc1Oc1ncnc(N2CCC(Oc3ncc(F)c(N)n3)CC2)c1F,45,training
CNc1ncc(-c2ccc3c(=O)c(C(=O)O)cn(C4CC4)c3c2C)cc1C,82.5,training
CNC(=O)[C@@]12C[C@@H]1[C@@H](n1cnc3c(NC)nc(C#Cc4ccco4)nc31)[C@H](O)[C@@H]2O,75.800003,training
CCC(C)(CCN1CCC(F)(F)CC1)N(Cc1cc2ccccc2n(C)c1=O)C(=O)C1CCCCC1,97,training
CC(C)(ON=C(C(=O)NC1C(=O)N(S(=O)(=O)O)[C@@H]1CNC(=O)c1cc(-c2cc(=O)c(O)cn2O)no1)c1csc(N)n1)C(=O)O,54,training
CN=C1Nc2ncccc2C(c2ccco2)=NC1c1ccns1,73.599998,training
FC(F)(F)c1c(N2CCC(c3ccccc3)CC2)ccn2c(CC3CC3)nnc12,99.82,training
COc1cc(N=S(C)(=O)O)ccc1[N]c1c2ccccc2nc2ccccc12,97.5,training
CCCCCCCCCC(=O)O[C@H]1CC[C@H]2[C@@H]3CC=C4CC(=O)CCC4[C@H]3CC[C@]12C,58,training
COc1cccc(-c2ccc(-n3ccc4[nH]c(=O)c(C#N)c(O)c43)cc2)c1O,99.300003,training
CC(C)N(CCCCOCC(=O)NS(C)(=O)=O)c1cnc(-c2ccccc2)c(-c2ccccc2)n1,99,training
C[C@@H]1CN2c3c(cc4c(Cl)noc4c3F)CC3(C(=O)NC(=O)NC3=O)[C@H]2[C@H](C)O1,99,training
NC(C(=O)NC1C(=O)N2C(C(=O)O)=C(Cl)CS[C@H]12)c1ccccc1,24.5,training
O=S(=O)(c1ccc2ccccc2c1)N1CCCN(Cc2c(F)cccc2Cl)CC1,90,training
O=P([O-])(O)C(O)(C[n+]1cc[nH]c1)P(=O)(O)O,22,training
Cc1ccc(CC[N+]23CCC(CC2)[C@@H](OC(=O)C2(C4=CC=CC4)CCCCCC2)C3)s1,99,training
Cc1ccc(C2CCN(Cc3cc(C(=O)O)c(=O)n4ccccc34)CC2)cc1,91,training
COc1ccc2c(c1)c(-c1ccnc3cc(Cl)ccc13)c(C)n2CC(=O)O,99.699997,training
O=C(O)C[C@H]1CCc2c1[nH]c1ccc(OCc3ccc(C4CCCC4)c(C(F)(F)F)c3)cc21,97.800003,training
CCCCCN=C(N)NN=Cc1c[nH]c2ccc(CO)cc12,98,training
O=C(N=c1c(Cl)cn(O)cc1Cl)c1ccc(OC(F)F)c(OCC2CC2)c1,97,training
COc1cc(Nc2ncc(F)c(Nc3ccc4c(n3)N(COP(=O)(O)O)C(=O)C(C)(C)O4)n2)cc(OC)c1OC,98.5,training
C#CCC(C(=O)N[C@H](/C=C/C(=O)OCC)CC1CCNC1=O)n1cccc(NC(=O)c2cc(C)on2)c1=O,34,training
CCc1ccccc1C(=O)N(C1CCC2(CC1)OCCO2)[C@H](CCN1CCOCC1)Cc1ccc(Cl)cc1,97.300003,training
CNc1nc(Nc2ccc(C(=O)N3CCOCC3)cc2OC)ncc1C(F)(F)F,86.300003,training
Cc1cc(Oc2cncnc2)cc(C(=O)Nc2ccc(F)cn2)n1,91.400002,training
COCC1=C(C(=O)O)N2C(=O)C(=NC(=O)C(NOC)c3csc(N)n3)[C@H]2SC1,25,training
Cc1nnc2n1-c1ccc(-c3cncc(C(C)(C)O)c3)cc1CC2,67,training
CN1CCN(Cc2ccc3[nH]c(Nc4ccc(C(F)(F)F)cn4)nc3c2)CC1,72.5,training
N#CC1(c2ccccc2)CCN(Cc2cc(C(=O)O)c(=O)n3ccccc23)CC1,89.950005,training
Clc1ccc(-c2ccc(-c3nccn3-c3ccc(N4CCNCC4)cc3)o2)cc1,97.199997,training
Cc1ccnc2c3c(nn12)CN([C@H]1CO[C@H](c2cc(F)ccc2F)[C@@H](N)C1)C3,49,training
CC[C@H]1OC(=O)C(C)[C@@H](O[C@H]2C[C@@](C)(OC)[C@@H](O)[C@H](C)O2)C(C)[C@@H](O[C@@H]2O[C@H](C)C[C@H](N(C)C)[C@H]2O)[C@](C)(O)C[C@@H](C)CN(C)[C@H](C)[C@@H](O)[C@]1(C)O,35,training
CCCn1cnc(CC(OCCN)C(=O)O)c1,0,training
CCOc1ccc(Cc2cc([C@]34OC[C@](CO)(O3)[C@@H](O)[C@H](O)[C@H]4O)ccc2Cl)cc1,93.599998,training
Cc1cc(NC2Cc3ccccc3C2)n2ncnc2n1,76.099998,training
Cc1nc(C)c(-c2ccc(-c3ccc(CC(=O)O)cc3Cl)cc2)nc1C(N)=O,98.5,training
NC(=O)CCCN=C(c1ccc(Cl)cc1)c1cc(F)ccc1O,95,training
CCCCCOc1ccc(-c2ccc(-c3ccc(C(=O)NC4C[C@@H](O)[C@@H](O)NC(=O)C5[C@@H](O)[C@@H](C)CN5C(=O)C([C@@H](C)O)NC(=O)C([C@H](O)[C@@H](O)c5ccc(O)cc5)NC(=O)C5C[C@@H](O)CN5C(=O)C([C@@H](C)O)NC4=O)cc3)cc2)cc1,84,training
N#Cc1ccc(-c2cc(N3CCNCC3)nc(N)n2)cc1,7,training
COc1cc2nnc(C(N)=O)c(Nc3ccc(F)cc3F)c2cc1OC,95.5,training
N#CC1(c2ccccn2)CCN(Cc2cc(C(=O)N[C@H]3CCCC[C@@H]3O)c(=O)n3ccccc23)CC1,52,training
Cc1nn(C2CCOCC2)c(NS(=O)(=O)c2ccc(C3CC3)cc2)c1C(=O)N[C@@H](C)C(C)(C)C,92.5,training
COc1ncnc(Cn2cc(C(=O)NCCF)c3ncc(C)cc32)c1C,94,training
CCCOC/C(=N\c1ccc(Cl)cc1C(F)(F)F)n1ccnc1,99.582802,training
C[C@@H]1CN(c2noc(C(F)(F)F)n2)CCN1c1ncc(OCc2ccncc2C#N)cn1,99.300003,training
O=C(C[N+]12CCC(CC1)[C@@H](OC(=O)C1(C3=CC=CC3)CCCCCC1)C2)Nc1ccccc1,99.400002,training
CCOC(=O)CCC(NC(=O)C1CCn2c(C(=O)c3ccccc3)ccc21)C(=O)OCC,45,training
COc1cc2c(Nc3cc(CC(=O)Nc4cccc(F)c4F)[nH]n3)ncnc2cc1OCCCN1CCC[C@@H]1CO,85,training
O=C1O[C@@H](Cn2ccnn2)CN1c1ccc(-c2ccc(C(O)CN3CCOCC3)nc2)c(F)c1,33,training
CCN1CCC[C@H]1CNC(=O)c1cn(C2CCCC2)c(=O)c2c1c1ccccc1n2C,90,training
Cc1cc(Cl)nc(C)c1C(=O)NCC[C@@H](C)N1CCC(N(Cc2ccsc2)C(=O)Nc2cccnc2)CC1,54,training
O=C(Nc1ccccc1-c1ccccc1)N1CCn2c(c(O)n([C@H]3C[C@@H]3c3ccccc3)c2=O)C1,95.599998,training
CCOC(=O)N1CCN(C(=O)C(CCC(=O)O)NC(=O)c2cc(N[C@@H]3CCOC3)nc(-c3ccccc3)n2)CC1,91.5,training
Cc1ccc([C@H]2C[C@@H](C(F)(F)F)n3ncc(C(=O)NCc4ccc(F)cc4)c3N2)nc1,96.099998,training
CC1=CC2=CC(C)C(=O)/C=C/C(C)(C)C=C3O[C@@]2(C1)C(=O)C3C,74,training
N#Cc1cnc(Nc2cc(CN3CCN(C(=O)CO)CC3)ccn2)s1,73.800003,training
N#Cc1cc(OC(F)(F)F)cc(-c2nc(-c3ccc4c(c3)CCN4C(=O)CCC(=O)O)no2)c1,99.699997,training
O=c1c2c(Nc3ccc(I)cc3F)cncc2cnn1C[C@H](O)CO,96.699997,training
CSCCNc1nc(SCCC(F)(F)F)nc2c1ncn2[C@@H]1O[C@H](COP(=O)(O)OP(=O)(O)C(Cl)(Cl)P(=O)(O)O)[C@@H](O)[C@H]1O,97.25,training
COc1ccc(-c2csc(NC(=O)C3CCCCN3S(=O)(=O)c3ccc(C)cc3)n2)cc1,99.400002,training
C[C@@]1(N)CC(C(=O)N2CCC(c3ncnn3-c3ccc(F)c(Cl)c3)CC2)[C@H](c2ccc(F)cc2F)C1,79,training
O=C1NN=C(c2ccc(OC3CCN(C4CCC4)CC3)cc2)[C@H]2CC12,77,training
CC(C)CC(NC(=O)C(COC(C)(C)C)NC(=O)C(Cc1ccc(O)cc1)NC(=O)C(CO)NC(=O)C(Cc1c[nH]c2ccccc12)NC(=O)C(Cc1c[nH]cn1)NC(=O)C1CCC(=O)N1)C(=O)NC(CCCN=C([N])N)C(=O)N1CCCC1C(=O)NNC(N)=O,27.15,training
CN1C(=O)C(CN2CCCCC2)C[C@H]1C#Cc1ccccc1,83,training
Cc1cc(C(=O)O)ccc1-c1ccc(N2C(=O)N(c3ccncn3)C3(CCN(Cc4ncccc4C)CC3)C2=O)cc1,96,training
COc1cc(C(=O)N=S(=O)(O)c2ccccc2C)ccc1Cc1cn(C)c2ccc(NC(=O)OC3CCCC3)cc12,99,training
Cc1cccc(Cl)c1-c1ccc(N2CCOc3ncnc(N)c3C2=O)cc1,95.900002,training
Cc1c(CN2CCN(S(C)(=O)=O)CC2)sc2c(N3CCOCC3)nc(-c3cnc(N)nc3)nc12,77,training
CCNC(=O)C1CC(F)(c2ccc(CN3CCCC3)c(F)c2)C1,34,training
O=C(Nc1ccc(Cl)cn1)C1CN(CC(F)F)CC1C(=O)Nc1ccc(-n2ccccc2=O)cc1F,77,training
COC(=O)NC(C(=O)N1C[C@@H](C)C[C@H]1c1nc(-c2ccc(-c3ccc(-c4ccc5[nH]c([C@@H]6C[C@H](C)CN6C(=O)C(NC(=O)OC)C(C)C)nc5c4)cc3)cc2)c[nH]1)C(C)C,98.599998,training
C[C@]1(c2nc3c(C(N)=O)cccc3[nH]2)CCCN1,41,training
O=C(O)c1cc(CN2CCc3cc(Cl)ccc3C2)c2ccccn2c1=O,98,training
CC(C)(C)NC[C@H](O)COc1nsnc1N1CCOCC1,10,training
C#CCC(C(=O)N[C@H](/C=C/C(=O)OC1CCCC1)CC1CCNC1=O)n1cccc(NC(=O)c2cc(C)on2)c1=O,7,training
O=C(Nc1ccnc(NC(=O)C2C[C@H]2F)c1)c1c(F)cccc1Cl,93.400002,training
CCCC(C)(COC(N)=O)COC(N)=O,0,training
C[C@H](c1nc(=O)c2cnn(C3CCOCC3)c2[nH]1)N1CC(Oc2ccccc2)C1,77,training
Cc1ccc(NC(=O)c2cccc(C(F)(F)F)c2C)cc1C(=O)Nc1cnc(Nc2ccc(N3CCN(C)CC3)cc2)nc1,98.099998,training
Clc1ccc(CN2CCO[C@H](CCc3ccccc3)C2)cc1,98.800003,training
Cc1ccc(-c2nc3ccccc3[nH]2)cc1NC(=O)c1ccc(OCc2ccccn2)cc1,99,training
N#Cc1cccc(Cl)c1-c1ccc(N2CCOc3ncnc(N)c3C2=O)cc1,79.400002,training
CCNC(=O)Nc1nc2cc(-c3cccnc3)c(=O)n(C(C)C(N)=O)c2s1,75,training
CC(C)N(Cc1ccccc1)c1ncc2cc(-c3c(Cl)cccc3Cl)c(=O)n(C)c2n1,94.300003,training
N#Cc1cnc(NCC(F)(F)c2ccccc2)c(=O)n1CC(=O)NCCON=C(N)N,49,training
NC(=O)c1cc2c(Oc3ccc(OC(F)(F)F)cc3)cncc2s1,97.900002,training
O=C(O)c1cn(Cc2ccc(-n3cccn3)cc2)c2c(F)cccc2c1=O,98.300003,training
COc1ccc(/C(=C/C(=O)N2CCOCC2)c2ccc(Cl)cc2)cc1OC,90.572403,training
CC1(C)OC(=O)N(C2CCC(NC(=O)c3cccc4cccnc34)CC2)[C@H]1c1ccccc1,97.699997,training
CS(=O)(=O)c1ccc(-c2cnc(N)c(-c3ccc(C(F)(F)F)cc3)c2)cc1,96.199997,training
O=C1COCCN1c1ccc(CO[C@@H]2COc3nc([N+](=O)[O-])cn3C2)cc1,50.400002,training
Nc1nc2cccnc2n1CC(O)c1cccc(Cl)c1Cl,88.199997,training
O=C(O[C@H]1CN2CCC1CC2)N1CCc2ccccc2[C@@H]1c1ccccc1,98,training
CCC(Oc1c(Cl)cccc1Cl)C(=O)NC1C(=O)N2C1SC(C)(C)C2C(=O)O,95,training
CN1CC2(CCN(C(=O)Nc3cc(F)cc(F)c3)CC2)C1c1ccc(F)cc1,95,training
CC(=O)N1C[C@@H](F)C[C@H]1c1nc(C(=O)NCc2ccc(C)c(Cl)c2)c(O)c(=O)n1C,97.800003,training
C#CCN[C@@H]1CCc2ccccc21,91,training
CCc1cc(-c2nc(=O)c(C(N)=O)c(O)[nH]2)nc(C2CCCCC2C(=O)NCc2ccc(Cl)c(Cl)c2)n1,95.800003,training
CN1[C@@H]2CC[C@@H]1CC(OC(c1ccccc1)c1ccccc1)C2,95,training
CCc1c2c(nc3ccc(OC(=O)N4CCC(N5CCCCC5)CC4)cc13)-c1cc3c(c(=O)n1C2)COC(=O)[C@]3(O)CC,66,training
C[C@H](c1ccc(F)cc1)N1C(=O)O[C@](Cc2ccccc2)(c2nc3cc(Cl)ccc3[nH]2)C1=O,99,training
CC(=O)C(C#N)C(=O)Nc1ccc(C(F)(F)F)cc1,99,training
COc1ccc(CC2(O)c3ccccc3C3=NCCN32)cc1,90,training
CCc1c(CCN2CCC(C(=O)O)CC2)cccc1-c1nsc(-c2ccc(CC(C)C)c(C#N)c2)n1,99.360001,training
CC(=O)Nc1ccc2ccn(-c3cc(NC4COC4)n4ncc(C#N)c4n3)c2c1,87.599998,training
Cc1ccc(-c2ncc(C)n2C)cc1NC(=O)c1ccc(OCc2ccccn2)cc1,97.800003,training
O=C1c2oc(-c3ccc(Cl)cc3)cc2Cc2cc(N3CCNCC3)ccc2N1Cc1ccccc1-c1cncnc1,98.400002,training
CC(C)NC[C@H](O)COc1ccc(COCCOC(C)C)cc1,30,training
CO[C@H]1CN(c2nc(CN3CCOCC3)c(C(=O)O)s2)CC[C@H]1NC(=O)c1[nH]c(C)c(Cl)c1Cl,94.300003,training
Cc1nc(N)ccc1CNC(=O)Cn1c(C)cc(S(=O)(=O)CC2CCC2)c(N)c1=O,45,training
CO[C@H]1CN(c2nc(-c3cnccn3)c(C(=O)O)s2)CC[C@H]1NC(=O)c1[nH]c(C)c(Cl)c1Cl,96.099998,training
CN(C)C(=O)Cn1c(-c2ccccc2)c(C2CCCCC2)c2ccc(C(=O)NS(=O)(=O)N(C)C)cc21,0.80000001,training
O=C(O)C1C[C@H](Sc2cccc(Cl)c2)CN1,84,training
Nc1ncnc2c1C(=O)N(c1ccc(-c3ccc(C(F)F)cc3Cl)cc1)CCO2,97.800003,training
CCC(C)(C)C(=O)O[C@H]1C[C@@H](C)C=C2C=C[C@H](C)[C@H](CC[C@@H](O)C[C@@H](O)CC(=O)O)[C@H]21,95,training
CC(=O)N1[C@@H]2CC[C@H]1C=C(c1cnc(NCc3ccc4c(c3)OCC4)c(C(=O)NC[C@H]3COc4ccccc4O3)c1)C2,99,training
C[C@@](C(=O)O[C@H]1C[N+]2(CCc3ccc4ccccc4c3)CCC1CC2)(c1ccccc1)N1CCCCC1,99.699997,training
CC(C)(C)CCC1(C(=O)c2ccc3[nH]ncc3c2)CCCN1,50,training
CCOc1ccc(Nc2c(C)c(N[C@H]3CCCNC3)nc3ccnn23)cc1,88.599998,training
COCCC1(Oc2ccc(Oc3ccc(-c4nc(-c5ccc(C#N)cc5)co4)cc3)cc2)C(=O)NC(=O)NC1=O,99,training
C[C@H]1Cn2c(nnc2-c2cc(F)ccn2)CN1C(=O)c1cccc(Cl)c1Cl,91,training
O=C(c1ccc(F)c(F)c1)N1CCN2C(=O)c3ccccc3C12C1CCCCC1,99.199997,training
C=CC(=O)Nc1cc(Nc2ncc(Cl)c(-c3c[nH]c4ccccc34)n2)c(OC)cc1N(C)CCN(C)C,96.400002,training
COC(=O)C1=C(C)N=C(C)C(C(=O)OCC[N+]2CCN(C(c3ccccc3)c3ccccc3)CC2)C1c1cccc([N+](=O)[O-])c1,99,training
C[C@@H](Nc1cc(F)cc(Cl)c1)c1cc(C(=O)N(C)C)cc2c(=O)cc(N3CCOCC3)oc12,94,training
CC/C=C\C/C=C\C/C=C\C/C=C\C/C=C\CCCC(=O)O,99,training
Cc1cc(NC(=O)OCC(Oc2cccc3sc(C(=N)N)cc23)c2ccccc2)n(C)n1,96,training
CCOc1cc2ncc(C(N)=O)c(Nc3ccc(Cl)c(Cl)c3)c2cc1N1CCN(C)CC1,99.199997,training
Cc1ccc(NC(=O)c2cccc(N(C)C)c2)cc1NC(=O)c1ccc(OCc2ccccn2)cc1,99.349998,training
COc1cccc2c(O)c3c(c(O)c12)C(=O)C1=C(C[C@@](O)(C(=O)CO)C[C@@H]1O[C@H]1C[C@H](N)[C@@H](O)[C@H](C)O1)C3=O,75,training
C[C@H](CS(C)(=O)=O)Nc1[nH]nc2nc(Oc3ccc(F)cc3F)ncc12,81.300003,training
Cn1c(Nc2ccc(C(F)(F)F)cc2)nc2cc(Oc3ccnc(-c4nc(C(F)(F)F)c[nH]4)c3)ccc21,99,training
Cn1cc(C(=O)NC[C@@H](O)CN2CCC(Oc3ccc(Cl)c(Cl)c3)CC2)c(C(F)(F)F)cc1=O,93,training
CN(C)CC(=O)N(C)C1COc2ccccc2-c2c(C3CCCCC3)c3ccc(C(=O)O)cc3n2C1,99.5,training
O=C1CC(c2ccccc2)OC(=O)C1Oc1ccccc1Cl,99.400002,training
[N]C(=N)c1ccc(OCCCCCOc2ccc(C([N])=N)cc2)cc1,69,training
COCCOc1ccc(N(Cc2cnccc2C)C2CCN([C@H](C)CCNC(=O)c3c(C)cc(Cl)nc3C)CC2)cc1,85,training
CC[C@H]1OC(=O)C(C)[C@@H](O[C@H]2C[C@@](C)(OC)[C@@H](O)[C@H](C)O2)[C@H](C)[C@@H](O[C@@H]2O[C@H](C)C[C@H](N(C)C)[C@H]2O)[C@](C)(O)C[C@@H](C)/C(=N\OCOCCOC)[C@H](C)[C@@H](O)[C@]1(C)O,95,training
CC(C)(C)CN1CCc2c(cccc2Oc2ncccc2NC(=O)Nc2ccc(OC(F)(F)F)cc2)C1,100,training
Cc1cnc(NCCc2ccccn2)c(=O)n1CC(=O)NCc1cccc(Cl)c1,94,training
CS(=O)(=O)c1ccc(-c2cnc(N)c(-c3ccc(CO)nc3)c2)cc1,45.900002,training
N#Cc1ccccc1N1CCN(C(=O)COCc2ccccc2)CC1,94,training
CCOC(=O)C1(c2ccccc2)CCN(CCc2ccc(N)cc2)CC1,95,training
C=CC(=O)Nc1cc(Nc2nccc(-c3c[nH]c4ccccc34)n2)c(OC)cc1N(C)CCN(C)C,92.5,training
C=C1c2cccc(O)c2C(=O)C2=C([O-])[C@]3(O)C(=O)C(C(N)=O)C(=O)C([N+](C)C)[C@@H]3[C@@H](O)[C@H]12,76.25,training
CCCc1cc(C(=O)NC(Cc2ccc(-c3cccc(OC(F)(F)F)c3)nc2)C(=O)N[C@@H]2CCNC2)sc1C,99,training
Cc1nn(C)c2cc(N3CCN(C(=O)C4CCCCC4C(=O)NC4(C#N)CC4)[C@H](C)C3)ccc12,72,training
C=C1CC[C@H](O)C/C1=C/C=C1\CCC[C@]2(C)[C@@H]([C@H](C)CCCC(C)C)CC[C@@H]12,65,training
O=C(c1cc(-c2cccnc2)[nH]n1)N1CCN(C(c2ccccc2)c2ccccc2)CC1,99.599998,training
[N+]CCS(=O)(=O)[O-],20,training
Cc1c(Cl)nc(OC[C@H]2C[C@@H]2c2ccccn2)nc1NCc1cnn(C)c1,99,training
CC1(C)OC(=O)N(C2CCC(NC(=O)c3ccnc4cccnc34)CC2)[C@H]1c1ccccc1,90.800003,training
CCCCC[N+](C)CCC(O)(P(=O)([O-])O)P(=O)(O)O,85.5,training
O=C(O)CCCCO/N=C(/c1cccnc1)c1cccc(C(F)(F)F)c1,60,training
COc1cc(N2C(=O)N(c3ccc(-c4ccc(C(=O)O)cc4)cc3)C(=O)C23CCN(Cc2ncccc2C)CC3)ncn1,99.400002,training
C[C@@](C(=O)O[C@H]1C[N+]2(CCc3cccc(Cl)c3)CCC1CC2)(c1cccs1)N1CCCCC1,97.800003,training
O=C(O[C@H]1C[N+]2(Cc3nc(-c4ccccc4)no3)CCC1CC2)C1(C2=CC=CC2)CCCCCC1,99,training
CNC(C)C(=O)NC1CCC[C@H]2C[C@H]3CCN(CCc4ccc(C(F)(F)F)cc4)C[C@H]3N2C1=O,82,training
C[C@]12CC[C@@H]3c4ccc(O)cc4C[C@@H](CCCCCCCCC[S+]([O-])CCCC(F)(F)C(F)(F)F)[C@H]3[C@@H]1CC[C@@H]2O,99,training
Cc1ccc(Nc2cc(N[C@@H]3CCCC[C@@H]3N)nnc2C(N)=O)nc1C,84.599998,training
CN(C)C(=O)Cn1c(-c2ccoc2)c(C2CCCCC2)c2ccc(C(=O)NS(=O)(=O)N(C)C)cc21,1.1,training
COc1ccc(COc2cnn(CC(=O)c3ccc(CN(C)C)cc3C)c(=O)c2)nc1,90,training
O=C(O[C@H]1C[N+]2(Cc3nc4ccccc4o3)CCC1CC2)C1(C2=CC=CC2)CCCCCC1,97.699997,training
CN1CCN(c2cc(-c3ccccc3)nc(N)n2)CC1,49,training
Cc1cc(C2CCN(C(=O)C3CN(C(C)(C)C)C[C@H]3c3ccc(F)cc3F)CC2)n(-c2ccc(Cl)c(C)c2)n1,96,training
CN(C)C(c1ccccc1)c1nc(=O)c(O)c(C(=O)NCc2ccc(F)cc2)[nH]1,49.549999,training
CNC(=O)c1nn(C)c2c1C(C)(C)Cc1cnc(Nc3ccc(CN(C)C)cc3)nc1-2,95,training
COC(=O)c1ccc2c(ccn2-c2ccc(O[C@H]3O[C@H](CO)[C@@H](O)[C@H](O)[C@@H]3O)c(Cl)c2)c1,99,training
Nc1nc(-n2cc(C(=O)O)c(=O)c3cc(F)c(N4CC(O)C4)c(Cl)c32)c(F)cc1F,84,training
CN(C)C(=O)C(c1ccc(-c2ccc3ncnn3c2)cc1)C(N)C(=O)N1CCC(F)(F)C1,82,training
COc1cc(OC)nc(-c2nc(N3CC[C@@H](NC(=O)c4[nH]c(C)c(Cl)c4Cl)[C@@H](OC)C3)sc2C(=O)O)n1,96.400002,training
O=S1(=O)CCC(Oc2ccc3c(c2)CCC2(CCN(C4CCC4)CC2)O3)CC1,77,training
Cc1cc(F)ccc1-c1c(Oc2ccc(/C=C/C(=O)O)cc2)c2ccccc2oc1=O,99.5,training
COCCc1ccc(-c2c(C)nc3c(N4CCOCC4)nccn23)cn1,58,training
CC(=O)OCC(CCn1cnc2cnc(N)nc21)COC(C)=O,17.5,training
O=[N+]([O-])c1cn2c(n1)OC[C@@H](OCc1ccc(N3CCOCC3)nc1)C2,14.5,training
O=C(C1CC2(CCN(C3CCOCC3)CC2)C1)N1CCN(C2CCC2)CC1,49,training
O=c1[nH]cc(N(CCCl)CCCl)c(=O)[nH]1,5,training
O=C(C1CCC(F)(F)CC1)N1CC(c2nc(-c3cccc(Cl)c3)no2)C1,98.699997,training
Nc1nc(=O)c2ncn([C@@H]3O[C@H](COP(=O)(O)OP(=O)(O)OP(=O)(O)O)[C@@H](O)[C@@H]3O)c2[nH]1,25,training
O=C(NC[C@@H](O)CN1CCC(Oc2ccc(Cl)c(Cl)c2)CC1)c1c[nH]nc1C1CC1,96,training
N[C@@H](Cn1c(=O)cnc2ccc(F)cc21)C1CCC(NCc2ncc3c(n2)NC(=O)CO3)CC1,27,training
Cc1cnc2c(C(=O)NCCO)cn(Cc3ncnc(N(C)C)c3C)c2c1,70,training
CC(C)(C)c1ccc(S(=O)(=O)Nc2ccc(Cl)cc2-c2nccnc2NCCO)cc1,98.400002,training
COc1ccc(Nc2ncc(CN3CCN(S(C)(=O)=O)CC3)cc2-c2nc(C)nc(N)n2)cn1,82.699997,training
COC[C@H](C)NC(=O)c1nc(N2CC[C@@H](NC(=O)c3[nH]c(C)c(Cl)c3Cl)[C@@H](OC)C2)sc1C(=O)O,97.5,training
C[C@@](C(=O)O[C@H]1C[N+]2(CCOc3ccccc3)CCC1CC2)(c1ccccc1)N1CCCCC1,95.599998,training
C[C@H](c1ccc(F)cc1)N1C(=O)O[C@](Cc2ccccc2)(c2nc3c(C(F)(F)F)cccc3[nH]2)C1=O,99,training
N#Cc1cccc(NC(=O)N2CCC3(CC2)C(=O)N(c2cccc(Cl)c2)C3c2ccccn2)c1,98.699997,training
CC1(C)S[C@@H]2C(NC(=O)C(C(=O)O)c3cccs3)C(=O)N2C1C(=O)O,45,training
CC(=O)N1C2C=C(CN3CCC(Nc4ccc5cc(OC(F)(F)F)ccc5n4)CC3)CC1CCC2,95.5,training
COc1cnc2c(NCc3nnc4ccc(-c5cc(F)cc(F)c5)nn34)ccnc2c1,99.199997,training
Cc1cc(N2CCOCC2)cc2[nH]c(-c3c(NCCn4cc(Cl)cn4)cc[nH]c3=O)nc12,98.949997,training
CN1CCc2nc(COc3ccccc3)sc2C1=O,89,training
CN1CCN=C1c1ccc(C(=O)Nc2ccccc2C(=O)Nc2ccc(Cl)cn2)cc1,82,training
O=C(NCc1ccc(S(=O)(=O)c2cc(F)cc(F)c2)cc1)c1cnc2nccn2c1,87.800003,training
COc1cc2c(Nc3ccc(Br)cc3F)ncnc2cc1OCC1CCN(C)CC1,90,training
C[C@@](C(=O)O[C@H]1C[N+]2(CCc3ccccc3F)CCC1CC2)(c1cccs1)N1CCCCC1,99.800003,training
CC(=O)N1C2C=C(CN3CCC(NC(=O)Nc4cc(F)cc(C(F)(F)F)c4)CC3)CC1CCC2,98.699997,training
CCc1nccn1-c1ccc(NC(=O)c2cc(C(F)(F)F)nn2-c2ccc3onc(N)c3c2)c(F)c1,95,training
CO[C@H]1CN(c2nc(-c3nccs3)c(C(=O)O)s2)CC[C@H]1NC(=O)c1[nH]c(C)c(Cl)c1Cl,99,training
CCC(c1cccc(O)c1)[C@@H](C)CN(C)C,20,training
CN1CCN(c2cc(-c3ccc(C#N)cc3)nc(N)n2)CC1,35,training
COP(=O)(c1cc(C)cc(/C=C/C#N)c1)c1c(C(N)=O)[nH]c2ccc(Cl)cc12,99.800003,training
Oc1c(F)cc(Br)cc1CNCC12CC3CC(CC(C3)C1)C2,0.5,training
CC(NC(CCc1ccccc1)C(=O)O)C(=O)N1C(C(=O)O)C[C@H]2CCCC[C@@H]21,94,training
Cc1nc(N)ncc1-c1nc(N2CCOCC2)c2sc(C(C)(C)O)cc2n1,73,training
CO[C@@]1(NC(=O)C(C(=O)O)c2ccc(O)cc2)C(=O)N2C(C(=O)O)=C(CSc3nnnn3C)CO[C@@H]21,55.5,training
CCn1cc(C(=O)O)c(=O)c2cc(F)c(N3CCN[C@H](C)C3)c(F)c21,13,training
CC(=O)N(C)CCN(C)c1nc(C(=O)NCc2ccc(F)cc2)c(O)c2ncccc12,98.300003,training
COc1ccc2c3c1O[C@H]1[C@@H](O)C=C[C@H]4[C@@H](C2)N(C)CC[C@@]341,15,training
NC(=O)C(Cc1ccccc1)NC(=O)OCc1ccccc1,81,training
CNC(=O)[C@@]12C[C@@H]1[C@@H](n1cnc3c(NC)nc(C#Cc4ccc(Br)s4)nc31)[C@H](O)[C@@H]2O,97.330002,training
N#Cc1ccc(-c2ccc(N3CCOc4ncnc(N)c4C3=O)cc2)c(Cl)c1,90.699997,training
O=C(COc1c(Cl)cc(Cl)cc1Cl)NN=Cc1ccc[nH]1,98.800003,training
N#Cc1cc(Cl)cc(Oc2c(Cl)ccn(Cc3[nH]nc4ncccc34)c2=O)c1,96.699997,training
COC1CC2CCC(C)C(O)(O2)C(=O)C(=O)N2CCCCC2C(=O)OC(C(C)CC2CCC(OCCO)C(OC)C2)CC(=O)C(C)=CC(C)C(O)C(OC)C(=O)C(C)CC(C)/C=C/C=C/C=C\1C,74,training
CC(C)COc1ccc2c(c1)[C@]1(COC(=N)N1)c1cc(-c3cncnc3)ccc1O2,91.300003,training
C[C@H](CO)Nc1nc(SCc2ccccc2)nc2nc(N)sc12,94.5,training
CCCS(=O)(=O)c1ccc(Cl)c(C#Cc2cc(Cl)ccc2OCC(=O)O)c1,99.699997,training
CC(C)(C)NC(=O)c1c[nH]c2ncc(-c3nn(CCC(O)CO)c4ccc(OC(F)F)cc34)nc12,99.300003,training
CNc1ccc(C=Cc2ccc(OCCOCCOCCF)cc2)cc1,98.5,training
Cc1cnc(N)nc1OCC(C)(C)C,94,training
O=C(NCC1(CO)CCCC1)c1nc(N2CCOCC2)n2ccccc12,84,training
Cc1cn([C@@H]2C[C@@H](O)[C@H](CO)O2)c(=O)[nH]c1=O,3.3,training
CN(C)c1cc(NC(=O)CNC(C)(C)C)c(O)c2c1CC1CC3C([N+](C)C)C(=O)C(C(N)=O)C(=O)C3(O)C([O-])=C1C2=O,80,training
NC1=NCC2c3ccccc3Cc3ccccc3N12,64,training
CCOc1cc(C(=O)NC(Cc2ccc(-c3cccc(OC(F)(F)F)c3)nc2)C(=O)N[C@@H]2CCNC2)ccc1C,99,training
O=C1N(c2ccc(F)cc2)CCc2nc(COc3ccccc3)cn21,90.300003,training
CCNS(=O)(=O)c1ccc(C)c(C#Cc2cc(Cl)ccc2OCC(=O)O)c1,99.5,training
CN1CCC(OC(c2ccccc2)c2ccccc2)CC1,99,training
[N+]CCC[N+]CCSP(=O)([O-])[O-],4,training
Nc1ncnc2c1C(=O)N(c1ccc(-c3ccc(CC(=O)N4CC(O)C4)cc3Cl)cc1)CCO2,77.699997,training
C[N+]1(C)[C@@H]2CC(OC(=O)C(O)(c3cccs3)c3cccs3)C[C@H]1[C@@H]1O[C@@H]12,72,training
CC(C)(C(=O)Nc1ccc(Cl)c(C(F)(F)F)c1)S(=O)(=O)c1ccc(Cl)cc1,99.800003,training
CCNC(=O)Nc1cc(-c2nc(C(F)(F)F)cs2)c(-c2cncc(C(N)=O)c2)cn1,64,training
O=C(O)c1cn(Cc2ccc(N3CCOC3=O)cc2)c2cccc(F)c2c1=O,77.599998,training
CO[C@H]1CN(c2nc(C(=O)NCCN3CCOCC3)c(C(=O)O)s2)CC[C@H]1NC(=O)c1[nH]c(C)c(Cl)c1Cl,94.599998,training
CCOc1ccc(F)c(C(Nc2ccc3c(N)nccc3c2)C(=O)N2CCC[C@@H]2c2cc(NC(=O)OC)ccc2S(=O)(=O)C(C)C)c1,96.800003,training
CC(C)Oc1cc(Nc2nc(N[C@@H](C)c3ccc(F)cn3)ncc2Cl)[nH]n1,93.099998,training
Cc1cc(Oc2cccc(Cn3ccnc3)c2)cc(C)c1Cl,99.800003,training
CCCCc1[nH]c(Cl)c(CO)[n+]1Cc1ccc(-c2ccccc2-c2nnn[n-]2)cc1,99,training
Cc1nc(C(=O)N2CCOC3(CCN(Cc4ccc(Cl)cc4)CC3)C2)cs1,43,training
Cc1noc2c1-c1sc(C)c(C)c1C(c1ccc(C#N)cc1)=N[C@H]2CC(N)=O,95.900002,training
CC(=O)Nc1ccc(OC[C@@H](O)CNC(C)C)c(C(C)=O)c1,7.5,training
N#Cc1ncc(N2C(=O)C3(CCC3)N(c3ccc(C(N)=O)c(F)c3)C2=S)cc1C(F)(F)F,95,training
CCN(CC)C(=O)C1C=C2c3cccc4[nH]cc(c34)C[C@H]2N(C(=O)Nc2ccccc2)C1,99,training
COc1c(C(=O)N[C@H]2CCCC[C@@H]2O)cc(Cc2ccc(-c3cnn(C)c3)nc2)c2ccccc12,99.900002,training
Cc1cc(C2CCN(C(=O)C3CN(C(C)(C)C)C[C@H]3c3ccc(F)cc3F)CC2)n(-c2ccc(Cl)cc2)n1,89,training
C[C@@H](CO)NC(=O)c1c[nH]c2ncc(-c3nn(C)c4cc(Cl)ccc34)nc12,99.199997,training
N#Cc1cc(Cl)cc(Oc2cc(OCc3[nH]nc4nc(N)ccc34)ccc2Cl)c1,96.5,training
N#CCNC(=O)C1CCCCC1C(=O)N1CCN(c2ccc(F)cc2)CC1,61,training
CN(C)Cc1nccn1-c1ccc(NC(=O)c2cc(C(F)(F)F)nn2-c2ccc3onc(N)c3c2)c(F)c1,91.75,training
COc1ccccc1OCCCCCCN1C[C@H](O)[C@@H](O)[C@H](O)[C@H]1CO,65,training
CON=C(C(=O)NC1C(=O)N2C(C(=O)O)=CCS[C@H]12)c1csc(N)n1,29.5,training
CN1CCN(CC(=O)Nc2ccc(-c3cccc4c(=O)cc(N5CCOCC5)oc34)c3sc4ccccc4c23)CC1,96.400002,training
Cc1nc(C)c(-c2ccc(-c3ccc(CC(=O)O)cc3Cl)c(Cl)c2)nc1C(N)=O,99.699997,training
Cc1nc2sc(C(=O)NC3CC3)c(N)c2c(C)c1Cl,98.900002,training
Cc1cc(Nc2nc(N[C@@H](C)c3ccc(F)cn3)c(C#N)cc2F)[nH]n1,94.699997,training
COc1cc2nnc(C(N)=O)c(Nc3ccc(C)cc3F)c2cc1OC,96.699997,training
Cc1ccc2nc(C[N+]34CCC(CC3)[C@@H](OC(=O)[C@](C)(c3ccccc3)N3CCCCC3)C4)oc2c1,93,training
CC1NC(=O)C(N)CSSCC(C(=O)O)NC(=O)C([C@@H](C)O)NC(=O)C(C(C)C)NC(=O)C(CCCCN)NC(=O)C(Cc2c[nH]c3ccccc23)NC1=O,0.039999999,training
O=[N+]([O-])c1ccc(C2=NOC(c3ccc(N4CCSCC4)cc3)C2)o1,98.5,training
Clc1ccc([C@@]23CCC[C@@H]2CNC3)cc1Cl,96,training
CCN(CC)C(=O)c1ccc(C2=CC3(CCNCC3)Oc3cccc(O)c32)cc1,58.099998,training
C[C@@](C(=O)O[C@H]1C[N+]2(CCc3ccccc3)CCC1CC2)(c1cccs1)N1CCCCC1,99,training
CCOc1cc2ncc(C(N)=O)c(Nc3ccc(F)cc3F)c2cc1N1CCOCC1,91.599998,training
COc1cc(C)c2nc3[nH]nc(C)c3c(NC3CCOCC3)c2c1,93,training
Cc1nc(C2CCN(C(=O)C3C[C@@](C)(N)C[C@H]3c3ccc(F)cc3F)CC2)n(-c2ccc(F)c(Cl)c2)n1,79.5,training
CN1CCC2(CC1)CNC(=O)c1cc(-c3ccnc(NC(=O)c4cccc(OC(F)(F)F)c4)c3)[nH]c12,97.300003,training
C[C@H]1C(NC(=O)C(=NOC(C)(C)C(=O)O)c2csc(=N)[nH]2)C(=O)N1C(=O)NS(=O)(=O)N1C[C@@H](NC(=O)C2CCCN2C(=O)c2cc(=O)c(O)c[nH]2)CC1=O,72,training
CN1CCC(NC(=O)c2ccc(Oc3ccc(C#C[C@]4(O)CN5CCC4CC5)cc3)cc2)CC1,59,training
COc1cc2c(Nc3cc(CC(=O)Nc4cccc(F)c4)[nH]n3)ncnc2cc1OCCCN1CCC[C@@H]1CO,95,training
Cc1ccccc1NC(=O)Nc1ccc(CC(=O)N2CCOCC2C(=O)N2CCC(CC(=O)O)CC2)cc1,80,training
C[C@@H]1CN(c2nnc(C(F)(F)F)o2)CCN1c1ncc(OCc2ccncc2C#N)cn1,95.900002,training
C[N+](C)C1C(=O)C(C(=O)NCN2CCCC2)=C([O-])C2(O)C(=O)C3C(=O)c4c(O)cccc4C(C)(O)C3CC12,50,training
CCC1NC(=O)C(NC(=O)c2ncccc2[O-])C(C)OC(=O)C(c2ccccc2)NC(=O)C2CC(=O)C(CSC3C[N+]4CCC3CC4)CN2C(=O)C(Cc2ccc(N(C)C)cc2)N(C)C(=O)C2CCCN2C1=O,66.5,training
N#Cc1cc(Cl)cc(-c2cc(-c3ccc(F)cn3)ncn2)c1,98,training
CCc1ccc(C=CC(=O)N=C2NCCS2)cc1,96.599998,training
CO[C@H]1/C=C/O[C@@]2(C)Oc3c(C)c(O)c4c(O)c(c5c(nc6cc(C)ccn65)c4c3C2=O)NC(=O)C(C)=CC=CC(C)[C@H](O)[C@@H](C)[C@@H](O)[C@@H](C)[C@H](OC(C)=O)[C@@H]1C,67.5,training
COc1ccc(CNC(=O)c2cnn3c2N[C@@H](c2ccc(C)cc2)C[C@H]3C(F)(F)F)cn1,99,training
CCOC(=O)c1cnc(N2CCN(C(=O)NS(=O)(=O)c3ccc(Cl)s3)CC2)c(Cl)c1,98.5,training
CC1(C)CC(c2ccc(OC3CCN(C4CCC4)CC3)cc2)=NNC1=O,50,training
CCNC(=O)Nc1cc(-c2nc(C(F)(F)F)cs2)c(-c2cncc(-c3nc(=O)o[nH]3)c2)cn1,98.900002,training
CCc1ccc(Nc2cc(C)nc3ncnn23)cc1,88,training
Nc1nc2c(c(N3CCNCC3)n1)CCCCC2c1ccccc1,59,training
CC(=O)N1CCN([C@H]2CCN(C(=O)N(C)[C@H](C)c3cc(C(F)(F)F)cc(C(F)(F)F)c3)[C@@H](c3ccc(F)cc3C)C2)CC1,99.5,training
CCOc1nc2cccc(C(=O)O)c2n1Cc1ccc(-c2ccccc2-c2nc(=O)o[nH]2)cc1,99,training
CNCCN1CCCc2cc(N=C(N)c3cccs3)ccc21,40,training
Cn1ncnc1[C@H]1c2n[nH]c(=O)c3cc(F)cc(c23)N[C@@H]1c1ccc(F)cc1,78.699997,training
C=CC(=O)N1CCC[C@@H](n2nc(-c3ccc(Oc4ccccc4)cc3)c3c(N)ncnc32)C1,97.150002,training
C#Cc1ccc(Nc2cc(C)nc3ncnn23)cc1,81.800003,training
C#C[C@]1(O)CC[C@H]2[C@@H]3CCC4=CC(=NO)CC[C@@H]4[C@H]3CC[C@@]21CC,97,training
CCOC(=O)C(c1c(O)c2ccccc2oc1=O)c1c(O)c2ccccc2oc1=O,90,training
CN(C)CCN1CCn2c(c(C3CCCCC3)c3ccc(C(=O)O)cc32)-c2ccccc2C1,97,training
CN(C)c1cc(NC(=O)CNC(C)(C)C)c(O)c2c1C[C@H]1C[C@H]3C(N(C)C)C(=O)C(C(N)=O)C(=O)[C@@]3(O)C(=O)C1C2=O,87.650002,training
O=c1[nH]ccc2c(Nc3c(F)cc(F)cc3Cl)nc3ccncc3c12,95.199997,training
CC1(C)OC(=O)N(C2CCC(n3c(=O)[nH]c4cc(C#N)c(F)cc43)CC2)[C@H]1c1ccccc1,95.900002,training
Cc1ccc([C@H]2C[C@@H](C(F)(F)F)n3ncc(C(=O)NCc4ccc(F)cc4)c3N2)o1,99,training
O=C(O)c1cc(CN2CCC(c3nc4ccccc4[nH]3)CC2)c2ccccn2c1=O,82,training
O=C(c1nccc2[nH]cnc12)N1CCC(F)(F)[C@@H](Oc2ccc3ccccc3n2)C1,80,training
N#Cc1cnn2c(NC3CC3)cc(-n3ccc4ccc(CO)cc43)nc12,98.099998,training
Cc1cc(Cl)nc(C)c1C(=O)NCC[C@@H](C)N1CCC(N(Cc2ccsc2)C(=O)CC2CCOCC2)CC1,20,training
Cc1nc(C)c(C)nc1C,56.200001,training
O=C(Cc1cccs1)NC1C(=O)N2C(C(=O)O)=C(C[n+]3[c-]cccc3)CSC12,20,training
O=C(O)C=Cc1ccc(NC(=O)C2(NC(=O)c3ccc4c(c3)nc(-c3ccccn3)n4C3CCCCC3)CCCC2)cc1,87.599998,training
Cc1nnc2n1-c1ccc(Cl)cc1C(c1ccccc1)=NC2,80,training
Nc1nc2ccc(-c3cncc(NS(=O)(=O)c4ccc(Cl)cc4)c3)cn2n1,99,training
Cc1c(F)cc(C(=O)NC2CC2)cc1-c1ccn2c(C(C)(C)C)nnc2c1,84,training
O=C(Nc1ccc(F)c(F)c1)N1CCC2(CC1)C(=O)N(c1cccc(Cl)c1)C2c1ccccn1,99.900002,training
CC[C@H](C)C1NC(=O)C(Cc2ccc(O)cc2)NC(=O)C(N)CSSCC(C(=O)O)NC(=O)CNC(=O)C(CC(C)C)NC(=O)C2CCCN2C(=O)C(CC(N)=O)NC(=O)C(CCC(N)=O)NC1=O,0.5,training
COc1ccc(Cl)cc1C(=O)NCCc1ccc(S(=O)(O)=NC(=O)NC2CCCCC2)cc1,80,training
C[C@@](C(=O)O[C@H]1C[N+]2(CCc3cccc(F)c3)CCC1CC2)(c1cccs1)N1CCCCC1,99.099998,training
COCCOc1ccc(-c2ccc(COc3ncccc3C(N)=O)nc2)c(C)c1,95.800003,training
CCC(CC)O[C@@H]1C=C(C(=O)O)C[C@H](N=C(C)N)[C@H]1NC(C)=O,3.7,training
C[C@@H]1CCO[C@H]2Cn3cc(C(=O)NCc4ccc(F)cc4F)c(=O)c(O)c3C(=O)N12,99.014999,training
CC(C)(ON=C(C(=O)NC1CN(C(=O)NS(=O)(=O)N2CCN(NC(=O)c3cc(=O)c(O)c[nH]3)C2=O)C1=O)c1csc(N)n1)C(=O)O,71,training
COc1ccc([C@H](C)NC(=O)COc2cc(C(F)(F)F)c3c(-c4ccccc4)nn(C)c3n2)cc1,99,training
Cc1c(C)c2c(c(C)c1O)CCC(C)(COc1ccc(Cc3sc(=O)[nH]c3O)cc1)O2,99,training
CC12C=CC(=O)C=C1CCC1C2C(O)CC2(C)C1CCC2(O)C(=O)CO,89,training
CO[C@H]1CN(c2nc(C(N)=O)c(C(=O)O)s2)CC[C@H]1NC(=O)c1[nH]c(C)c(Cl)c1Cl,95.699997,training
C=CCN1CC[C@]23c4c5ccc(O)c4OC2C(=O)CC[C@@]3(O)[C@H]1C5,45,training
O=C1COCCN1c1ccc(CO[C@@H]2COc3nc([N+](=O)[O-])cn3C2)cn1,27.9,training
CC(C)[C@]1(C)CC(=O)N(Cc2cc(F)cc(C(=O)N[C@@H](C)c3ccccc3)c2)C(N)=N1,94.199997,training
O=C(Nc1ccc(S(=O)(=O)Nc2ccccc2Cl)cc1)c1nccs1,99.900002,training
C=CC(=O)Nc1cc(Nc2nccc(-c3cn(C)c4ccccc34)n2)c(OC)cc1N(C)CCN(C)C,97.099998,training
CC(C)CC1NC(=O)C(CCCCN)NC(=O)C(N)CSSCC(C(=O)O)NC(=O)C([C@@H](C)O)NC(=O)C(CCCCN)NC(=O)C(CCCCN)NC(=O)C(CC(C)C)NC1=O,0,training
COc1c(C(=O)N[C@H]2CCCC[C@@H]2O)cc(Cc2ccc(-c3cccnc3)nc2)c2ccccc12,99.400002,training
CN(C)C1C(=O)C(C(=O)NC[N+]2CCCC2)C(=O)C2(O)C([O-])=C3C(=O)c4c(O)cccc4C(C)(O)C3CC12,50,training
N=C(N)[N]CCCC1NC(=O)C2CCCN2C(=O)C(CC(N)=O)NC(=O)C(CCC(N)=O)NC(=O)C(Cc2ccccc2)NC(=O)C(Cc2ccc(O)cc2)NC(=O)C(N)CSSCC(C(=O)O)NC(=O)CNC1=O,24.200001,training
CCc1c(CCN2CC(C(=O)O)C2)cccc1-c1nsc(-c2ccc(OC(C)C)c(C(F)(F)F)c2)n1,99.75,training
O=C(Nc1nc(-c2cccc(C(F)(F)F)c2F)cs1)c1cnc(N2CCC(C(=O)O)CC2)c(Cl)c1,99.5,training
CO[C@@H]1C[C@@H](c2nc(C(=O)NCc3ccc(F)cc3)c(O)c(=O)n2C)N(C)C1,75,training
CCNC(=O)C1CCCN1C(=O)C(CCC[N]C(=N)N)NC(=O)C(CC(C)C)NC(=O)C(COC(C)(C)C)NC(=O)C(Cc1ccc(O)cc1)NC(=O)C(CO)NC(=O)C(Cc1c[nH]c2ccccc12)NC(=O)C(Cc1c[nH]cn1)NC(=O)C1CCC(=O)N1,15,training
CCOc1cc(NC(=O)C2(NC(=O)c3ccc4c(C5CCCC5)c(-c5ncc(Cl)cn5)n(C)c4c3)CCC2)ccc1C=CC(=O)O,99.599998,training
Cc1nn(C)c(CNC(C)C)c1NC(=O)OCC(Oc1cccc2sc(C(=N)N)cc12)c1ccccc1,96,training
N#Cc1ccc(NCC(F)(F)c2ccccn2)c(F)c1CC(=O)NCc1ccc(N)nc1,85,training
CCCC(C)C1(CC)C(=O)NC(=O)NC1=O,61,training
CCn1c(C(=O)N(C2CC2)C2CC2)cc2c3c(ncn3C)c(Nc3nc(C)c(C)s3)nc21,99,training
CCC(=O)N1CCC(NC(=O)Nc2ccc(OC(F)(F)F)cc2)CC1,79,training
Cc1nc(C2CCN(C(=O)C3C[C@@](C)(N(C)C)C[C@H]3c3ccc(F)cc3F)CC2)n(-c2ccc(F)c(Cl)c2)n1,68,training
COC(=O)C(c1ccccc1)[C@H]1CCCCN1,18,training
COC(=O)CNC(=O)C(C)c1ccc(CC(C)C)cc1,24,training
OC[C@@H]1[C@@H](O)[C@H](O)[C@@H](O)CN1CCCCCCOc1cccc(F)c1,78,training
O=C(O)C[C@H](NC(=O)Cn1c(C2CC2)ccc(NCc2ccc3c(n2)NCCC3)c1=O)c1cccc(F)c1,99.400002,training
COCCOc1ccc(N(Cc2cnccc2C)C2CCN([C@H](C)CCNC(=O)c3c(C)cc(F)nc3C)CC2)cc1,81,training
Nc1ncnc2c1C(=O)N(c1ccc(-c3ccc(CC(=O)N4CC[C@@H](O)C4)cc3Cl)cc1)CCO2,75.900002,training
CC1=NS(=O)(=O)c2cc(Cl)ccc2N1,92,training
O=C(NC[C@@H](O)CN1CCC(Oc2ccc(Cl)c(Cl)c2)CC1)c1c[nH]nc1C(F)(F)F,98,training
Nc1nc2c(c(N3CCNCC3)n1)Cc1ccccc1-2,28,training
COC[C@@H](C)n1c(C)c(C(=O)NCc2c(C)cc(C)[nH]c2=O)c2ccccc21,91,training
Cc1cc(C2CCN(C(=O)C3CN(C(C)(C)C)C[C@H]3c3ccc(F)cc3F)CC2)n(-c2cc(Cl)ccc2Cl)n1,89,training
COc1cc(CC2c3c(cc(OC)c(OC)c3OC)CC[N+]2(C)CCCOC(=O)CCC(=O)OCCC[N+]2(C)CCc3cc(OC)c(OC)c(OC)c3C2Cc2cc(OC)c(OC)c(OC)c2)cc(OC)c1OC,31,training
O=C(O)c1cc(Cc2ccc(-c3ccccn3)cc2)c2ccccn2c1=O,100,training
CS(=O)(=O)CCNCc1ccc(-c2ccc3ncnc(Nc4ccc(OCc5cccc(F)c5)c(Cl)c4)c3c2)o1,99,training
N#Cc1ccc(NCC(F)(F)c2cccc(F)c2)c(F)c1CC(=O)NCCON=C(N)N,85,training
COc1ccc(Nc2nc(-c3cccc(C(=O)Nc4ccc(C(=O)O)cc4)c3)nc3scnc23)cc1OC,99.059998,training
Cc1ccc(CNC(=O)c2nn(-c3ccc(F)cc3)c(CC[C@@H](O)C[C@@H](O)CC(=O)O)c2C(C)C)cc1,94.900002,training
C[C@@H](Nc1cc(F)cc(F)c1)c1cc(C(=O)N(C)C)cc2c(=O)cc(N3CCOCC3)oc12,81,training
CCOC(=O)c1cc(C#N)c(N2CCN(C(=O)NS(=O)(=O)c3ccc(Cl)s3)C(CCC(=O)O)C2)nc1C(F)(F)F,98.5,training
Cc1cc(CCC[N+]23CCC(CC2)[C@@H](OC(=O)[C@](C)(c2ccccc2)N2CCCCC2)C3)ccn1,23.1,training
CN[C@@H]1CCc2[nH]c3ccc(C(N)=O)cc3c2C1,15,training
CN(Cc1ccc(-c2ccc(N3CCOc4ncnc(N)c4C3=O)cc2)c(Cl)c1)S(C)(=O)=O,91.400002,training
Cc1noc2c1-c1sc(C)c(C)c1C(c1ccc(N)nc1)=N[C@H]2CC(N)=O,99.400002,training
NCC1(CC(=O)O)CCCCC1,3,training
O=C(NCc1ccc(S(=O)(=O)c2ccc(N3CCOCC3)nc2)cc1)c1cnc2nccn2c1,97.199997,training
C[C@H]1C(NC(=O)C(=NOC(C)(C)C(=O)O)c2csc(N)n2)C(=O)N1C(=O)NS(=O)(=O)N1C[C@@H](NC(=O)N(C)Cc2cc(=O)c(O)cn2O)CC1=O,74,training
CNC(=O)c1nn(C)c2c1CCc1cnc(NC3CCN(C(=O)C4CCN(S(C)(=O)=O)CC4)CC3)nc1-2,69,training
C[C@@](C(=O)O[C@H]1C[N+]2(CCCc3nc4ccccc4o3)CCC1CC2)(c1ccccc1)N1CCCCC1,86.800003,training
CN1CCC[C@@H]1Cc1c[nH]c2cc(CCS(=O)(=O)c3ccccc3)ccc12,85,training
CC(c1ncncc1F)[C@](O)(Cn1cncn1)c1ccc(F)cc1F,58,training
COc1cc2nnc(C(N)=O)c(Nc3cccc(Cl)c3Cl)c2cc1OC,98.800003,training
CC(C)(C)C(=O)OCOP(=O)(COCCn1cnc2c(N)ncnc21)OCOC(=O)C(C)(C)C,4,training
CCOc1cc2ncc(C(N)=O)c(Nc3ccc(F)cc3F)c2cc1N1CCC(O)CC1,91.099998,training
Cn1cnc(S(=O)(=O)N2C[C@@H]3[C@H](C2)C3(CNC(=O)c2ccc(Cl)c(Cl)c2)CC2CC2)c1,98,training
C[N]C(=NC)NCc1ccccc1,10,training
C[C@@](CCn1ccc(-c2ccccc2)cc1=O)(C(O)=NO)S(C)(=O)=O,86,training
Cn1nc(-c2ccncc2)cc1NC(=O)C(Cc1ccccc1)NCC(=O)O,84,training
CCc1ccc(-n2c(Cl)cc3[nH]c(=O)c(-c4ccccc4)c(O)c32)cc1,99.800003,training
OCCN1CCN(CC/C=C2/c3ccccc3Sc3ccc(Cl)cc32)CC1,98,training
C[C@H](NCc1c(C(=O)N[C@@H]2CCC[C@H](O)C2)noc1-c1ccc(C(F)(F)F)cc1)C(F)(F)F,95.199997,training
CCOC(=O)CC(NC(=O)C1CCn2c(C(=O)c3ccccc3)ccc21)C(=O)OCC,45,training
CC(C)N1CC(c2nc(C(=O)NCc3ccc(F)cc3)c(O)c3ncccc23)CC1=O,97.800003,training
COc1cc2ncc(C(N)=O)c(Nc3ccc(F)cc3F)c2cc1N1CCN(C)CC1,75,training
Cc1cn(Cc2ccc(Cl)cc2Cl)c2c(-c3nnc(NS(=O)(=O)c4ccc(Cl)c(Cl)c4)o3)cc(F)cc12,97.199997,training
C=CC(=O)Nc1cc(Nc2ncc(C)c(-c3cn(C)c4ccccc34)n2)c(OC)cc1N(C)CCN(C)C,92.5,training
CCOc1cc2ncc(C(N)=O)c(Nc3cccc(Cl)c3Cl)c2cc1N1CCN(CCO)CC1,95.199997,training
CC(C)C(=O)N1CCC(NC(=O)Nc2ccc(C(F)(F)F)cc2)CC1,85,training
CCOc1ccc(N2CCN(c3noc(C4(NC(C)=O)CCC4)n3)[C@@H](C)C2)c(C)c1,98.599998,training
Cc1cc(-n2cnc3ccc(N[C@@H](C)c4ncc(F)cn4)nc32)[nH]n1,61,training
Cc1cccc2nc(C(=O)NC3CCC(NC(=O)c4cc(F)cnc4Oc4cccc(-c5ccc(CN6CCC(N7CCCC7)CC6)cc5)c4)CC3)cn12,98,training
CC(=O)N(CC(O)CO)c1c(I)c(C(=O)NCC(O)CO)c(I)c(C(=O)NCC(O)CO)c1I,5,training
CONC(=O)Nc1ccc(-c2sc3c(c2CN(C)C)c(=O)n(-c2ccc(OC)nn2)c(=O)n3Cc2c(F)cccc2F)cc1,71,training
CCNC(=O)Nc1nc2cc(-c3ccc4nnnn4c3)c(=O)n(C(C)C)c2s1,82,training
Cc1ccc(NC(=O)c2cccc(N(C)C)c2)cc1NC(=O)c1ccc(OC(C)C)cc1,99,training
Cc1nc(N)ccc1CNC(=O)Cn1c(C)cc2c(c1=O)NCN(CC1CC1)S2(=O)=O,25,training
CC1CN2c3c(cc4c(C5CC5)noc4c3F)CC3(C(=O)NC(=O)NC3=O)C2C(C)O1,94.800003,training
CN(C)CC(=O)N1CCn2c(c(C3CCCCC3)c3ccc(C(=O)O)cc32)-c2ccc(F)cc2C1,98,training
C[C@@H](Nc1cccc(Cl)c1F)c1cc(C(=O)N(C)C)cc2c(=O)cc(N3CCOCC3)oc12,85,training
O=[N+]([O-])c1ccc2c(ccn2-c2ccc(O[C@H]3O[C@H](CO)[C@@H](O)[C@H](O)[C@@H]3O)c(Cl)c2)c1,99,training
O=C(Nc1cc(-c2cc3c([nH]2)C2(CCNC2)CNC3=O)ccn1)c1cccc(OC(F)(F)F)c1,98.300003,training
COc1ccc(CCN(C)CCC[C@@](C#N)(c2ccc(OC)c(OC)c2)C(C)C)cc1OC,90,training
C[C@@H](O)c1nc2cnc3[nH]ccc3c2n1C1CCC(CC#N)CC1,63,training
CC(=O)OC1=C2C(C)[C@@H](OC(=O)C(O)C(NC(=O)c3ccccc3)c3ccccc3)C[C@@](O)([C@@H](OC(=O)c3ccccc3)[C@@H]3[C@]4(OC(C)=O)CO[C@@H]4C[C@H](O)[C@@]3(C)C1=O)C2(C)C,93.5,training
CCO[C@@H](CC(=O)O)c1ccc(O[C@@H]2CCc3c2cccc3C(F)(F)F)cc1,99.199997,training
C=C1CC[C@@]2(O)[C@H]3Cc4ccc(O)c5c4[C@@]2(CCN3CC2CC2)[C@H]1O5,41.5,training
Cc1nc2cnc3[nH]ccc3c2n1[C@@H]1CCC[C@@H](O)C1,40,training
COc1ccc(CNC(=O)c2cc(-c3cncc(C)c3)ncc2-c2nccs2)nc1OC,96,training
Cc1cc(C2CCN(C(=O)C3C[C@@](C)(N(C)C)C[C@H]3c3ccc(F)cc3F)CC2)n(-c2cc(Cl)ccc2Cl)n1,91.300003,training
OC1(Cc2ccc3c(c2)OCO3)c2ccccc2C2=NCCN21,90,training
O=C(O)C1(Sc2ccnc3ccc(Br)cc23)CCC1,98.699997,training
Cc1cc(=O)n(-c2ccccc2)[nH]1,92,training
N=C1Nc2ccccc2C(c2ccccc2)=NC1c1cccs1,98,training
Cc1c(COC(=O)C2C(/C=C(\Cl)C(F)(F)F)C2(C)C)cccc1-c1ccccc1,99.5,training
C[C@H]1C(NC(=O)C(=NOC(C)(C)C(=O)O)c2csc(N)n2)C(=O)N1C(=O)NS(=O)(=O)NCc1cc(=O)c(O)c[nH]1,39,training
CCNC(=O)Nc1nc2cc(-c3cccnc3)c(=O)n(CC(F)F)c2s1,79,training
Nc1nc(CC(=O)Nc2ccc(CCNC[C@H](O)c3ccccc3)cc2)cs1,71,training
C=CC(=O)Nc1ccc(S(=O)(=O)N2CCN(C(=O)C34CC5CC(CC(C5)C3)C4)CC2)cc1,98,training
CC(C)(CO)NC(=O)c1c[nH]c2ncc(-c3nn(CCCS(C)(=O)=O)c4cc(F)ccc34)nc12,93.5,training
CN1CCN(c2ccc(C3CC(c4ccc([N+](=O)[O-])o4)=NO3)cc2)C(=O)C1,57.400002,training
CO[C@H]1CN(c2nc(-c3csc(N)n3)c(C(=O)O)s2)CC[C@H]1NC(=O)c1[nH]c(C)c(Cl)c1Cl,99,training
CN(C)C(=O)CN1CC(c2nc(C(=O)NCc3ccc(F)cc3)c(O)c3ncccc23)CC1=O,94.800003,training
CC(=O)N1CCN(CCOc2ccc(-c3cccc4c(=O)cc(N5CCOCC5)oc34)c3sc4ccccc4c23)CC1,99.510002,training
Cc1nc(C2CCN(C(=O)C3C[C@@H](N(C)C)C[C@H]3c3ccc(F)cc3F)CC2)n(-c2ccc(Cl)c(C)c2)n1,78,training
Cc1cc2ncc(-c3ccc4cc(CCN5CCC[C@H]5C)ccc4n3)c(C)n2n1,64,training
N#Cc1ccccc1-c1cc(-c2ccccn2)cn(-c2ccccc2)c1=O,95,training
COc1cc([C@@H]2c3cc4c(cc3[C@@H](O[C@@H]3O[C@@H]5CO[C@@H](C)O[C@H]5[C@H](O)[C@H]3O)[C@H]3COC(=O)C23)OCO4)cc(OC)c1O,96.5,training
COc1cc2nccc(Oc3ccc(NC(=O)C4(C(=O)Nc5ccc(F)cc5)CC4)cc3)c2cc1OC,99.699997,training
CC(=O)NC1C(N=C([N])N)C=C(C(=O)O)OC1C(O)C(O)CO,10,training
Cn1cnc(S(=O)(=O)N2C[C@@H]3[C@H](C2)C3(CNC(=O)c2ccc(Cl)cc2)CC2CC2)c1,97,training
COc1ccc(N(C(=O)Oc2c(C)cccc2C)c2ccnc(Nc3cc(OC)c(OCCCN4CCN(C)CC4)c(OC)c3)n2)c(OC)c1,98.699997,training
S=c1[nH]c(-c2ccccc2Cl)nn1Cc1cccc(Cl)c1,99,training
COc1cnc(COc2ccc(F)c(F)c2)cc1-c1cc2c([nH]1)CCNC2=O,95.099998,training
O=C(O)c1ccc(Oc2ccc(CN3CCC(N4C(=O)N(C5CCOCC5)C[C@H]4c4ccccc4)CC3)cn2)cc1,91.800003,training
O=C(Cn1c(Cl)cnc(NCC(F)(F)c2cccc[n+]2[O-])c1=O)NCc1ncccc1Cl,41,training
CN(C)[C@@]1(C)CC(C(=O)N2CCC(c3ccnn3-c3ccc(F)c(Cl)c3)CC2)[C@@H](c2ccc(F)cc2F)C1,87.599998,training
Cn1c(=O)c(F)c(Nc2ccc(I)cc2F)c2c(=O)n(C[C@@H](O)CO)cnc21,97,training
COC(=O)N1CC2(CC2)CC(C(O)=NO)C1C(=O)N1CC=C(c2ccccc2)CC1,30,training
COc1c(C2CCN(c3ccn4c(CC5CC5)nnc4c3Cl)CC2)ccc(F)c1F,99,training
CN=C1Nc2ccccc2C(c2ccccc2)=NC1c1cccs1,99.699997,training
Cc1ccc([C@H]2C[C@@H](C(F)F)n3ncc(C(=O)NCc4ccc(F)cc4)c3N2)nc1,95.699997,training
CCc1c(CCCC(=O)O)cncc1-c1nsc(-c2ccc(OC(C)C)c(C(F)(F)F)c2)n1,99.879997,training
CC(C)(C)NC(=O)c1c[nH]c2ncc(-c3ncn4c3CCCC4)nc12,96,training
O=C(O[C@H]1C[N+]2(CCc3ccccc3)CCC1CC2)C1(C2=CC=CC2)CCCCCC1,99.300003,training
COc1ccc(NC(=O)C(C)Nc2nc(=O)c3cnn(-c4ccccc4Cl)c3[nH]2)cc1,94.300003,training
CO[C@H]1CN(c2nc(C(=O)NC3COC(C)(C)OC3)c(C(=O)O)s2)CC[C@H]1NC(=O)c1[nH]c(C)c(Cl)c1Cl,96.400002,training
NCCC(O)C(=O)N[C@@H]1C[C@H](N)[C@@H](O[C@H]2O[C@H](CN)[C@@H](O)[C@H](O)[C@H]2O)[C@H](O)[C@H]1O[C@H]1O[C@H](CO)[C@@H](O)[C@H](N)[C@H]1O,6,training
COc1cc2c(cc1Nc1ncc(Cl)c(Nc3ccc(N4CCOCC4)cc3OC)n1)CCN(CC(=O)N(C)C)CC2,97.199997,training
CN1CCSCC1c1nc(C(=O)NCc2ccc(F)cc2)c(O)c(=O)n1C,83,training
CN1Cc2cccc(Oc3ncccc3NC(=O)Nc3ccc(OC(F)(F)F)cc3)c2C1C(C)(C)C,99.699997,training
O=C(Nc1ccc2c(ccn2-c2ccc(O[C@H]3O[C@H](CO)[C@@H](O)[C@H](O)[C@@H]3O)c(Cl)c2)c1)c1ccc(Cl)cc1,99,training
CN(C)C(=O)Oc1cccc([N+](C)(C)C)c1,10,training
Cc1ccc(/C(=C\CN2CCCC2)c2ccccn2)cc1,90,training
C[C@H](CO)Nc1nc(SCc2cccc(F)c2F)nc2nc(N)sc12,97.400002,training
C[C@@](C(=O)O[C@H]1C[N+]2(CCc3cccc(F)c3)CCC1CC2)(c1ccccc1)N1CCCCC1,93.099998,training
Cn1c(N)c(NC(=O)NCC[N+])c[n+]1CC1=C(C(=O)[O-])N2C(=O)C(=NC(=O)C(NOC(C)(C)C(=O)[O-])c3nsc(N)n3)C2SC1,18,training
C[C@H]1C(NC(=O)C(=NOC(C)(C)C(=O)O)c2csc(=N)[nH]2)C(=O)N1C(=O)NS(=O)(=O)N1N=C(c2cc(=O)cc(O)[nH]2)NCC1=O,84,training
CC(=O)N1CCN(c2ccc(CN(C3CCC3)S(=O)(=O)Cc3ccccc3)cc2)CC1,94,training
Cc1noc2cc(N3CCN(C(=O)C4CCCCC4C(=O)NC4(C#N)CC4)[C@H](C)C3)ccc12,80,training
CN1C[C@H](O)C[C@H]1c1nc(C(=O)NCc2ccc(F)cc2)c(O)c(=O)n1C,72,training
Nc1ncc(C(=O)NC2CN(C(=O)C3CC3)C2)c2ccc(-c3cccc(F)c3)nc12,97.800003,training
O=C(Nc1ccc(Cl)c(Cl)c1)N1CCN(C[C@@H]2CCCN(C3CC3)C2)CC1,95,training
CNC1(C)C2CCC(C2)C1(C)C,40,training
CS(=O)(=O)c1ccc(-c2cnc(N)c(-c3ccc(C(F)(F)F)c(F)c3)c2)cc1,94.800003,training
CC(C)C(=O)OCC(=O)[C@@]12OC(C3CCCCC3)O[C@@H]1C[C@H]1[C@@H]3CC=C4CC(=O)C=C[C@]4(C)[C@H]3[C@@H](O)C[C@@]12C,99,training
C[C@H]1O[C@@H](n2cnc3c(N)nc(OC4CCC(C(F)(F)F)CC4)nc32)[C@H](O)[C@@H]1O,80,training
CC(=O)Nc1ccc(Oc2cncc3sc(C(N)=O)cc23)cc1,91,training
Cn1cc(C(=O)Nc2ccc(-c3ccccc3)c(C(F)(F)F)c2)c(=O)c2ccc(CCO)cc21,92.699997,training
O=C(O)C1C[C@H](Cc2cccc(F)c2)CN1,27,training
COc1ccc(C(=O)O[C@@H](Cc2c(Cl)c[n+]([O-])cc2Cl)c2ccc(OC(F)F)c(OCC3CC3)c2)cc1NS(C)(=O)=O,99.75,training
Cn1c(=O)cc(Nc2cc(C(=O)NC3CC3)ccc2Cl)c2cnn(-c3ccc(F)cc3F)c21,96,training
Cc1cc(Nc2ccc(C(F)(F)F)cc2)n2ncnc2n1,86.900002,training
Cc1ccc(-c2cc(C(F)(F)F)[nH]n2)cc1NC(=O)c1ccc(OCc2ccccn2)cc1,99,training
C[C@H](CCC(=O)O)[C@H]1CC[C@H]2[C@@H]3CC[C@@H]4C[C@H](O)CC[C@]4(C)[C@H]3C[C@H](O)[C@]12C,98,training
CNC(C)C(=O)NC1CCC[C@H]2C[C@H]3CCN(CC(C)c4ccccc4)C[C@H]3N2C1=O,82,training
CCOc1cc([C@@H](CS(C)(=O)=O)N2C(=O)c3cccc(NC(C)=O)c3C2=O)ccc1OC,68,training
CC(C)(C)CN1CCC(c2ccccc2Oc2ncccc2NC(=O)Nc2ccc(OC(F)(F)F)cc2)CC1,99.900002,training
COc1cc(-c2cnc3[nH]cc(C(=O)NC(C)C)c3n2)cc(OC)c1OC,99,training
COCCOc1cnc2ccc([C@H](C)n3nnc4ccn(-c5ccc(F)c(F)c5)c(=O)c43)cc2c1,95.599998,training
CN=C1Nc2ncccc2C(c2ccccc2)=NC1c1cccs1,95.900002,training
NC(=O)CN1C(=O)C(NC(=O)c2cc3cc(Cl)sc3[nH]2)Cc2ccccc21,0.38,training
CNS(=O)(=O)c1ccc(-c2ccc(O[C@H]3O[C@H](CO)[C@@H](O)[C@H](O)[C@@H]3O)cc2)cc1,99,training
Cc1ccc(/N=C/N(C)/C=N/c2ccc(C)cc2C)c(C)c1,99.5,training
CC(C)(ON=C(C(=O)NC1C(=O)N(C(=O)NS(=O)(=O)N2C[C@@H](NC(=O)NCc3cc(=O)c(O)cn3O)CC2=O)C1(C)C)c1csc(N)n1)C(=O)O,77,training
O=[N+]([O-])c1ccc(C2=NOC(c3ccc(N4CCOCC4)cc3)C2)o1,96.199997,training
CNC(C)C(=O)NC(C(=O)N1CC[C@H]2CCN(CCc3ccccc3)C[C@H]21)C1CCCCC1,94.300003,training
CCC1OC(=O)C(C)C(OC2CC(C)(OC)C(O)C(C)O2)C(C)C(OC2OC(C)CC(N(C)C)C2O)C(C)(O)CC(C)C(N)C(C)C(O)C1(C)O,22,training
CCOC(=O)c1c(CSc2ccccc2)n(C)c2cc(Br)c([O-])c(C[N+](C)C)c12,90.549995,training
N[C@@H]1c2cccnc2[C@H](OC(=O)N2CCC(n3c(=O)[nH]c4ncccc43)CC2)CC[C@H]1c1cccc(F)c1F,93.099998,training
CCCCOC(=O)C(C)c1ccc(CC(C)C)cc1,35,training
Cc1nc(Nc2ccc(C(=O)O)cc2)ncc1CN1CCC(N2C(=O)N(C3CCOCC3)C[C@H]2c2cccc(Cl)c2)CC1,89,training
O=C(Oc1coc(CSc2ncccn2)cc1=O)c1ccc([N+](=O)[O-])cc1,99.099998,training
OCc1cc([C@@H](O)CNCCCCCCOCCOCc2c(Cl)cccc2Cl)ccc1O,93.950005,training
CC(C)(C)NC(=O)c1c[nH]c2ncc(-c3nn(CCCS(C)(=O)=O)c4ccc(OC(F)F)cc34)nc12,99.300003,training
Cn1nc(-c2cnc3[nH]cc(C(=O)NC4(C)CC(N)C4)c3n2)c2ccc(F)cc21,92,training
CCCCCCCC(=O)N[C@H](CN1CCCC1)[C@H](O)c1ccc2c(c1)OCCO2,79.5,training
O=C(CN1C(=O)C2(CCCC2)NC[C@H]1c1cc(F)cc(F)c1)Nc1ccc2c(c1)C[C@@]1(C2)C(=O)Nc2ncccc21,90.599998,training
O=C(CN1C(=O)C(NC(=O)c2cc3cc(Cl)sc3[nH]2)Cc2ccccc21)NCCO,0.97000003,training
COc1ccc(N(Cc2cccc(C#N)n2)C2CCN([C@H](C)CCNC(=O)c3c(C)cc(F)nc3C)CC2)cc1,79,training
COC(=O)C1C=C2CC(=O)CC[C@]2(C)[C@@]23O[C@@H]2C[C@@]2(C)[C@@H](CC[C@@]24CCC(=O)O4)[C@H]13,50,training
O=C(NC1Cc2ccccc2N(CC(CO)CO)C1=O)c1cc2cc(Cl)ccc2[nH]1,0.20999999,training
CNC(=O)c1cccc2c1[NH+]c1c(C)cccc1C2=Nc1ccc(N=S(C)(=O)[O-])cc1OC,99.75,training
COc1ccc(-c2ccc(S(=O)(=O)NC(C(=O)O)C3CCCC(N(Cc4ccccc4)C(C)=O)C3)cc2)cc1,99.400002,training
Cc1cnc(NCC(F)(F)c2ccccc2)c(=O)n1CC(=O)NCCON=C(N)N,67,training
COc1ccc(Oc2cncc3sc(C(N)=O)cc23)cc1,93.599998,training
CC(C)c1ncc([C@@H](CCCCCCc2ccc3c(n2)NCCC3)CC(=O)O)cn1,99,training
COc1cc2c(Nc3ncc(CC(=O)Nc4cccc(F)c4)s3)ncnc2cc1OCCCN1CCC(CO)CC1,98,training
O=C(Nc1c[nH]nc1-c1nc2cc(CN3CCOCC3)ccc2[nH]1)c1ccc(F)cc1,99.5,training
O=[N+]([O-])c1ccc(C2=NOC(c3ccc(N4CCOCC4)c(F)c3)C2)o1,93.400002,training
COC(=O)N(CC(=O)O)Cc1cc(OCc2nc(-c3ccc(Cl)cc3)oc2C)ccc1F,99.5,training
Cc1nc2cc(C(=O)N3CCC4(CC3)CC(=O)c3c(cnn3C(C)C)C4)ccc2[nH]1,98.699997,training
Cc1cc(NC(=O)c2cnn3cccnc23)n(-c2cccc(Cl)c2)n1,95.800003,training
COC1COC2(CN(c3ncc(C(=O)O)s3)CC[C@H]2NC(=O)c2[nH]c(C)c(Cl)c2Cl)OC1,94.699997,training
CO[C@H]1CN(c2nc(C(=O)O)cs2)CC[C@H]1NC(=O)c1[nH]c(C)c(Cl)c1Cl,97.800003,training
COc1cc(F)ccc1Cn1ccc2c3c(ncc21)C(=O)N(O)CC3,92,training
CN(C)C(=O)c1cccc(-n2sc3ccccc3c2=O)c1,48.549999,training
COC(=O)N1CC2(CC2)CC(C(O)=NO)C1C(=O)N1C=CC(c2ccccc2)CC1,70,training
Cc1nccn1CC(=O)c1ccc(-c2ccc(N3C[C@H](Cn4ccnn4)OC3=O)cc2F)cn1,75,training
C[N+]1(C)CCC(OC(=O)C(O)(c2ccccc2)C2CCCC2)C1,50.5,training
COC(=O)N(C)c1c(N)nc(-c2nn(Cc3ccccc3F)c3ncccc23)nc1N,95,training
Cc1c(Cc2ccc(=O)n(Cc3ccccc3)n2)c2ccccc2n1CC(=O)O,98,training
c1ccc(Nc2nc3c(s2)CCc2[nH]ncc2-3)nc1,99.199997,training
COc1ccc2cc(CC(=O)O)ccc2c1,99,training
c1cnc(Nc2nc3c(s2)CCc2[nH]ncc2-3)nc1,96.400002,training
O=C1CSCCN1c1ccc(CO[C@@H]2COc3nc([N+](=O)[O-])cn3C2)cn1,32.099998,training
Cn1cc(NC(=O)c2cnn3ccc(N)nc23)c(-c2cc(Cl)ccc2Cl)n1,98.5,training
Cc1c(F)c(F)c(COC(=O)C2C(/C=C(\Cl)C(F)(F)F)C2(C)C)c(F)c1F,99.5,training
Cc1c(Cl)nc(NCc2ccc3c(n2)NCCC3)c(=O)n1CC(=O)N[C@@H](CC(=O)O)c1cccc(F)c1,98.5,training
N#Cc1c(C2CC2)[nH]c(SCc2cccc(F)c2F)nc1=O,99,training
Cn1c(C(C)(C)C)nc(C(=O)NCc2ccc(F)cc2C(N)=O)c(O)c1=O,94,training
CC(=O)N(Cc1ccsc1)C1CCN([C@H](C)CCNC(=O)c2c(C)cc(Cl)nc2C)CC1,45,training
Cc1cn([C@H]2CCCN(S(=O)(=O)c3ccc(O)c(Oc4cccc(Cl)c4)c3)C2)c(=O)[nH]c1=O,99,training
CN1CCC(c2c3ccccc3cc(=O)c3sccc23)CC1,80,training
COc1cccc(OC)c1-c1cc(C(=O)NC(CC(C)C)C(=O)O)nn1-c1ccnc2cc(Cl)ccc12,49.950001,training
C#C[C@]1(O)CC[C@H]2[C@@H]3CC=C4CC(=O)CCC4[C@H]3C(=C)C[C@@]21CC,66,training
Cc1cc(N2CCC[C@@H](N)C2)c2c(n1)n(C)c(=O)n2Cc1ccccc1C#N,62,training
CC(=O)N(C)CC1CC(c2ccc(CN3CCCC3)c(Cl)c2)C1,76,training
COc1ccc(C)c2sc(NC(=O)c3ccncc3)nc12,99,training
Cc1c(CC2=NN(Cc3ccccc3)C(=O)CC2)c2cc(F)ccc2n1CC(=O)O,98,training
Cc1cn(CC(=O)c2ccc(-c3ccc(N4C[C@H](Cn5ccnn5)OC4=O)cc3F)cn2)cn1,69,training
C#C[C@]1(OC(C)=O)CC[C@H]2[C@@H]3CCC4=C[C@@H](OC(C)=O)CC[C@@H]4[C@H]3CC[C@@]21C,70,training
CC1(C)COC1c1cc2nc(-c3cnc(N)nc3)nc(N3CCOCC3)c2s1,91.300003,training
CCNC(=O)Nc1nc2cc(-c3ccc(C#N)nc3)c(=O)n(C(C)C)c2s1,96,training
CCc1c(CCN2CCC(C(=O)O)CC2)cccc1-c1nsc(-c2ccc(OC(C)C)c(C(F)(F)F)c2)n1,99.830002,training
C=CC[N+]1([C@H]2C[C@H]3[C@@H]4CC[C@H]5C[C@H](O)[C@@H](N6CCOCC6)C[C@]5(C)[C@H]4CC[C@]3(C)[C@H]2OC(C)=O)CCCC1,30,training
CNc1nccc(-c2cccnc2Oc2c(C)cc(Nc3nc4ccccc4[nH]3)c3ccccc23)n1,99.599998,training
CN1CCC(c2ccc3[nH]c(Nc4ccc(C(F)(F)F)cn4)nc3c2)CC1,86.599998,training
CCNC(=O)Nc1nc2cc(-c3cc(C)n(CC)c(=O)c3)c(=O)n(C(C)C)c2s1,93,training
C[C@@H](CO)Nc1ncc2c(n1)CN(C(=O)N[C@H](C)c1ccc(Cl)c(Cl)c1)CC2,97,training
Cc1nc(Oc2ccc(C(=O)O)cc2)ccc1CN1CCC(N2C(=O)N(C3CCOCC3)C[C@H]2c2cccc(Cl)c2)CC1,95.699997,training
CN(C)C(=O)N1CCN(Cc2ccnc(Nc3ncc(C#N)s3)c2)CC1,95.900002,training
COc1ccc(OC)c([C@@H](O)CNC(=O)CN)c1,0,training
C[C@@H]1CC[C@@H](Oc2cc(C#N)ccn2)CN1C(=O)c1ccccc1-c1ncccn1,97.199997,training
O=C(c1ccc(Cl)cc1NS(=O)(=O)c1cccc2nsnc12)N1CCCCC1,99.5,training
CS(=O)(=O)NC[C@@H]1CCC[C@@]2(S(=O)(=O)c3ccc(C(F)(F)F)cc3)c3c(F)ccc(F)c3OC[C@@H]12,98.099998,training
CCc1nc(Oc2ccc(C(=O)O)cc2)ccc1CN1CCC(N2C(=O)N(C3CCOCC3)C[C@H]2c2ccccc2)CC1,97.599998,training
NC(=O)Nc1sc(-c2ccccc2)cc1C(=O)N[C@H]1CCCNC1,92.300003,training
CCS(=O)(=O)N1CCC([C@@H](C)n2c(C)c(C(=O)NCc3c(OC)cc(C)[nH]c3=O)c3ccccc32)CC1,92,training
CC(C)(C)NC(=O)C1C[C@@H]2CCCC[C@@H]2CN1C[C@@H](O)[C@H](Cc1ccccc1)NC(=O)C(CC(N)=O)NC(=O)c1ccc2ccccc2n1,98,training
N=C(N)NCCCC(NC(=O)C1CCCN1C(=O)C1CSSCCC(=O)NC(Cc2ccc(O)cc2)C(=O)NC(Cc2ccccc2)C(=O)NC(CCC(N)=O)C(=O)NC(CC(N)=O)C(=O)N1)C(=O)NCC(N)=O,50,training
O=C(Cc1ccccc1)NC1CCN(CCCN2C(=O)COc3ccccc32)CC1,72,training
COc1cccc(OC)c1CNC(=O)c1cc2cc(C[C@@H](C)NC[C@H](O)c3ccc(O)c(CO)c3)ccc2[nH]1,90,training
O=C1OC2(c3ccc(O)cc3Oc3cc(O)ccc32)c2ccccc21,85,training
C[N+](C)(C)C[C@H](O)CC(=O)[O-],0,training
O=C(C[N+]12CCC(CC1)[C@@H](OC(=O)C1(C3=CC=CC3)CCCCCC1)C2)Nc1ncco1,85,training
CCC(CC)Nc1nc(C)c(-c2ccc(OC(F)(F)F)cc2OC)nc1OC,99.199997,training
CC(O)C(=O)N1CCC(n2c(=O)n(C)c3cnc4ccc(-c5cccc6[nH]ncc56)nc4c32)CC1,89.900002,training
CN(C)CCOc1ccc(/C(=C(/CCCl)c2ccccc2)c2ccccc2)cc1,92,training
CN1Oc2cc3c(c4cccc(c24)C1=O)[C@H](CCl)CN3C(=O)c1cc2cc(NC(=O)c3cc4ccccc4[nH]3)ccc2[nH]1,95,training
COCCOC(=O)NC1CCC(C(NS(=O)(=O)c2ccc(-c3ccc(OC)cc3)cc2)C(=O)O)CC1,94.199997,training
O=C(NC[C@@H]1CCCCN1)c1cc(OCC(F)(F)F)ccc1OCC(F)(F)F,48,training
N#Cc1ccc(NCc2cccc3cccnc23)c(F)c1CC(=O)NCCON=C(N)N,99.599998,training
CS(=O)(=O)c1ccc(-c2cnc(N)c(-c3cccc(C(F)(F)F)c3)c2)cc1,94.099998,training
Cn1c(-c2ccccn2)c(C2CCCC2)c2ccc(C(=O)NC3(C(=O)Nc4ccc(C=CC(=O)O)cc4)CCC3)cc21,99.199997,training
CCOc1ccc2ccccc2c1NC(=O)C1C(=O)N2C(C(=O)O)C(C)(C)S[C@H]12,89,training
CCOc1ccc(NC(C)=O)cc1,41.5,training
CO[C@H]1CN(c2nc(C(=O)O)c(C)s2)CC[C@H]1NC(=O)c1[nH]c(C)c(Cl)c1Cl,99.300003,training
Cc1cc2ncc(C(=O)NCC(C)(C)NCC(=O)N3CCC[C@H]3C#N)cn2n1,48.599998,training
C[C@@H]1CN2c3c(cc4c(C(F)(F)F)noc4c3F)CC3(C(=O)NC(=O)NC3=O)[C@H]2[C@H](C)O1,99,training
O=C(C1C[C@H](N2CCN(c3ncccn3)CC2)CN1)N1CCC(F)(F)C1,20,training
NC(=O)CCC1NC(=O)C(Cc2c[nH]c3ccccc23)NC(=O)C2CCCN2C(=O)C(CCC(N)=O)NC(=O)C(CC(N)=O)NC(=O)C(N)CSSCC(C(=O)O)NC1=O,0,training
CONC(=O)N(Cc1ccsc1)C1CCN([C@H](C)CCNC(=O)c2c(C)cc(Cl)nc2Cl)CC1,47,training
Cc1cc(N2CCOCC2)cc2[nH]c(-c3c(NCCc4ncn(C)c4Cl)cc[nH]c3=O)nc12,96.199997,training
C[C@H]1COCCN1c1nc(-c2ccc(Nc3cccc(=O)[nH]3)cc2)nc2c1COC2(C)C,98,training
CCCC1(C(=O)c2cc(F)c3[nH]ccc3c2)CCCN1,64,training
CCSc1ccc2c(c1)N(CCCN1CCN(C)CC1)c1ccccc1S2,60,training
C[C@@](CCn1ccc(-c2ccc(-n3nccn3)cc2)cc1=O)(C(O)=NO)S(C)(=O)=O,75,training
O=C1c2ncc(COc3ccccc3)cc2CCN1c1ccc(F)cc1,90.400002,training
CC(C)(O)c1cc(Cl)c(Nc2nc3ccncc3c3c(=O)[nH]ccc23)c(Cl)c1,97.400002,training
O=P([O-])(O)C(O)(CC1=C[N+]=CC=C1)P(=O)(O)O,24,training
Cc1cc(C2CCN(C(=O)C3CNC[C@H]3c3ccc(F)cc3F)CC2)n(-c2cc(Cl)ccc2Cl)n1,88,training
O=C(NCc1ccc(S(=O)(=O)c2ccc(N3CCOCC3)nc2)cc1)c1cc2ccncc2o1,99.5,training
CCCC(NC(C)C(=O)N1C(C(=O)O)C[C@@H]2CCCC[C@@H]21)C(=O)O,15,training
COCCOc1cc2ncc(C(N)=O)c(Nc3cc(C)ccc3F)c2cc1N1CCN(C)CC1,84,training
Cc1[nH]c(=O)c(C#N)cc1-c1ccncc1,74.5,training
Cc1cc(Nc2nc(-c3ccc(F)cc3)nc3ccccc23)[nH]n1,99,training
Cc1cc(CCC[N+]23CCC(CC2)[C@@H](OC(=O)C2(C4=CC=CC4)CCCCCC2)C3)ccn1,97,training
COc1ccc([C@H](CC(=O)O)N2CCN(CCCc3nc4c(cc3C)CCCN4)C2=O)cn1,78,training
COc1cccc2onc(NCC(C)(C)c3ccccc3)c12,99.900002,training
Cn1cncc1[C@@](N)(c1ccc(Cl)cc1)c1ccc2c(c1)c(-c1cccc(Cl)c1)cc(=O)n2C,99.339996,training
O=C(O)CN1C(=O)[C@@]2(NC(=O)N(Cc3cc(Cl)ccc3F)C2=O)c2cc(Cl)ccc21,97.699997,training
O=C(Nc1nc2cccc(-c3ccc(CN4CCOCC4)cc3)n2n1)C1CC1,71,training
Cc1cc2cc(N=C(NC#N)NC3CCCCN(CC(=O)N4CCCC4)C3=O)ccc2o1,50,training
CNC(=O)CCN1C(=O)C(NC(=O)c2cc3cc(Cl)sc3[nH]2)Cc2ccccc21,0.50999999,training
COc1ccccc1CC(c1ccccc1)N1CCNCC1,75,training
COC(=O)C1=C(C)N=C(C)C(C(=O)OCC(C)C)[C@@H]1c1ccccc1[N+](=O)[O-],99,training
CCN[C@H]1CN(CCCOC)S(=O)(=O)c2sc(S(N)(=O)=O)cc21,60,training
Fc1ccc(-c2nc(Nc3cc(C4CC4)[nH]n3)c3ccccc3n2)cc1,99,training
O=C1c2cc(CN3CCC(F)(c4ccccn4)CC3)c3ccccc3c2CN1[C@H]1CCCC[C@@H]1O,98.5,training
CONC(=O)N(Cc1ccsc1)C1CCN([C@H](C)CCNC(=O)c2c(C)cc(C(=O)NC(C)C)nc2C)CC1,58,training
Cc1c(Cc2ccc(=O)n(Cc3ccccc3)n2)c2cc(Cl)ccc2n1CC(=O)O,98,training
CN1C[C@@H]2c3ccccc3Oc3ccc(Cl)cc3[C@H]2C1,95,training
Nc1nc(F)nc2c1ncn2C1OC(CO)C(O)C1O,23.9,training
N#CC[C@H](C1CCCC1)n1cc(-c2ncnc3[nH]ccc23)cn1,97,training
Cc1cc(C(=O)O)ccc1-c1ccc(N2C(=O)N(c3cnccn3)C3(CCN(Cc4ncccc4C)CC3)C2=O)cc1,95.400002,training
Cc1n[nH]c(=O)cc1-c1ccc(OC2CCN(C3CCC3)CC2)cc1,58,training
C[C@H]1O[C@@H](n2cc(F)c(=O)[nH]c2=O)[C@H](O)[C@@H]1O,39,training
C#CC1(O)CCC2C3CC=C4CC(=O)CCC4C3CCC21C,85,training
CC(=O)Nc1ccc(CN=NC(N)=S)cc1,95,training
Cn1cnc(-c2ccccc2)c1-c1nc2c(N)ncnc2s1,94.800003,training
CCCCc1nc2cc(/C=C/C(O)=NO)ccc2n1CCN(CC)CC,83.5,training
Cn1cc(Cl)c(C(=O)N2CCN(CC(=O)c3ccc(F)cc3)CC2)n1,69,training
Cc1cnc(C(=O)NC2CCCCC/C=C\[C@@H]3C[C@@]3(C(=O)NS(=O)(=O)C3CC3)NC(=O)C3C[C@@H](Oc4nc5ccccc5c5ccccc45)CN3C2=O)cn1,97.800003,training
O=C(Nc1nc2cccc(-c3ccc(NS(=O)(=O)C4CC4)cc3)n2n1)C1CC1,90,training
COc1c(N2C[C@@H]3CCCN[C@@H]3C2)c(F)cc2c(=O)c(C(=O)O)cn(C3CC3)c12,50,training
O=C(Nc1cc(-c2cc3c([nH]2)C2(CCCNC2)CNC3=O)ccn1)c1cccc(OC(F)(F)F)c1,98.699997,training
CN(C/C=C\CN)C[C@H]1O[C@@H](n2cnc3c(N)ncnc32)[C@H](F)[C@@H]1O,27.75,training
CN[C@@H]1[C@H](O[C@@H]2[C@H](O[C@H]3[C@H](O)[C@@H](O)[C@H](N=C([N])N)[C@@H](O)[C@@H]3N=C([N])N)O[C@@H](C)[C@]2(O)C=O)O[C@@H](CO)[C@H](O)[C@H]1O,35,training
C=CCNC(=O)Nc1nc2cc(-c3cccnc3)c(=O)n(CCC(C)C)c2s1,97,training
O=C(O)C1CN(Cc2ccc(-c3noc(-c4onc(-c5ccccn5)c4C(F)(F)F)n3)cc2)C1,93.5,training
CCCCOC(=O)N1CCN(C(=O)C(CCC(=O)O)NC(=O)c2cc(N3CCC(C(=O)N4CCCC4)CC3)cc(-c3ccccc3)n2)CC1,96.300003,training
N#C[C@@H]1CC[C@H](C#N)N1C(=O)CNC1(CO)CCCC1,23,training
CCCCc1oc2ccc(NS(C)(=O)=O)cc2c1C(=O)c1ccc(OCCCN(CCCC)CCCC)cc1,98,training
Nc1ncnc2c1C(=O)N(c1ccc(-c3ccc(CN4CCC(O)C4=O)cc3Cl)cc1)CCO2,87.699997,training
COc1ccc(-c2ccc(S(=O)(=O)NC(C(=O)O)C3CCCCC3)cc2)cc1,99.699997,training
O=C1NCCc2[nH]c(-c3ccnc(-c4cnc5ccccc5c4)c3)cc21,99.699997,training
CCN(Cc1ccncc1)C(=O)C(CO)c1ccccc1,45,training
NCc1ccccc1-n1nc(C(F)(F)F)cc1C(=O)Nc1ccc(-c2ccccc2S(N)(=O)=O)cc1F,89,training
COc1ccc2ccc(=O)n(C[C@H](N)C3CCC(NCc4ncc5c(n4)NC(=O)CO5)CC3)c2c1,29,training
COCCOc1cc2c(-n3nc(-c4ccccn4)nc3N)ncnc2cc1OC,90.099998,training
COc1cc(-c2nc3n(n2)CCC[C@H]3c2ccc(F)cc2C)ccc1-n1cnc(C)c1,97.300003,training
COc1cc(C(C)=O)ccc1OCCCN1CCC(c2noc3cc(F)ccc23)CC1,95,training
COc1ccc(-c2ccn(CC[C@](C)(C(O)=NO)S(C)(=O)=O)c(=O)c2)c(F)c1,69,training
CN1CCCC1c1nc(=O)c(O)c(C(=O)NCc2ccc(F)cc2)[nH]1,97,training
CO[C@H]1CN(c2nc(-c3ncnn3C)c(C(=O)O)s2)CC[C@H]1NC(=O)c1[nH]c(C)c(Cl)c1Cl,96.800003,training
C[C@H](c1cc(C(=O)N(C)C)cc2c(=O)cc(N3CCOCC3)oc12)N(C)c1cc(F)cc(F)c1,88,training
Cc1cccc([C@@H]2CN(C3CCOCC3)C(=O)N2C2CCN(Cc3ccc(Oc4ccc(C(=O)O)cc4)nc3C)CC2)c1,95.699997,training
c1ccc2c(Nc3cc(C4CC4)[nH]n3)nc(NCC3CC3)nc2c1,99,training
O=C1CCCCN1c1ccc(CO[C@@H]2COc3nc([N+](=O)[O-])cn3C2)cn1,39.599998,training
CC(=O)Nc1ccc2ccn(-c3cc(NCCCN(C)C)n4ncc(C#N)c4n3)c2c1,90,training
COc1cnc2c(NCc3nnc4ccc(-c5cc(C)ns5)nn34)ccnc2c1,97.5,training
O=C(C1CC(F)(F)C1)N1CCc2nc(C#Cc3ccccc3)sc2C1,98.900002,training
CCN1CC(c2nc(C(=O)NCc3ccc(F)cc3S(C)(=O)=O)c(O)c3ncccc23)CC1=O,96,training
CCCC[C@H]1N=C(Cl)C(C(=O)O)N1Cc1ccc(-c2ccccc2-c2nn[nH]n2)cc1,99.800003,training
Nc1nc(C(CCC(=O)O)C(=O)N=C2C(=O)N3C(C(=O)O)=CCS[C@H]23)cs1,65,training
COc1ccc(NC(=O)C(C)Nc2nc(=O)c3cnn(C4CCCC4)c3[nH]2)cc1,94.300003,training
CC(C)N1CCC[C@H]1CNC(=O)c1cn(C2CCCC2)c(=O)c2c1c1ccccc1n2C,85.400002,training
C[N+](C)C1C(=O)C(C(N)=O)C(=O)C2(O)C([O-])=C3C(=O)c4c(O)cccc4C(C)(O)C3C(O)C12,31,training
Cc1cc(Nc2ncc3c(n2)CN(C(=O)N[C@H](C)c2ccc(Cl)c(Cl)c2)CC3)ccn1,99.400002,training
CCNC(=O)Nc1cc(-c2nc(C(F)(F)F)cs2)c(-c2cncc(-c3n[nH]c(=O)o3)c2)cn1,95.599998,training
COCc1nc(N2CC[C@@H](NC(=O)c3[nH]c(C)c(Cl)c3Cl)[C@@H](OC)C2)sc1C(=O)O,96.599998,training
COc1cc2ncc(C(N)=O)c(Nc3ccc(F)cc3F)c2cc1OC,94.400002,training
CCC(=O)NC[C@@H]1C[C@H]1c1cccc2c1CCO2,90,training
NCCCn1c2c(c3ccc(N)cc3c1=O)C(=O)c1ccccc1-2,75,training
O=C(Nc1cccc(C(F)(F)F)c1)N1CCC2(CC1)C(=O)N(c1ccc(F)c(F)c1)C2c1ccccn1,99.5,training
COc1cc2c(cc1OC)CN(C(=O)C(C)NC(CCc1ccccc1)C(=O)O)C(C(C)=O)C2,50,training
COc1c(NC(=O)c2ccc(C)c(N3C=C(C(=O)NCC(C)(C)O)NN3)c2)cc(C(C)(C)C)cc1NS(C)(=O)=O,66,training
O=C1C(O)c2c(O)cc(O)cc2OC1c1ccc(O)c(O)c1,97.25,training
CC1(C)C(=O)N(c2ccc(C#N)c(C(F)(F)F)c2)C(=S)N1c1ccc(C(N)=O)c(F)c1,95,training
CCN(CC)CCS(=O)(=O)C1CCN2C(=O)C3=COC4CC(=O)CC(O)/C=C(C)/C=C\CNC(=O)/C=C/C(C)C(C(C)C)OC(=O)C12N34,53,training
COc1ccc2c3c1OC1C(=O)CC[C@@]4(O)[C@@H](C2)N(C)CC[C@]314,45,training
CCc1c(CCCC(=O)O)cccc1-c1cnc(-c2ccc(OC(C)C)c(C#N)c2)nc1,99.809998,training
COc1ccc(N(Cc2cnccc2C)C2CCN([C@H](C)CCNC(=O)c3c(C)cc(Cl)nc3C)CC2)cc1,92,training
O=C1C(CC[C@H](O)c2ccc(F)cc2)[C@@H](c2ccc(O)cc2)N1c1ccc(F)cc1,90,training
COc1ccnc(Oc2ccc3c(c2)c(=O)ncn3Cc2c(F)cc(F)cc2F)c1C(F)(F)F,99.5,training
CC(C)C[C@H](NC(=O)C(NC(=O)c1cccc(-c2ccccc2)n1)[C@@H](C)O)B(O)O,99.900002,training
Cc1cc(C)c(CNC(=O)c2c(C)n(C(C)c3ccccn3)c3ccccc23)c(=O)[nH]1,98,training
CNCc1ccc(-c2[nH]c3cc(F)cc4c3c2CCNC4=O)cc1,70,training
Cc1[nH]c(C(=O)N[C@@H]2CCN(c3ncc(C(=O)O)s3)CC23OCCO3)c(Cl)c1Cl,92.5,training
CCCS(=O)(=O)Nc1ccc(F)c(C(=O)c2c[nH]c3ncc(-c4ccc(Cl)cc4)cc23)c1F,99,training
C[C@@H](c1nnc(-c2ccccc2)o1)N1CC(C)(C)C(Oc2ccc(C#N)c(C(F)(F)F)c2)C1=O,98.190002,training
CC(C)N(CCC(O)c1ccc2ccccc2c1)Cc1ccccc1,90,training
CS(=O)(=O)c1ccc2nc(N3CCN(C(=O)C4CCCCC4C(=O)NC4(C#N)CC4)CC3)sc2c1,58,training
COc1ccc2c3c1O[C@H]1C[C@@H](O)C=C[C@@]31CCN(C)C2,18,training
Clc1c(CNc2nccc(Nc3cc(C4CC4)[nH]n3)n2)ccc2[nH]cnc12,99.800003,training
COc1cc(C(=O)N2CCOCC2)c(F)cc1Nc1ncc(C(F)(F)F)c(NC2CC2)n1,97.599998,training
CN1CCN=C(c2ccccc2)c2cc(Cl)ccc21,100,training
[O-][n+]1ccc(Cl)cc1C1OC2(CCN(Cc3ccc(OC(F)(F)F)cc3)CC2)c2ccccc21,99.400002,training
Cc1nn(C)cc1-c1ccc2cc(CCN3CCC[C@H]3C)ccc2n1,75,training
CC(Cc1ccc(Cl)cc1)C(=O)N1CCN(c2c(F)cccc2[C@@H](NC(=O)CCN(C)C)C(C)C)CC1,99,training
CS(=O)(=O)n1cc2c(n1)CN([C@H]1CO[C@H](c3cc(F)ccc3F)[C@@H](N)C1)C2,32,training
COc1c(NC(=O)c2ccc(C)c(N3C=C(C(=O)NCC(C)(C)CN(C)C)NN3)c2)cc(C(C)(C)C)cc1NS(C)(=O)=O,66,training
COc1ccc2nccc(NC(=O)C3(O)CCC(NCc4cc5c(cn4)OCCO5)CC3)c2n1,72.599998,training
CC#CC(=O)N1CCC[C@H]1c1nc(-c2ccc(C(=O)Nc3ccccn3)cc2)c2c(N)nccn12,97.5,training
NCCCCC(NC(=O)C1CCCN1C(=O)C1CSSCC(NC(=O)CNC(=O)CNC(=O)CN)C(=O)NC(Cc2ccc(O)cc2)C(=O)NC(Cc2ccccc2)C(=O)NC(CCC(N)=O)C(=O)NC(CC(N)=O)C(=O)N1)C(=O)NCC(N)=O,30,training
C[C@@H](O[C@H]1OCC[N+](Cc2nc(=O)n(P(=O)([O-])O)[nH]2)[C@H]1c1ccc(F)cc1)c1cc(C(F)(F)F)cc(C(F)(F)F)c1,95,training
C[C@@H](NCCc1ccc(O)cc1)[C@@H](O)c1ccc(O)cc1,36,training
COC(=O)C[C@](O)(CCCC(C)(C)O)C(=O)O[C@@H]1C(OC)=C[C@]23CCCN2CCc2cc4c(cc2[C@H]13)OCO4,50,training
C[C@]1(CS(=O)(=O)N2CCN(c3ncc(OCc4ccc(C(F)(F)F)o4)cn3)CC2)NC(=O)NC1=O,94,training
CC(C)(C)NC(=O)c1c[nH]c2ncc(-c3nn(C4CCNCC4)c4cc(F)ccc34)nc12,99.050003,training
CC(C)(O)c1ccc(-c2nc(-c3ccc(F)cc3)oc2Sc2ccc(Cl)cn2)cn1,98.400002,training
CS(=O)(=O)c1ccc(-c2cnc(N)c(-c3ccc(F)nc3)c2)cc1,56.900002,training
CC(C)N(CCCCOCC(N)=O)c1cnc(-c2ccccc2)c(-c2ccccc2)n1,99,training
CC[C@H]1C(C(=O)N[C@]2(C(=O)NS(=O)(=O)C3(C)CC3)C[C@H]2C(F)F)N2C[C@@H]1Oc1nc3cc(OC)ccc3nc1C(F)(F)CCCC[C@@H]1C[C@H]1OC(=O)NC(C(C)(C)C)C2=O,99,training
Cc1ccc(-n2nccn2)c(C(=O)N2CCN(c3ncc4c(C)csc4n3)CC[C@H]2C)c1,99.400002,training
CNc1ncnc(-c2cccnc2Oc2ccc(F)c(C(=O)Nc3cc(C(F)(F)F)ccc3N(C)CCCN(C)C)c2)n1,92.199997,training
O=C(N[C@@H]1CCCc2cc(CN3CCCCC3)ccc21)C(O)C(O)CS(=O)(=O)c1ccc2ccccc2c1,97.540001,training
CS(=O)(=O)c1ccc(C(C[C@H]2CCC(=O)C2)C(=O)Nc2cnccn2)cc1Cl,50,training
Nc1ncnc2sc(-c3c(-c4ccccc4)ncn3C[C@H]3CCCO3)nc12,80,training
Cc1nc(C2CCN(C(=O)C3CN(C(C)(C)C)C[C@H]3c3ccc(F)cc3F)CC2)n(-c2ccc(Cl)c(C)c2)n1,87,training
CN1C(=O)CN=C(c2ccccc2F)c2cc([N+](=O)[O-])ccc21,79,training
C=C1/C(=C\C=C2/CCC[C@]3(C)[C@@H]([C@H](C)/C=C/[C@@H](O)C4CC4)CC[C@@H]23)C[C@@H](O)C[C@@H]1O,64,training
CO[C@@]1(NC(=O)CSCC#N)C(=O)N2C(C(=O)O)=C(CSc3nnnn3C)CS[C@H]21,85,training
COc1c(F)cccc1C1CCN(c2ccn3c(CC(F)(F)F)nnc3c2C#N)CC1,95.300003,training
O=C(O)c1cc2c(Oc3ccc(Cl)cc3)cncc2s1,99.800003,training
COc1nc(-c2nc3n(n2)CCC[C@H]3c2ccccc2C(F)(F)F)ccc1-n1cnc(C)c1,91.5,training
CNC(=O)CN1CCC(Oc2cc3c(Nc4cccc(Cl)c4F)ncnc3cc2OC)CC1,93.300003,training
CCNP(=S)(OC)O/C(C)=C/C(=O)OC(C)C,99.021301,training
COc1cc2c(cc1OC)[C@H]1C[C@@H](OC(=O)C(N)C(C)C)[C@H](CC(C)C)CN1CC2,99,training
CCNC(=O)Nc1ccc(-c2nc3c(c(N4CCOC[C@@H]4C)n2)CCN(c2nc(C)ns2)C3)cc1,97,training
CC(C)Cn1c2ccc(Nc3ncccn3)cc2c2c3c(c4c(c21)CCc1nn(C)cc1-4)C(=O)NC3,95,training
CCOc1ccccc1C[C@H](c1ccccc1)N1CCNCC1,90,training
CCOC(=O)C(NC(=O)C1CCn2c(C(=O)c3ccccc3)ccc21)C(C)CC,45,training
O=[N+]([O-])c1cn2c(n1)OC[C@@H](OCc1ccc(N3CCOCC3)c(F)c1)C2,51.299999,training
Cc1noc(Cn2nc3ccc(-c4ccc(OC(F)(F)F)cc4)cn3c2=O)n1,95,training
CCC(C)(C)C1C(=O)N2CCCC2C2(O)OC(NC(=O)C3CC4c5cccc6[nH]cc(c56)CC4N(C)C3)(C(C)C)C(=O)N12,98,training
Cc1cc(F)ccc1-c1c(Oc2ccc(/C=C/C(=O)O)cc2)c2ccc(O)cc2oc1=O,99.75,training
COc1cc(N2CCN(C[C@H](C)O)CC2)ccc1Nc1ncc2ccc(-c3ccccc3N(C)S(C)(=O)=O)n2n1,83,training
CC[C@@H](C)Nc1ncc(C(=O)Nc2cc(C(=O)NC)ccc2C)s1,82,training
CO[C@H]1CN(c2nc(C(=O)O)c(C(N)=O)s2)CC[C@H]1NC(=O)c1[nH]c(C)c(Cl)c1Cl,99.5,training
CCc1nn(CCO)c(CC)c1Oc1cc(C#N)cc(C#N)c1,51,training
Cc1ccc(-c2cn(C)cn2)cc1NC(=O)c1ccc(OCc2ccccn2)cc1,90.5,training
C[C@H](N)Cc1ccccc1,28,training
CCOC(=O)c1cnc(N2CC(NC(=O)NS(=O)(=O)c3ccccc3)C2)c(Cl)c1,98.5,training
Cc1cn(Cc2ccc(Cl)cc2Cl)c2c(-c3cc(NS(=O)(=O)c4ccc(F)c(F)c4)no3)cc(F)cc12,98.400002,training
COc1ccc(-c2ccc(S(=O)(=O)NC(C(=O)O)C3CCCC(N(C)S(C)(=O)=O)C3)cc2)cc1,99.400002,training
Cn1cc(NC(=O)c2cc(NC(=O)c3cc(NC(=O)c4nsc(Cl)c4Cl)cn3C)cn2C)cc1C(=O)NCCC([N])=N,89,training
CN1C(=O)C(O)N=C(c2ccccc2)c2cc(Cl)ccc21,92,training
CC(C)(C)c1cc(NC(=O)Cn2cc(-c3ccc(-n4ccnc4)nc3)nn2)n(-c2cccnc2)n1,99.5,training
O=C(C[N+]12CCC(CC1)[C@@H](OC(=O)C1(C3=CC=CC3)CCCCCC1)C2)Nc1cccc(C(F)(F)F)n1,99.599998,training
COc1cc(Nc2c(C#N)cnc3cc(OCCCN4CCN(C)CC4)c(OC)cc23)c(Cl)cc1Cl,94,training
O=C(C[N+]12CCC(CC1)[C@@H](OC(=O)C1(C3=CC=CC3)CCCCCC1)C2)Nc1nncs1,94,training
C[N+](C)([O-])CCC=C1c2ccccc2CCc2ccccc21,80,training
COc1cc(N2CC3CN(CCO)CC(C2)O3)ccc1Nc1ncc(Cl)c(-c2cnc3ccccn23)n1,95,training
Cc1ccc(NC(=O)C[N+]23CCC(CC2)[C@@H](OC(=O)C2(C4=CC=CC4)CCCCCC2)C3)nc1,98.099998,training
CO[C@@H]1[C@H](N(C)C(=O)c2ccccc2)C[C@H]2O[C@]1(C)n1c3ccccc3c3c4c(c5c6ccccc6n2c5c31)C(=O)NC4,99.800003,training
O=C1NC(=O)C(c2cnc3ccccn23)=C1c1cn2c3c(cc(F)cc13)CN(C(=O)N1CCCCC1)CC2,98,training
C[C@@H](O)C1NC(=O)C(CCCCN)NC(=O)C(Cc2c[nH]c3ccccc23)NC(=O)C(Cc2ccccc2)NC(=O)C(NC(=O)C(N)Cc2ccccc2)CSSCC(C(=O)N[C@H](CO)[C@@H](C)O)NC1=O,65,training
C[C@H]1C(NC(=O)C(=NOC(C)(C)C(=O)O)c2csc(N)n2)C(=O)N1C(=O)NS(=O)(=O)N1CCN(C(=O)c2cc(=O)c(O)c[nH]2)N(C)C1=O,86,training
O=C(C[N+]12CCC(CC1)[C@@H](OC(=O)C1(C3=CC=CC3)CCCCCC1)C2)Nc1cnccn1,92.5,training
CN[C@@H]1CCN(c2nc(N)nc3c2oc2ncc(Cl)cc23)C1,57,training
CCS(=O)(=O)N1CCC([C@@H](C)n2c(C)c(C(=O)NCc3c(C)cc(C)[nH]c3=O)c3ccccc32)CC1,95,training
O=C(Nc1cnc(-c2ccncc2F)c(-c2cccnc2)n1)C1CC1,79,training
CC(C)C(=O)Nc1ncc(-c2cc(C(F)F)nn2-c2c(Cl)cccc2Cl)s1,97.099998,training
CCNC(=O)Nc1ccc(-c2nc(N3CCOC[C@@H]3C)c3c(n2)[C@](C)(CCN(C)C)OC3)cc1,59,training
O=C(Nc1ccc(F)c(F)c1)N1CCC2(CC1)C(=O)N(c1cccc(Cl)c1)C2c1cccc[n+]1[O-],93.400002,training
Cc1nc(N2CCC(O)(C3CC3)CC2)nc2ccc(NC(=O)/C=C/c3ccc(Cl)cc3)cc12,99.650002,training
Cc1cccc(C2(C#N)CCN(Cc3cc4c(c5ccccc35)CN([C@H]3CCCC[C@@H]3O)C4=O)CC2)n1,99,training
N#Cc1ccc(NCC(F)(F)c2ccccc2)c(F)c1CC(=O)NCCON=C(N)N,93.699997,training
CC(C)CN(C[C@@H](O)[C@H](Cc1ccccc1)NC(=O)O[C@H]1CO[C@H]2OCC[C@H]21)S(=O)(=O)c1ccc(N)cc1,95,training
N#Cc1ccc(Oc2cncc3sc(C(N)=O)cc23)cc1,84.699997,training
CCCCC[C@H](O)/C=C/[C@@H]1C(C/C=C\CCCC(=O)O)C(=O)C[C@H]1O,74,training
Cc1ccc(-c2cn(C)c(C)n2)cc1NC(=O)c1ccc(OCc2ccccn2)cc1,94.400002,training
O=C(c1ccc(OCCN2CCCCC2)cc1)c1c(-c2ccc(O)cc2)sc2cc(O)ccc12,95,training
c1ccc([C@H]([C@@H](c2ccccc2)N2CCCCC2)N2CCCCC2)cc1,91.799995,training
CC(C)CC(NC(=O)C(CCc1ccccc1)NC(=O)CN1CCOCC1)C(=O)NC(Cc1ccccc1)C(=O)NC(CC(C)C)C(=O)[C@@]1(C)CO1,97,training
CC#CC[C@H](C)[C@H](O)/C=C/[C@@H]1[C@H]2C/C(=C/CCCC(=O)O)C[C@H]2C[C@H]1O,60,training
CCNCc1cc(Nc2ccnc3cc(Cl)ccc23)ccc1O,86,training
CN=C1Nc2ncccc2C(c2ccco2)=NC1c1cncs1,60.900002,training
O=C(Cn1ccnc1[N+](=O)[O-])NCc1ccccc1,52,training
CO[C@@]1(NC(=O)Cc2cccs2)C(=O)N2C(C(=O)O)=C(COC(N)=O)CS[C@@H]21,50,training
CNC(=O)N(Cc1ccsc1)C1CCN([C@H](C)CCNC(=O)c2c(C)cc(Cl)nc2C)CC1,54,training
CC(F)(F)CNC(=O)N1Cc2nc(N)nc(-c3c(Cl)cc(Cl)cc3OCCn3cccn3)c2C1,75,training
CO[C@H]1CN(c2nc(C(=O)N(C)C)c(C(=O)O)s2)CC[C@H]1NC(=O)c1[nH]c(C)c(Cl)c1Cl,87,training
O=C(Nc1cc(-c2cc3c([nH]2)C2(CCNC2)CNC3=O)ccn1)c1ccc2ccccc2c1,99.800003,training
COc1ccc(OC)c(CN(C(=O)CF)c2ccccc2Oc2ccccc2)c1,99.300003,training
O=C1CCCCN1c1ccc(CO[C@@H]2COc3nc([N+](=O)[O-])cn3C2)cc1,66.400002,training
CCOc1cc2ncc(C#N)c(Nc3ccc(OCc4ccccn4)c(Cl)c3)c2cc1NC(=O)/C=C/CN(C)C,99,training
CN[C@@H]1CCN(c2nc(N)nc3c2CCCc2ccccc2-3)C1,49,training
CCNC(=O)Nc1ccc(-c2nc3c(c(N4CCOC[C@@H]4C)n2)CN(c2cnccn2)CC3)cc1,97,training
CN(C)C(=O)C(=O)NC(C)(C)c1nc(C(=O)NCc2ccc(F)cc2)c(O)c(=O)n1C,38,training
Cc1nn(C)c(C)c1NS(=O)(=O)c1c(Cl)cc(-c2ccnc(N3CCNCC3)c2)cc1Cl,82,training
O=C(O)c1cc(CN2CCN(c3ccccc3)CC2)c2ccccn2c1=O,50.5,training
c1ccc2c(Nc3cc(C4CC4)[nH]n3)nc(-c3ccncc3)nc2c1,99,training
Cc1cc(Nc2ccc3sccc3c2)n2ncnc2n1,89.800003,training
OC[C@H]1O[C@@H](c2ccc(Cl)c(Cc3ccc(O[C@H]4CCOC4)cc3)c2)[C@H](O)[C@@H](O)[C@@H]1O,86.099998,training
C[C@@H]1CCCN1CCCOc1ccc(-c2ccc(=O)[nH]n2)cc1,44,training
Cc1cc(I)cc(CNCCCN(C)C)c1O,48.299999,training
C[C@H](Cc1cc2c(c(C(N)=O)c1)N(CCCO)CC2)NCCOc1ccccc1OCC(F)(F)F,97,training
COc1ccc(-c2cc(CC[C@](C)(C(O)=NO)S(C)(=O)=O)on2)c(F)c1,92.800003,training
O=C(O[C@H]1C[N+]2(CCc3cccc(Cl)c3)CCC1CC2)C1(C2=CC=CC2)CCCCCC1,99.5,training
CC1=C(C(=O)O)N2C(=O)C(NC(=O)C(N)c3ccc(O)cc3)[C@H]2SC1,44.5,training
C[C@H](CO)Nc1nc(SCc2ccco2)nc2nc(N)sc12,88,training
COCCCN1CCN(C2CCC(n3nc(-c4ccc5[nH]c(Cc6ccccc6OC)nc5c4)c4c(N)ncnc43)CC2)CC1,96.699997,training
CN(C(=O)C(=O)N1CCCC1)c1nc(C(=O)NCc2ccc(F)cc2)c(O)c2ncccc12,96.699997,training
Cc1cc(Nc2ccc(C(C)(C)C)c(F)c2)n2ncnc2n1,96.400002,training
O=C(OC1CC2CC3C[C@H](C1)N2CC3=O)c1c[nH]c2ccccc12,70,training
COc1ccc(CC(C)(C)NC[C@H](O)c2cc(O)cc3c2OCC(=O)N3)cc1,60,training
CC1(C)CN(Cc2nnc(-c3ccccc3)o2)C(=O)C1Oc1ccc(C#N)c(C(F)(F)F)c1,98.730003,training
CCS(=O)(=O)N1CC(CC#N)(n2cc(-c3ncnc4[nH]ccc34)cn2)C1,50,training
CS(=O)(=O)c1ccc(-c2cnc(N)c(-c3ccc(C(N)=O)cc3)c2)cc1,78.400002,training
Cc1nnc2n1-c1sc(Br)cc1C(c1cccc(Cl)c1)=NC2,91.5,training
CC1Cc2c(Br)cccc2N1C(=O)Cc1nc(N2CCOCC2)sc1C(=O)O,98.5,training
COc1cc(NC(=O)c2ccc(-c3ccc(Cl)cc3)o2)cc(OC)c1,98.699997,training
CO[C@H]1CN(c2nc(-c3ncc[nH]3)c(C(=O)O)s2)CC[C@H]1NC(=O)c1[nH]c(C)c(Cl)c1Cl,99,training
Cc1nn(-c2ccc3onc(N)c3c2)c2c(=O)n(-c3ccc(-c4ccccc4CN4CC[C@@H](O)C4)cc3)c(C)nc12,91,training
C[C@@](C(=O)O[C@H]1C[N+]2(CCc3cccc(Br)c3)CCC1CC2)(c1ccccc1)N1CCCCC1,97.400002,training
Cc1noc2c(Cl)c3c(cc12)CC1(C(=O)NC(=O)NC1=O)C1C(C)OC(C)CN31,97,training
CN1CCN(c2cc3c(Nc4ccc(F)cc4F)c(C(N)=O)cnc3cc2F)CC1,76,training
C=CC(=O)Nc1cc(Nc2ncc(Cl)c(-c3cnn4ccccc34)n2)c(OC)cc1N(C)CCN(C)C,96.800003,training
COCCN1CCN(CCn2ccc(Nc3ncc4c(n3)-c3c(nn(C)c3-c3ccccc3)CC4C)n2)CC1,92.400002,training
CSCCN1C(=O)C(NC(=O)c2cc3cc(Cl)sc3[nH]2)Cc2ccccc21,0.029999999,training
CO[C@@H]1COCC[C@@H]1N[C@@H]1CC[C@@](C(=O)N2CCN(c3cc(C(F)(F)F)ccn3)CC2)(C(C)C)C1,57.5,training
Oc1c(Cl)cc(Cl)c(Cl)c1Cc1c(O)c(Cl)cc(Cl)c1Cl,92,training
N#Cc1cc(F)c(C(=O)Nc2ccnc(NC(=O)C3C[C@H]3F)c2)c(Cl)c1,86.599998,training
O=C1CCCCN1c1ccc(CO[C@@H]2COc3nc([N+](=O)[O-])cn3C2)cc1F,74.800003,training
Oc1ccc(C=Cc2cc(O)cc(O)c2)cc1,90,training
Cc1cc(-c2cnn3c(NCC4CCOCC4)nc(Oc4ccccc4)nc23)ccc1C(=O)NC1CC1,98.400002,training
CC(=O)N(C)Cc1ccc(-c2ccc(N3CCOc4ncnc(N)c4C3=O)cc2)c(Cl)c1,90.599998,training
CC[C@]1(O)C[C@@H]2CN(CCc3c([nH]c4ccccc34)[C@@](C(=O)OC)(c3cc4c(cc3OC)N(C)[C@H]3[C@@](O)(C(=O)OC)[C@H](OC(C)=O)[C@]5(CC)C=CCN6CC[C@]43[C@@H]65)C2)C1,92,training
O=C(NCc1ccc(F)cc1)c1cnn2c1N[C@@H](c1ccc(N3CCOCC3)cc1)C[C@H]2C(F)(F)F,98.199997,training
FC(F)Oc1ccccc1CC(c1ccccc1)N1CCNCC1,92.5,training
Cn1c(=O)c(-c2c(Cl)cccc2Cl)cc2cnc(N3CCN(c4ccc(F)cc4)CC3)nc21,98.900002,training
N#CC1(c2ccccn2)CCN(Cc2cc3c(c4ccccc24)CN([C@H]2CCCC[C@@H]2O)C3=O)CC1,95,training
CCOC(=O)c1ccc(C#Cc2ccc3c(c2)C(C)(C)CCS3)nc1,99,training
Cc1cc[n+]([O-])c(C)c1C(=O)N1CCC(C)(N2CCC(N(c3ccccc3)c3cccnc3)CC2)CC1,62,training
CNc1nc(Nc2cc(Cl)c(C(=O)N3CCOCC3)cc2OC)ncc1C(F)(F)F,99.099998,training
Cc1noc2c1-c1sc(C)c(C)c1C(c1ccc(Cl)cc1)=N[C@H]2CC(N)=O,99.400002,training
CNc1cc(-c2csc(N(C)C(=O)c3ccc(F)cc3)n2)ncn1,98.860001,training
COc1cc(N2C(=O)N(c3ccc(-c4ccc(C(=O)O)cc4)nc3)C(=O)C23CCN(Cc2ncccc2C)CC3)ncn1,97.800003,training
COC1C(=O)C(C)C[C@H](C)/C=C/C=C/C=C(\C)[C@@H](OC)C[C@@H]2CC[C@@H](C)[C@@](O)(O2)C(=O)C(=O)N2CCCCC2C(=O)O[C@H]([C@H](C)C[C@@H]2CC[C@@H](OC(=O)C(C)(CO)CO)[C@H](OC)C2)CC(=O)C(C)=CC(C)[C@H]1O,87,training
C=CC(=O)Nc1cc(Nc2ncc(Cl)c(-c3cnn4ccccc34)n2)c(OC)cc1N1CC(N(C)C)C1,97.5,training
CS(=O)(=O)Nc1ccc(OC[C@@H](O)CNCCc2ccc(Cl)c(Cl)c2)cc1,98,training
CN(C)S(=O)(=O)NC(=O)CCCc1c(-c2ccc(F)cc2)[nH]c2ccc(C#N)cc12,99,training
CCOc1cc2ncc(C(N)=O)c(Nc3ccc(F)cc3F)c2cc1N1CCCN(C2CC2)CC1,97.800003,training
COc1ccc(CNc2nc(N3CCC[C@H]3CO)ncc2C(=O)NCc2ncccn2)cc1Cl,99,training
Cc1cn(Cc2ccc(Cl)cc2Cl)c2c(-c3nnc(NS(=O)(=O)c4cc(Cl)c(Cl)s4)o3)cc(F)cc12,99.800003,training
O=C(O)C1C[C@H](Cc2ccccc2Cl)CN1,33,training
CS(=O)(=O)Cc1ccc2ccn(-c3cc(NC4CC4)n4ncc(C#N)c4n3)c2c1,98.199997,training
CC1(C)SC2C(/N=C/[N+]3CCCCCC3)C(=O)N2C1C(=O)[O-],17,training
O=c1[nH]ccc2c(Nc3c(Cl)cc(C(O)C(F)F)cc3Cl)nc3ccncc3c12,97.199997,training
O=C(NCc1c(F)cc(F)cc1F)c1cn2c(c(O)c1=O)C(=O)N1[C@H]3CC[C@H](C3)O[C@@H]1C2,99,training
CNC(=O)c1ccc(-c2cc(-c3ccc(S(C)(=O)=O)cc3)cnc2N)cc1,81.800003,training
CN1CCN(c2nc(N)nc3c2CCc2ccccc2-3)CC1,78,training
Cc1ccc(NC(=O)c2cccc(N3CCOCC3)c2)cc1NC(=O)c1ccc(OCc2cscn2)cc1,98,training
COC(=O)NC1CCC(n2c(C)nc3cnc4[nH]ccc4c32)CC1,52,training
CNc1noc2c(-c3ccc4c(N5CCOC[C@@H]5C)nncc4c3)c(C)ccc12,92,training
C[C@H](CO)CONC(=O)c1ncc2cncn2c1Nc1ccc(I)cc1F,86,training
C[C@]12CC[C@H](O)CC1=CC[C@@H]1[C@@H]2CC[C@]2(C)C(c3cccnc3)=CC[C@@H]12,99,training
CN=C1Nc2ncccc2C(c2cc[nH]c2)=NC1c1cccs1,75.400002,training
O=C(c1cccn2cncc12)N1CCC(F)(F)[C@@H](Oc2ccc3ccccc3n2)C1,92,training
COc1ccc(-c2cc(-c3ccc(S(C)(=O)=O)cc3)cnc2N)cn1,90,training
CCC[C@@H](C)N(c1cc(Cl)ccc1CO)S(=O)(=O)c1ccc(Cl)cc1,99,training
CCNC(=O)Nc1nc2cc(-c3cncc(C#N)c3)c(=O)n(C(C)C)c2s1,90,training
O=C(N[C@@H]1CCC[C@@H](NC(=O)c2cccc(Cl)c2)C1)c1cccc(F)c1,96.099998,training
COc1ccc(C#Cc2ccc(C(=O)N3CCC[C@@H](O)C3)c(F)c2)cc1,50,training
N#CCc1ccccc1C#Cc1ccc(CCC(=O)O)c(F)c1,97.300003,training
Cc1cn(Cc2ccc(Cl)cc2Cl)c2c(-c3nnc(NS(=O)(=O)c4cc(F)c(F)cc4F)o3)cc(F)cc12,99.400002,training
OC(c1ccccc1)(c1ccccc1)C12CC[N+](CCOCc3ccccc3)(CC1)CC2,89,training
C[C@H]1C(NC(=O)C(=NOC(C)(C)C(=O)O)c2csc(N)n2)C(=O)N1C(=O)NS(=O)(=O)N1C[C@@H](NCc2cc(=O)c(O)c[nH]2)CC1=O,60,training
CC(C)(NCCCc1cc(-c2cccc(C(F)(F)F)c2)nc(C#N)n1)C(N)=O,75,training
OC[C@@H]1[C@@H](O)[C@H](O)[C@@H](O)CN1CCCCCCOCc1ccccc1,49,training
Cc1ccc(-c2nccs2)cc1NC(=O)c1ccc(OCc2ccccn2)cc1,99,training
O=C(Nc1cc(F)cc(F)c1)N1CCC2(CC1)CN(c1ccc(F)c(Cl)c1)C2c1ccccn1,99.900002,training
OC[C@H]1O[C@H](Oc2ccc(-n3ccc4ccccc43)cc2F)[C@@H](O)[C@@H](O)[C@@H]1O,98,training
Cn1cc(C(=O)Nc2ccc(-c3ccccc3)c(C(F)(F)F)c2)c(=O)c2ccc(CO)cc21,92.400002,training
C[C@]12O[C@H](C[C@]1(O)CO)n1c3ccccc3c3c4c(c5c6ccccc6n2c5c31)CNC4=O,99,training
Cc1c(-c2c(F)cc(C(N)=O)c3[nH]c4c(c23)CC[C@H](C(C)(C)O)C4)cccc1-n1c(=O)c2cccc(F)c2n(C)c1=O,98.5,training
CCNC(=O)C1CCCN1C(=O)C(CCCN=C([N])N)NC(=O)C(CC(C)C)NC(=O)C(CC(C)C)NC(=O)C(Cc1ccc(O)cc1)NC(=O)C(CO)NC(=O)C(Cc1c[nH]c2ccccc12)NC(=O)C(Cc1c[nH]cn1)NC(=O)C1CCC(=O)N1,46,training
CC(=O)S[C@@H]1C=C2CC(=O)CC[C@]2(C)[C@H]2CC[C@@]3(C)[C@@H](CC[C@@]34CCC(=O)O4)[C@H]12,90,training
CN(C)C/C=C/C(=O)Nc1cc2c(Nc3ccc(F)c(Cl)c3)ncnc2cc1OC1CCOC1,95,training
CCOC(=O)Nc1ccc(NCc2ccc(F)cc2)nc1N,80,training
COc1cc2cc(c1Cl)N(C)C(=O)CC(OC(=O)C(C)N(C)C(=O)CCS)C1(C)OC1C(C)C1CC(O)(NC(=O)O1)C(OC)/C=C\C=C(\C)C2,93,training
O=C(N[C@@H]1CCC[C@H](O)C1)c1noc(-c2ccc(C(F)(F)F)cc2)c1Cl,99,training
OC[C@H]1O[C@H](Oc2ccc(N3CCc4ccccc43)cc2)[C@@H](O)[C@@H](O)[C@@H]1O,97,training
COC[C@H](C)Oc1cc(O[C@@H](C)Cc2ccccc2)cc(C(=O)Nc2ccc(C(=O)O)cn2)c1,99.559998,training
C=CC(=O)NCc1coc(-c2c(N)ncnc2Nc2ccc(Oc3cc(C(F)(F)F)nn3C)c(Cl)c2)n1,100,training
CC(C)Oc1cc2ncc(C(N)=O)c(Nc3ccc(F)cc3F)c2cc1N1CCN(C)CC1,98.300003,training
CN(C)C/C=C(/c1ccc(Br)cc1)c1cccnc1,90,training
O=C(Nc1ccc(N(Cc2ccsc2)C(=O)Cn2nnc3ccccc32)cc1)C1CC1,95.199997,training
C=CC(=O)Nc1cc(Nc2nccc(-c3cn(C)c4ccccc34)n2)c(OC)cc1N(C)CCNC,96.099998,training
c1cc(C2CC(CN3CCOCC3)C2)ccc1CN1CCCC1,22,training
CC1(C)C[C@@H](CN2CCC(F)(CNC(=O)c3cc(Cl)cc(Cl)c3)CC2)CCO1,94.300003,training
CN1C(CSCC(F)(F)F)Nc2cc(Cl)c(S(N)(=O)=O)cc2S1(=O)=O,85,training
CCCCN(CCCC)CC(O)c1cc(Cl)cc2c1-c1ccc(Cl)cc1/C2=C\c1ccc(Cl)cc1,100,training
CCCCC1=[N+]C=C(/C=C(\Cc2cccs2)C(=O)O)N1Cc1ccc(C(=O)[O-])cc1,98,training
Cc1ccc(S(=O)(=O)n2c(N)nc3ccccc32)cc1,49.900002,training
CCCNC(=O)c1c(NC(=O)C23CC4CC(CC2C4)C3)sc2c1CCOC2,98,training
CC[N+](CC)CCCC(C)NC1=c2ccc(Cl)cc2=[N+]C=C1,55,training
N#CC1(c2cccnc2)CCN(CC2=C3C=CC=C[N+]3C(=O)C(C(=O)[O-])=C2)CC1,63.900002,training
O=C(C[N+]12CCC(CC1)[C@@H](OC(=O)C1(C3=CC=CC3)CCCCCC1)C2)Nc1ccc(Cl)nn1,96,training
COc1cc2ncnc(Nc3cccc(Cl)c3F)c2cc1OC1CCN(CC(N)=O)CC1,95.300003,training
O=C(Nc1cccc(-c2nc3ccccc3[nH]2)c1)c1ccc2c(c1)OCCO2,99,training
N#CC1(c2ccccn2)CCN(Cc2cc(C(=O)N[C@H]3CCCC[C@@H]3F)c(=O)n3ccccc23)CC1,81.5,training
C[C@@]12CCCCC[C@@H](Cc3ccc(O)cc31)[C@@H]2N,91.599998,training
CCOc1cc2nnc(C(N)=O)c(Nc3cccc(Cl)c3Cl)c2cc1N1CCN(C)CC1,98.300003,training
COC(c1ccccc1)(c1ccccc1)C(Oc1nc(C)cc(C)n1)C(=O)O,99,training
Cn1ccc(CCC[N+]23CCC(CC2)[C@@H](OC(=O)C2(C4=CC=CC4)CCCCCC2)C3)n1,94,training
CN(C)C(=O)N1CCC(c2nc(-c3cc4ccccc4[nH]3)c3c(N)nccn23)CC1,88.099998,training
C[C@H](Nc1ncc(Br)c(Nc2cc(C3CC3)[nH]n2)n1)c1ccc(F)cc1,99,training
CC(C)COc1ccc(CNC(=O)N(Cc2ccc(F)cc2)C2CCN(C)CC2)cc1,95,training
CC(C)OC(=O)N1CCC(Oc2ncnc3c2cnn3-c2ccc(S(C)(=O)=O)cc2F)CC1,99,training
CCc1cc(Sc2nc(C(=O)O)c[nH]2)nc(C2CCCCC2C(=O)NCc2ccc(Cl)c(Cl)c2)n1,98.5,training
CN1C(=O)CN=C(c2ccccc2)c2cc(Cl)ccc21,98,training
CN1CCN(c2ccc(-c3ccc4c(c3)CCNC4)cc2C(F)(F)F)CC1,89,training
COC(=O)C(C)NC(=O)C(C)c1ccc(CC(C)C)cc1,36,training
C[C@H](O)CONC(=O)c1oc2c(F)cncc2c1Nc1ccc(I)cc1F,98.400002,training
Cc1nc(N)ccc1CNC(=O)Cn1c(C)cc(S(=O)(=O)c2ccccc2)c(N)c1=O,19,training
COc1ccc(N2CCN(C(=O)C3CCCCC3C(=O)NCC#N)CC2)cc1,50,training
Cn1cnc(S(=O)(=O)N2C[C@@H]3[C@H](C2)C3(CNC(=O)c2cccc(C(F)(F)F)c2)CC2CC2)c1,96,training
O=C(NC1Cc2ccccc2N(C[C@@H](O)CO)C1=O)c1cc2sc(Cl)c(Cl)c2[nH]1,0.079999998,training
Cc1ccc2c(-c3cnc4[nH]cc(C(=O)NC(C)(C)CO)c4n3)nn(CCCN(C)C)c2c1,88,training
CS(=O)(=O)NCc1ccc(-c2ccc(N3CCOc4ncnc(N)c4C3=O)cc2)c(Cl)c1,87.800003,training
CCOc1cc2ncc(C(N)=O)c(Nc3cc(F)ccc3F)c2cc1N1CCN(C)CC1,92.699997,training
C[C@@H](NC(=O)N1CCc2cnc(Nc3cnn(C)c3)nc2C1)c1ccc(Cl)c(Cl)c1,98.199997,training
COc1c(C)cnc(Cn2cc(C#CCC(C)(C)O)c3c(Cl)nc(N)nc32)c1C,96.699997,training
CNC(C)C(=O)NC1CCC[C@H]2C[C@H]3CCN(CCc4ccc(Br)cc4)C[C@H]3N2C1=O,83,training
CCC(C(=O)N[C@H](/C=C/C(=O)OC1CCC1)CC1CCNC1=O)n1cccc(NC(=O)c2cc(C)on2)c1=O,33,training
CCN1CCN(c2nc(C(=O)NCc3ccc(F)cc3)c(O)c3ncccc23)C(=O)C1=O,98.800003,training
CC(C)(CO)CNCc1c(C(=O)N[C@@H]2CCC[C@H](O)C2)noc1-c1ccc(C(F)(F)F)cc1,63.900002,training
COc1ccc2c(c1)c(CC(=O)O)c(C)n2-c1ccnc2cc(Cl)ccc12,99,training
CCCCCCCCCCCCCCCCOP(=O)([O-])OCC[N+](C)(C)C,98,training
COc1ccc2c(c1)[C@]13CCCC[C@@H]1[C@H](C2)N(C)CC3,65,training
COCCOc1ccc([C@H]2C[C@@H](C(F)(F)F)n3ncc(C(=O)NCc4ccc(F)cn4)c3N2)cc1,87.800003,training
CN1CCN(c2ccc3ncc(C(N)=O)c(Nc4ccc(Cl)c(Cl)c4)c3c2)CC1,94.199997,training
C[C@@](C(=O)O[C@H]1C[N+]2(CCCOc3ccc(F)cc3)CCC1CC2)(c1ccccc1)N1CCCCC1,96.900002,training
Cn1cc(C(=O)Nc2ccc(-c3ccccc3)c(C(F)(F)F)c2)c(=O)c2cnccc21,91.699997,training
CO[C@H]1CN(c2nc(C(C)=O)c(C(=O)O)s2)CC[C@H]1NC(=O)c1[nH]c(C)c(Cl)c1Cl,98.099998,training
O=C(O)C[C@H](NC(=O)Cn1c(C2CC2)cnc(NCc2ccc3c(n2)NCCC3)c1=O)c1cccc(F)c1,97.5,training
Nc1ncnc2sc(-c3c(-c4ccccc4)ncn3Cc3ccccc3N3CCOCC3)nc12,94.199997,training
CCC(CC)[C@H](NC(C)=O)[C@@H]1[C@H](O)C(C(=O)O)C[C@H]1N=C([N])N,30,training
O=C(Nc1cc(C(F)(F)F)ccc1-n1cncn1)C1(c2ccccc2)CC1,99,training
Cc1ccc(O)c(CNCC23CC4CC(CC(C4)C2)C3)c1,3.0999999,training
O=C1CSCCN1c1ccc(CO[C@@H]2COc3nc([N+](=O)[O-])cn3C2)cc1,59.799999,training
CC1(C)SC2C(NC(=O)C([N-][N+]#N)c3ccccc3)C(=O)N2C1C(=O)O,80,training
O=C(NC1Cc2ccccc2N(CC(CO)CO)C1=O)c1cc2sc(Cl)c(Cl)c2[nH]1,0.23,training
C=Cc1ccc(Nc2cc(C)nc3ncnn23)cc1,84.400002,training
O=C1c2cc(COc3ccccc3)nn2CCC1c1ccc(F)cc1,99.199997,training
Cc1ccc(CO)cc1N(C)c1ccnc(Nc2cc(N3CCOCC3)nc(N3CCOCC3)c2)n1,94.800003,training
O=C1CCCn2nc(COc3ccccc3)cc21,77,training
N=C(N)[N]CCCC(NC(=O)C1CCCN1C(=O)C1CSSCC(N)C(=O)NC(Cc2ccc(O)cc2)C(=O)NC(Cc2ccccc2)C(=O)NC(CCC(N)=O)C(=O)NC(CC(N)=O)C(=O)N1)C(=O)NCC(N)=O,2,training
Cn1cc(C(=O)Nc2ccc(-c3ccccc3)c(C(F)(F)F)c2)c(=O)c2cnc(CO)cc21,91.699997,training
CCCc1[nH]c(C(C)(C)O)c(C(=O)[O-])[n+]1Cc1ccc(-c2ccccc2-c2nn[nH]n2)cc1,99,training
C[C@@](CCc1ccc(-c2ccccc2)cc1)(C(O)=NO)S(C)(=O)=O,97.849998,training
CN(C)CCc1c[nH]c2ccc(CS(=O)(=O)N3CCCC3)cc12,35,training
Fc1cc(-c2ccnc(Nc3ccc(-n4cnc(N5CCOCC5)n4)cc3)n2)cc(N2CCOCC2)c1,92,training
CNC(=O)C(c1ccccc1)N1CCn2c(C3CC3)nc(Cl)c2[C@@H]1CCc1ccc(C(F)(F)F)cc1,99,training
COCCCOc1cc(C[C@@H](C[C@H](N)[C@@H](O)CC(C(=O)NCC(C)(C)C(N)=O)C(C)C)C(C)C)ccc1OC,49,training
COCCNc1nc2ccc(C#CC3(O)CCCCC3)cc2n1-c1ccnc(N)n1,96,training
C[C@@](C(=O)O[C@H]1C[N+]2(CC(=O)Nc3ccccn3)CCC1CC2)(c1ccccc1)N1CCCCC1,88.300003,training
CC1(C)OC(=O)N(C2CCC(NC(=O)c3ccnc4cc(F)cnc34)CC2)[C@H]1c1ccccc1,91.800003,training
CC(=O)N(C)c1ccc2ccn(-c3cc(NC4CC4)n4ncc(C#N)c4n3)c2c1,97.5,training
NC1CCc2c(Br)ccc(-c3ccccc3)c2CC1=O,99,training
CC(C)(ON=C(C(=O)NC1C(=O)N(S(=O)(=O)O)[C@@H]1Cn1cc(COCc2cc(=O)c(O)cn2O)nn1)c1csc(N)n1)C(=O)O,50,training
O=C(O)CCC(NC(=O)c1ccc(N(CCCl)CCCl)cc1)C(=O)O,92,training
CN(C)CC/C=C1\c2ccccc2COc2ccccc21,82,training
CNc1nc(Cc2ccccc2)nc2c1CCNC[C@@H]2C,47,training
O=c1[nH]c(C2CCC(c3ccccc3)CC2)c(Cc2cccc(C(F)(F)F)c2)c(=O)[nH]1,99.900002,training
OCCOc1ccc(/C(=C(\CCCl)c2ccccc2)c2ccccc2)cc1,99,training
O=C(CO)NCCCOc1cccc(CN2CCCCC2)c1,5,training
O=S(=O)(Nc1ccccc1)c1cccc(/C=C/C(O)=NO)c1,94.300003,training
O=c1cc(CSc2cccc(F)c2F)[nH]c2nc(Cc3ccccc3)nn12,99.5,training
CN1CCC(COCc2cc(C(F)(F)F)cc(N3CCC4CC43)n2)(c2ccc(F)cc2)CC1,93.099998,training
C[C@]12CC=C3C4=C(CCC3[C@@H]1CC[C@@]2(O)CC#N)CC(=O)CC4,90,training
COc1cccc(CNC(=O)c2cc(-c3nnn(C[C@H]4CO[C@H](CO)CO4)n3)nc(C)n2)c1,69,training
O=C(O)CC1O[C@@H](c2cccc(Cl)c2)[C@@H](c2ccc(Cl)cc2)N(CC2CC2)C1=O,95.800003,training
COc1ccc(OC)c(C(O)C(C)N)c1,15,training
N#Cc1ccc(CCNC(=O)C2CCN2c2cc(-c3ccc(C4CCC(C(=O)O)CC4)cc3)nc(C(F)(F)F)n2)cc1,99.900002,training
Cc1cc(Nc2ccc(S(F)(F)(F)(F)F)cc2)n2ncnc2n1,95.400002,training
COc1cc2c(cc1OC)CN(c1nc(N3CCCN(C(=O)N4CC(O)C(O)C4)CC3)nc3cc(OC)c(OC)cc13)CC2,97,training
CC(C)CNC(=O)C1CC(F)(c2ccc(CN3CCCC3)c(F)c2)C1,66,training
CNC(C)C(=O)NC1CCC[C@H]2C[C@H]3CCN(CCc4ccc(OC)cc4)C[C@H]3N2C1=O,53,training
CC(=O)NC(CSSCC(N)C(=O)O)C(=O)NC(C)C(=O)NC(CCCN=C([N])N)C(=O)NC(CCCNC([N])=N)C(=O)NC(CCCNC([N])=N)C(=O)NC(C)C(=O)NC(CCCNC([N])=N)C(N)=O,47,training
CCN1CC(c2nc(C(=O)NCc3ccc(F)cc3)c(O)c3ncccc23)CC1=O,98.900002,training
O=C(N[C@H]1CC[C@H]2CN(Cc3cccc(C(F)(F)F)c3)C[C@H]21)C(C1CCCCC1)C1CCCCC1,99,training
CN(Cc1ccc(-c2ccc(N3CCOc4ncnc(N)c4C3=O)cc2)c(Cl)c1)C(=O)CN,51,training
CNC(=O)c1sc(N2CC[C@@H](NC(=O)c3[nH]c(C)c(Cl)c3Cl)[C@@H](OC)C2)nc1C(=O)O,99,training
COc1cc(OC)nc(C2CCCCC2C(=O)NCc2ccc(Cl)c(Cl)c2)n1,99.699997,training
COc1ccc([C@@H](CCCCCCc2ccc3c(n2)NCCC3)CC(=O)O)cn1,99.5,training
Cc1cc(C#N)cc(C)c1Oc1nc(Nc2ccc(C#N)cc2)nc(N)c1Br,99.900002,training
CC(C)(ON=C(C(=O)NC1C(=O)N2C(C(=O)O)=C(C[n+]3ccccc3)CS[C@H]12)C1=CSC(=N)[N]1)C(=O)[O-],12.75,training
CCC(=O)N(c1ccccc1)C1(C(=O)OC)CCN(CCC(=O)OC)CC1,81,training
CSc1cn2c(-c3cn[nH]c3)cnc2c(Nc2cc(C)ns2)n1,99.400002,training
CC1(C)[C@H]2CC=C(CN3CCC(Nc4nc(-c5cc(C(F)(F)F)cc(C(F)(F)F)c5)ns4)CC3)[C@@H]1C2,99.699997,training
CC(=O)N1CCC(CN2CCC(NC(=O)Nc3cc(C(F)(F)F)cc(C(F)(F)F)c3)CC2)CC1,95,training
CCCc1ccc(Nc2cc(C)nc3ncnn23)cc1,93.5,training
COc1ccc(N(Cc2cccc(C#N)n2)C2CCN([C@H](C)CCNC(=O)c3c(C)cc(Cl)nc3C)CC2)cc1,84,training
CCCCc1ccc(NC(=O)C2CC2c2cccnc2)cc1,99.199997,training
Cc1nc(-c2ccc(OCC(C)C)c(C#N)c2)sc1C(=O)O,99.199997,training
O=C(O[C@H]1C[N+]2(Cc3nnc(-c4ccccc4)o3)CCC1CC2)C1(C2=CC=CC2)CCCCCC1,96.5,training
CCc1cc(/C(C)=N/OCc2ccc(C3CCCCC3)c(C(F)(F)F)c2)ccc1CN1CC(C(=O)O)C1,99.900002,training
CCc1cccc(NC(=O)c2cc(Oc3cncnc3)cc(C)n2)n1,96.599998,training
CNC1C(=O)NC2Cc3ccc(cc3)Oc3cc4cc(c3O[C@@H]3OC(C(=O)O)[C@@H](O)[C@H](O)[C@H]3NC(=O)CCCCCCCCC(C)C)Oc3ccc(cc3Cl)[C@@H](O)C3NC(=O)C(NC(=O)C4NC(=O)C(NC2=O)c2cc(cc(O)c2Cl)Oc2cc1ccc2O)c1ccc(O)c(c1)-c1c(O[C@H]2O[C@H](CO)[C@@H](O)[C@H](O)[C@@H]2O)cc(O)cc1C(C(=O)NCCCN(C)C)NC3=O,98,training
C[C@@](C(=O)O[C@H]1C[N+]2(CCCc3ccncc3)CCC1CC2)(c1ccccc1)N1CCCCC1,30,training
O=[N+]([O-])c1cn2c(n1)OC[C@@H](OCc1ccc(N3CCOCC3)cc1)C2,39.400002,training
Cc1cn(C2C=CC(CO)O2)c(=O)[nH]c1=O,3,training
[N]C(=N)NC(=O)Cc1c(Cl)cccc1Cl,72,training
CCNC(=O)CCC/C=C\C[C@@H]1[C@@H](/C=C/[C@@H](O)CCc2ccccc2)[C@H](O)C[C@@H]1O,88,training
O=NN(CCCl)C(=O)NC1CCCCC1,50,training
O=C(O)c1cn(Cc2ccc(-n3cccn3)cc2)c2c(F)ccc(F)c2c1=O,94.900002,training
COc1c(C)c2c(c(OC3OC(C(=O)O)C(O)C(O)C3O)c1C/C=C(\C)CCC(=O)O)C(=O)OC2,82,training
Cn1cnc(S(=O)(=O)N2C[C@@H]3[C@H](C2)C3(CNC(=O)c2c(Cl)cccc2Cl)CC2CC2)c1,92,training
N#CC1(c2cnccn2)CCN(Cc2cc3c(c4ccccc24)CN([C@H]2CCCC[C@@H]2O)C3=O)CC1,85.800003,training
Cc1cc(C2CCN(C(=O)C3CN(C(C)(C)C)C[C@H]3c3ccc(F)cc3F)CC2)n(-c2ccc(Cl)cc2Cl)n1,90,training
COc1ccc2c(ccn2-c2ccc(O[C@H]3O[C@H](CO)[C@@H](O)[C@H](O)[C@@H]3O)c(Cl)c2)c1,96,training
O=C(NCc1ccc(S(=O)(=O)c2cc(F)cc(F)c2)cc1)c1cc2ccncc2s1,99.099998,training
CN1CCc2nc(C#Cc3ccccc3)sc2C1,96.5,training
COc1cccc(CNC(=O)c2cc(-c3nnn(C[C@H]4CO[C@H](CO)CO4)n3)cc(C)n2)c1,86,training
COc1cc2cc(c1Cl)N(C)C(=O)C[C@H](OC(=O)C(C)N(C)C(=O)CCS)[C@@]1(C)O[C@H]1[C@H](C)[C@@H]1C[C@@](O)(NC(=O)O1)[C@H](OC)/C=C/C=C(/C)C2,93,training
CC1(C)CCC(CN2CCN(c3ccc(C(=O)NS(=O)(=O)c4ccc(NCC5CCOCC5)c([N+](=O)[O-])c4)c(Oc4cnc5[nH]ccc5c4)c3)CC2)=C(c2ccc(Cl)cc2)C1,99.900002,training
COC[C@H]1CCCN1C(=O)c1cc(C)cc(C(=O)N[C@@H](Cc2cc(F)cc(F)c2)[C@H](O)[C@H]2C[C@@H](Oc3ccccc3)CN2)c1,96,training
CC[C@@H]1C[C@]1(NC(=O)C1C[C@@H](Oc2cc(-c3csc(NC(C)C)n3)nc3c(Cl)c(OCCN4CCOCC4)ccc23)CN1C(=O)C(NC(=O)OC1C[C@@H]2C[C@@H]2C1)C(C)(C)C)C(=O)O,97.400002,training
COC1=C2C(C)[C@@H](OC(=O)C(O)C(NC(=O)OC(C)(C)C)c3ccccc3)C[C@@](O)([C@@H](OC(=O)c3ccccc3)[C@@H]3[C@]4(OC(C)=O)CO[C@@H]4C[C@H](OC)[C@@]3(C)C1=O)C2(C)C,86,training
NCCCCC1NC(=O)C(Cc2c[nH]c3ccccc23)NC(=O)C(c2ccccc2)NC(=O)C2C[C@@H](OC(=O)NCCN)CN2C(=O)C(Cc2ccccc2)NC(=O)C(Cc2ccc(OCc3ccccc3)cc2)NC1=O,88,training
O=C(O)C1CN(Cc2ccc(-c3noc(-c4onc(-c5ccccc5)c4C(F)(F)F)n3)cc2)C1,99,training
COCCOc1ncc(C(=O)N[C@@H]2CCCC[C@H]2O)cc1-c1ccc(Cl)cc1,96.099998,training
CCc1cc2c(s1)N(C)C(=O)CN=C2c1ccccc1Cl,99,training
CN(C)C(=O)Cn1c(-c2ccccc2)c(C2CCCCC2)c2ccc(C(=O)O)cc21,97.099998,training
COc1cnc2c(C(=O)NCCO)cn(Cc3ncnc(OC)c3C)c2c1,83,training
Cc1cccc([C@H](C)c2c[nH]cn2)c1C,94,training
CCCC[C@@](C)(O)C/C=C/[C@@H]1C(CCCCCCC(=O)O)C(=O)C[C@H]1O,90,training
CC(=O)NC[C@H]1CN(c2ccc(N3CC[Si](C)(C)CC3)c(F)c2)C(=O)O1,94.330002,training
Clc1cc(Cl)cc(CNc2ncncc2-c2ccc3c(c2)OCO3)c1,99.470001,training
CC(C)c1cc(C(C)(C)C)cc(-c2ccc(F)cc2)c1CO,90,training
Cc1cccc(S(=O)(=O)Nc2ccc(C)n(CC(=O)NCCON=C(N)N)c2=O)c1,45.700001,training
Cn1cc(C(=O)Nc2ccc(-c3ccccc3)c(C(F)(F)F)c2)c(=O)c2ccc(CCC(=O)O)cc21,97.800003,training
CN(C(=O)c1ccccc1)[C@@H]1C[C@H]2O[C@@](C)([C@@H]1O)n1c3ccccc3c3c4c(c5c6ccccc6n2c5c31)C(=O)NC4,99.800003,training
C[C@@](C(=O)O[C@H]1C[N+]2(CCOCc3ccccc3)CCC1CC2)(c1ccccc1)N1CCCCC1,98.400002,training
NCCCCC1NC(=O)C(Cc2c[nH]c3ccccc23)NC(=O)C(Cc2ccccc2)NC(=O)C2CCCN2C(=O)C(Cc2ccccc2)NC(=O)C(N)CSSCC(C(=O)O)NC(=O)C(Cc2ccc(O)cc2)NC1=O,61.599998,training
CN1CCC(=C2c3ccccc3C=Cc3ccccc32)CC1,97,training
CC1=C(C(=O)O)N2C(=O)C(NC(=O)C(N)C3=CCC=CC3)C2SC1,5,training
Cc1nc(N)ccc1CNC(=O)Cn1c(C)cc(S(=O)(=O)CC2CCCC2)c(N)c1=O,29,training
Nc1ncnc2c1C(=O)N(c1ccc(-c3ccccc3F)cc1)CCO2,92,training
O=C(O)C1=C(CSc2nnnn2CS(=O)(=O)O)CS[C@@H]2C(NC(=O)C(O)c3ccccc3)C(=O)N12,83,training
O=C(O)C[C@@H](c1cccnc1)N1CCN(CCCc2ccc3c(n2)NCCC3)C1=O,61,training
COC(=O)C1=C(C)N=C(C)C(C(=O)OC(C)C)[C@H]1c1cccc2nonc12,95,training
Cc1nc(N)ccc1CNC(=O)Cn1c(C)cc(S(=O)(=O)CC2CC2)c(N)c1=O,70,training
CCCCCOC(=O)Nc1nc(=O)n(C2OC(C)C(O)C2O)cc1F,57.5,training
CCNC(=O)Nc1nc2cc(-c3cc(C)n(CCOC)c(=O)c3)c(=O)n(C(C)C)c2s1,86,training
Cn1cnc(S(=O)(=O)N2C[C@@H]3[C@H](C2)C3(CNC(=O)c2ccc(Cl)cc2Cl)CC2CC2)c1,95,training
COc1ccc(-c2ccc(S(=O)(=O)NC(C(=O)O)C3CCCC(Nc4ccccc4)C3)cc2)cc1,99.800003,training
C#CC1(O)C=CC2C3CC=C4CC(=O)CCC4C3CCC21CC,99,training
CC(C)C1NC(=O)C(CCCCN)NC(=O)C(Cc2c[nH]c3ccccc23)NC(=O)C(Cc2ccc(O)cc2)NC(=O)C(NC(=O)C(N)Cc2ccc3ccccc3c2)CSSCC(C(=O)NC(C(N)=O)[C@@H](C)O)NC1=O,81.75,training
CCCCCN1C(=O)C2(COc3cc4c(cc32)OCO4)c2ccccc21,97,training
C[C@@H](CO)Nc1ncc2c(n1)CN(C(=O)N[C@H](C)c1ccc(C(F)(F)F)c(F)c1)CC2,98.699997,training
Cc1cc(Cl)nc(C)c1C(=O)NCC[C@@H](C)N1CCC(N(Cc2ccsc2)C(=O)CN2CCOC2=O)CC1,56,training
O=C(C[C@@H](NS(=O)(=O)c1cccc(C(F)(F)F)c1)c1ccc(F)cc1)N[C@@H]1CCOc2cc(CN3CCCCC3)ccc21,94.5,training
N=C1[N]C(C(=NOCC(=O)O)C(=O)NC2C(=O)N(S(=O)(=O)O)[C@@H]2COC(N)=O)=CS1,28,training
CC1=CC=C(C2(C#N)CCN(CC3=C4C=CC=C[N+2]4C(=O)C(C(=O)O)=C3)CC2)N[C-]1,82.5,training
CCOC(=O)C(NC(=O)C1CCn2c(C(=O)c3ccccc3)ccc21)C(C)C,45,training
Cn1c(CO)c(-c2ccccc2)c2cc([N+](=O)[O-])ccc21,99.400002,training
O=C1CC(c2ccccc2)NC(=O)C1Sc1ccccc1Cl,99.699997,training
C[C@@H](O)C1C(=O)N2C(C(=O)O)=C(S[C@@H]3CNC(C(=O)Nc4cccc(C(=O)O)c4)C3)[C@H](C)[C@H]12,93,training
C[C@@H]1CN([C@@H](C)CN(C)C)C(=O)c2cc(NC(=O)Nc3ccccc3)ccc2O[C@@H](C)CCCCO[C@H]1CN(C)S(=O)(=O)c1ccc(F)cc1,99,training
Cc1ccc(=O)n(-c2ccccc2)c1,58,training
Cc1cccnc1CN1CCC2(CC1)C(=O)N(c1ccc(-c3ccc(N4CCOCC4)cc3)cc1)C(=O)N2c1cc(=O)[nH]cn1,97.300003,training
CC1OC(OC2C(O)CC(OC3C(O)CC(OC4CCC5(C)C(CCC6C5CC(O)C5(C)C(C7=CC(=O)OC7)CCC65O)C4)OC3C)OC2C)CC(O)C1O,25,training
Cc1ccc(NC(=O)c2cc(F)cc(N3CCCC3)c2)cc1NC(=O)c1ccc(OCc2ccccn2)cc1,99,training
Cc1cc(NC(=O)C[N+]23CCC(CC2)[C@@H](OC(=O)C2(C4=CC=CC4)CCCCCC2)C3)ncn1,80,training
Cc1ccc(O)c(CNCC23CC4CC(CC(C4)C2)C3)n1,12.2,training
O=c1[nH]c(-c2cc(-c3ccon3)n(Cc3ccccc3F)n2)ncc1F,99.900002,training
Cc1cc2ncc(C(=O)N3CCC([C@H](N)Cc4cc(F)c(F)cc4F)CC3)c(C)n2n1,70,training
Cc1nc(N)nc(-c2cc(Cl)cnc2Nc2cnc(Cl)c(NS(=O)(=O)N(C)C)c2)n1,99.800003,training
CN1CCN(c2ccc3ncc(C(N)=O)c(Nc4ccc(Cl)cc4Cl)c3c2)CC1,98.199997,training
Cc1ccc(-c2ccncc2)cc1NC(=O)c1ccc(OCc2ccccn2)cc1,98.199997,training
Cc1cc(OC(F)(F)F)ccc1-c1c(Oc2ccc(/C=C/C(=O)O)cc2)c2ccc(O)cc2oc1=O,99.879997,training
[N]C(=N)c1ccc(CNC(=O)C2CCN2C(=O)C(NCC(=O)O)C2CCCCC2)cc1,7,training
C[C@H](CO)Nc1nc(SCc2ccco2)nc2[nH]c(=O)sc12,98.199997,training
O=C(NC1Cc2ccccc2N(CC(=O)N2CCC(O)CC2)C1=O)c1cc2cc(Cl)sc2[nH]1,1.83,training
CC(=O)N1CCN(c2nc(C(=O)NCc3ccc(F)cc3)c(O)c3ncccc23)CC1,99,training
CCCCN(CCCC)C[C@H](O)c1cc(Cl)cc2c1-c1ccc(Cl)cc1/C2=C/c1ccc(Cl)cc1,99,training
CC(C)(ON=C(C(=O)NC1C(=O)N2C(C(=O)[O-])=C(C[n+]3ccccc3)CSC12)c1csc(N)n1)C(=O)O,21,training
O=S(O)CNc1ccc(S(=O)(=O)c2ccc(NCS(=O)O)cc2)cc1,69,training
Cc1cc(Cl)ccc1OC1CCN(C[C@H](O)CNC(=O)c2c[nH]nc2C(F)(F)F)CC1,96,training
Cn1cnc(S(=O)(=O)N2C[C@@H]3[C@H](C2)C3(CNC(=O)c2cc(Cl)cc(Cl)c2)CC2CC2)c1,98,training
N#CC1(c2ccccn2)CCN(Cc2cc(C(=O)NC3CCCCC3(F)F)c(=O)n3ccccc23)CC1,89.5,training
C[C@H](CO)Nc1nc(SCc2cccc(F)c2F)nc2[nH]c(=O)sc12,99.709999,training
CC(C)CN(Cc1ccc(-c2ccc(S(C)(=O)=O)cc2)cc1)S(=O)(=O)Cc1ccccc1,99,training
CONC(=O)N(Cc1ccsc1)C1CCN([C@H](C)CCNC(=O)c2c(C)cc(Cl)[n+]([O-])c2Cl)CC1,69,training
COCCOc1cnc2ccc([C@H](C)n3nnc4ccn(-c5cc(C)ns5)c(=O)c43)cc2c1,97.300003,training
O=C(NCc1ccc(N2[C@@H]3CCC[C@H]2CC3)c(C(F)(F)F)c1)Nc1cccc2[nH]ncc12,97,training
Oc1c2c(c(O)n1C[C@@H]1CCCC[C@H]1CN1CCN(c3nsc4ccccc34)CC1)[C@H]1CC[C@@H]2C1,99,training
CC(=O)Nc1ccc2ccn(-c3cc(NCCN4CCOCC4)n4ncc(C#N)c4n3)c2c1,89,training
NC1CSSCC(C(=O)O)NC(=O)C(Cc2ccc(O)cc2)NC(=O)C(Cc2ccc(O)cc2)NC(=O)C(Cc2ccc(O)cc2)NC(=O)C(Cc2ccc(O)cc2)NC(=O)C(Cc2ccc(O)cc2)NC(=O)C(Cc2ccc(O)cc2)NC(=O)C(Cc2ccc(O)cc2)NC1=O,85.5,training
COc1ccc(CNC(=O)c2cc(-c3cncc(Cl)c3)cnc2-c2ccccn2)nc1OC,97,training
CN(C)C(=O)CN1C(=O)C(NC(=O)c2cc3cc(Cl)sc3[nH]2)Cc2ccccc21,0.62,training
Cc1ccc([C@H]2C[C@@H](C(F)(F)F)n3ncc(C(=O)NCc4ccc(F)cn4)c3N2)cc1,99,training
COC(=O)c1c(C#N)nc(C)c(C(=O)OC(C)C)c1-c1cccc([N+](=O)[O-])c1,99.75,training
Cc1cc(-n2nc(C3CCN(C(=O)C4CN(C(C)(C)C)C[C@H]4c4ccc(F)cc4F)CC3)nc2C)ccc1Cl,89,training
COc1ncnc(Cn2cc(C(=O)NCCF)c3ncccc32)c1C,90.199997,training
COCn1ccnc1-c1nc(N2CC[C@@H](NC(=O)c3[nH]c(C)c(Cl)c3Cl)[C@@H](OC)C2)sc1C(=O)O,92.900002,training
CC(C)(CO)c1cc2cc(NC(=O)C3(c4ccc5c(c4)OC(F)(F)O5)CC3)c(F)cc2n1C[C@@H](O)CO,99,training
COc1nc(N2CC3C(=O)N(C)C(N)=N[C@@]3(c3ccc(F)cc3F)C2)nc(C)c1F,95,training
O=C(Nc1nc2cccc(-c3ccc(CN4CCC(F)(F)CC4)cc3)n2n1)C1CC1,70,training
c1ccc2c(Nc3cc(C4CC4)[nH]n3)nc(NC3CCCCC3)nc2c1,99,training
Cn1cnc(S(=O)(=O)N2C[C@@H]3[C@H](C2)C3(CNC(=O)c2ccc(Cl)cc2Cl)c2ccccn2)c1,86,training
Cc1csc(N(C)C(=O)CSc2ccc(-c3ccccc3)nn2)n1,98,training
CCCC1(C(=O)c2ccc(N)c(Cl)c2)CCCN1,42,training
COc1cc(OC)cc(C(=O)Nc2ccc(C)c(C(=O)Nc3cnc(Nc4ccc(N5CCN(C)CC5)cc4)nc3)c2)c1,96.800003,training
CC(C)S(=O)(=O)NCC1CCC(NC(=O)CN2CCc3cc(Cl)ccc32)CC1,99.099998,training
Cc1cnc(N)nc1OCC(C)(C)CO,54,training
CON=C(C(=O)NC1C(=O)N2C(C(=O)OCOC(=O)C(C)(C)C)=C(/C=C\c3scnc3C)CS[C@H]12)c1csc(N)n1,88,training
CC(=O)N1CCN(c2ccc(OCC3COC(Cn4ccnc4)(c4ccc(Cl)cc4Cl)O3)cc2)CC1,99,training
CC(Nc1cccc(Cl)c1F)c1cc(C(=O)NCCN(C)C)cn2c(=O)cc(N3CCOCC3)nc12,96.699997,training
CN(C)c1ccc2nc3ccc(N(C)C)cc3[s+]c2c1,94,training
Cc1ccc(S(=O)(=O)CCCO)cc1C#Cc1cc(Cl)ccc1OCC(=O)O,98.5,training
OC1(Cc2ccc(Cl)c(Cl)c2)c2ccccc2C2=NCCN21,90,training
COCCOc1cc2ncc(C(N)=O)c(Nc3cccc(Cl)c3Cl)c2cc1N1CCN(C)CC1,90,training
CCC(CC)O[C@@H]1C=C(C(=O)O)C[C@H](N=C(N)N)[C@H]1NC(C)=O,8.6000004,training
CCNc1nc(Nc2cc(OC)c(C(=O)N3CCOCC3)cc2Cl)ncc1C(F)(F)F,95.900002,training
O=C(NC1CC1)c1cc2c(Oc3ccc(Cl)cc3)cncc2s1,99.300003,training
COc1ccc2c(-c3cnn(-c4ccccc4)c3)ccnc2c1,99.800003,training
COCCOc1cc2ncc(C(N)=O)c(Nc3cccc(Cl)c3F)c2cc1N1CCN(C)CC1,61,training
CC(C)c1c(C(=O)Nc2ccccc2)c(-c2ccccc2)c(-c2ccc(F)cc2)n1CC[C@@H](O)C[C@@H](O)CC(=O)O,98,training
CCNC(=O)Nc1ccc(-c2nc(N3CCOCC3)c3c(n2)C(C)(C)OC3=O)cc1,98,training
CC(C)c1nnc(N2CCN(c3ncc(OCc4ccncc4C#N)cn3)[C@H](C)C2)o1,92.900002,training
Nc1nccc(/C=C/c2ccccc2)n1,90,training
CCCC1O[C@@H]2C[C@H]3[C@@H]4CC=C5CC(=O)C=C[C@]5(C)[C@H]4[C@@H](O)C[C@]3(C)[C@]2(C(=O)CO)O1,88.25,training
Cc1nc(N)ccc1CNC(=O)Cn1c(C)cc(S(=O)(=O)c2cccs2)c(N)c1=O,40,training
Cc1cccc(Nc2cc(N[C@@H]3CCCC[C@@H]3N)nnc2C(N)=O)n1,90.400002,training
COc1cc2ncc(C(N)=O)c(Nc3cccc(Cl)c3Cl)c2cc1N1CCN(C)CC1,95.5,training
CN(C)C(=O)C(=O)N(C)c1nc(C(=O)NCc2ccc(F)cc2)c(O)c2ncccc12,93.199997,training
C[C@@](C(=O)O[C@H]1C[N+]2(CC(=O)Nc3ccon3)CCC1CC2)(c1ccccc1)N1CCCCC1,80.699997,training
c1ccc(Nc2nc(-c3cn[nH]c3)cs2)nc1,96.5,training
CCC[C@@H]1CC(=O)N(C(CC)C(N)=O)C1,20,training
O=C(c1ccc(F)c(F)c1Nc1ccc(I)cc1F)N1CC(O)([C@@H]2CCCCN2)C1,95,training
CCc1c(CCCC(=O)O)cccc1-c1nnc(-c2ccc(OC(C)C)c(C#N)c2)s1,99.489998,training
COc1nc(-c2nc(Nc3cc(C(F)(F)F)ccc3F)n(C)n2)ccc1-n1cnc(C)c1,98,training
CCCNC(=O)N=S(=O)(O)c1ccc(Cl)cc1,96,training
C=CC(=O)Nc1cc(Nc2ncc(Cl)c(-c3cnn4ccccc34)n2)c(OC)cc1N1CC[C@@H](N(C)C)C1,97.300003,training
CC(C)c1cnn2c(NCc3ccccc3)cc(N[C@@H](CO)[C@H](O)CO)nc12,94.300003,training
COc1cc(OC)nc(C2CCCCC2C(=O)NCc2cccc(Cl)c2)n1,95.400002,training
CCCCC[C@@H](O)CC[C@H]1[C@@H]2Cc3cccc(OCC(=O)O)c3C[C@@H]2C[C@@H]1O,91,training
N#Cc1ccc2[nH]cc(CCCCN3CCN(c4ccc5oc(C(N)=O)cc5c4)CC3)c2c1,98,training
Oc1ccc2c(c1)[C@@]13CCCC[C@@]1(O)[C@@H](C2)N(CC1CCC1)CC3,80,training
O=C(N[C@H]1CCC[C@@H]1OCc1ccccc1)C1CCN(c2nc3cc(Cl)ccc3o2)CC1,98,training
O=C(N[C@H]1CCCC[C@@H]1O)c1cc(CN2CCN(c3cc4ccccc4cn3)CC2)c2ccccn2c1=O,91.300003,training
COc1cc(N2CCN(C(=O)C3CCCCC3C(=O)NC3(C#N)CC3)[C@H](C)C2)ccc1C1CC1,91.900002,training
COC(=O)NC(C(=O)N1CCC[C@H]1c1nc(-c2ccc(-c3ccc(-c4c[nH]c([C@@H]5CCCN5C(=O)C(NC(=O)OC)C(C)C)n4)cc3)cc2)c[nH]1)C(C)C,99,training
Cc1n[nH]c(C)c1[C@H](C)NC(=O)COc1cc(C(F)(F)F)c2c(-c3ccccc3)nn(C)c2n1,96,training
CON=C(C(=O)NC1C(=O)N2C(C(=O)O)=C(CSc3nc(C)c(CC(=O)O)s3)CSC12)c1csc(N)n1,81,training
COc1ccc([C@H](CC(=O)O)N2CCN(CCCc3ccc4c(n3)NCCC4)C2=O)cc1F,95,training
COc1ccc2ncc(=O)n(CC(N)C3(F)CCC(NCc4ccc5c(n4)NC(=O)CO5)CC3)c2c1,32,training
COc1cccc(Oc2cccc(N3CCCCC3)c2CN=C(N)NC(=O)c2ccc(CC(N)C(=O)O)cc2)c1,88,training
CC[C@H]1CN2CCc3c([nH]c4ccccc34)[C@H]2C[C@@H]1C[C@@H]1NCCc2c1[nH]c1ccccc21,95,training
C=C1CC[C@H](O)C/C1=C\C=C1/CCC[C@]2(C)[C@@H]([C@H](C)CCCC(C)C)CC[C@@H]12,68,training
Cn1cc(CNc2cc(OC[C@H]3C[C@@H]3c3ccccn3)nc3ccnn23)cn1,94,training
CCNC(=O)Nc1nc2cc(-c3cncc(OC)c3)c(=O)n(C(C)C)c2s1,92,training
CN1CC(F)(F)C[C@H]1c1nc(C(=O)NCc2ccc(F)cc2)c(O)c(=O)n1C,88,training
C/C=C/CC(C)C(O)C1C(=O)NC(CC)C(=O)N(C)CC(=O)N(C)C(CC(C)C)C(=O)NC(C(C)C)C(=O)N(C)C(CC(C)C)C(=O)NC(C)C(=O)NC(C)C(=O)N(C)C(CC(C)C)C(=O)N(C)C(CC(C)C)C(=O)N(C)C(C(C)C)C(=O)N1C,90,training
C=CC[N+]1(C2CC3C4CCC5CC(OC(C)=O)C([N+]6CCCCC6)CC5(C)C4CCC3(C)C2OC(=O)CC)CCCCC1,68.5,training
C[N+]CC(O)c1ccc([O-])c(OC)c1,5,training
Cc1ccc(-c2ccc(N)nn2)cc1NC(=O)c1ccc(OCc2ccccn2)cc1,94.800003,training
N#Cc1ccc(-c2ccc(C3=NOC(c4ccccc4-c4cncnc4)N3c3ccc(N4CCNCC4)cc3)o2)cc1,96.5,training
N#Cc1cc(Cl)c(C(=O)Nc2ccnc(NC(=O)C3C[C@H]3F)c2)c(Cl)c1,93.199997,training
c1ccc(-c2nc(Nc3cc(C4CC4)[nH]n3)c3ccccc3n2)cc1,99,training
CC1=C(/C=C/C(C)=C/C=C/C(C)=C/CO)C(C)(C)CCC1,95,training
Cc1cccc(C)c1OCC(=O)NC(Cc1ccccc1)C(O)CC(Cc1ccccc1)NC(=O)C(C(C)C)N1CCCNC1=O,98,training
COc1cc(Nc2nc3c(cc2F)ncn3[C@@H](CO)c2ccc(F)cn2)[nH]n1,85,training
COC(=O)N1CCN(C2CCN(c3cc(C)c4[nH]c(-c5c(NCCc6ncn(C)c6Cl)cc[nH]c5=O)nc4c3)CC2)CC1,89,training
O=C(O)c1cc(Cc2ccccc2)c2ccccn2c1=O,100,training
C[C@@H]1C[C@H]2[C@@H]3CC=C4CC(=O)C=C[C@]4(C)[C@@]3(Cl)[C@@H](O)C[C@]2(C)[C@@]1(O)C(=O)CCl,98.5,training
CC(=O)c1cc2c(Oc3ccc(Cl)cc3)cncc2s1,99.699997,training
COc1ccc(-n2nc(C#N)c3c2C(=O)N(c2ccc(C4(CN5CCCC5)CC4)cc2)CC3)cc1,68,training
CNC(=O)c1ccc2c(c1)OCCc1cc(C(=O)N(C)c3ccc(C(=O)N(C)C)cc3Cl)sc1-2,97,training
O=C(Nc1cc(-c2cc3c([nH]2)C2(CCCNC2)CNC3=O)ccn1)c1ccc2ccccc2c1,99.599998,training
CCC(O)(CC)CCCCCCN1C[C@H](O)[C@@H](O)[C@H](O)[C@H]1CO,33,training
C[C@@](C(=O)O[C@H]1C[N+]2(CC(N)=O)CCC1CC2)(c1ccccc1)N1CCCCC1,63.799999,training
Cc1c(Cc2ccc(=O)n(Cc3ccc(C(O)(C(F)(F)F)C(F)(F)F)cc3)n2)c2cc(F)ccc2n1CC(=O)O,98,training
C[C@@](C(=O)O[C@H]1C[N+]2(CCc3cccc(Cl)c3)CCC1CC2)(c1ccccc1)N1CCCCC1,96.5,training
CC[C@H]1[C@@H](O)[C@@H]2[C@H](CC[C@]3(C)[C@@H]([C@H](C)CCC(=O)O)CC[C@@H]23)[C@@]2(C)CC[C@@H](O)C[C@@H]12,99,training
CC#CCn1c(N2CCC[C@@H](N)C2)nc2c1c(=O)n(Cc1nc(C)c3ccccc3n1)c(=O)n2C,84,training
CCCCc1cc(C(=O)NC(CCC(=O)O)C(=O)N2CCN(C(=O)OCC)CC2)nc(-c2ccccc2)n1,99.300003,training
COc1ccc(F)c(F)c1C1CCN(c2ccn3c(CC4CC4)nnc3c2Cl)CC1,99,training
CC(C)N(CCO)Cc1csc(-c2cn(CC3CCOCC3)c3c(Cl)cccc23)n1,99.199997,training
O=C(OC1C[C@H]2CC[C@@H](C1)[N+]21CCCC1)C(O)(c1ccccc1)c1ccccc1,67.5,training
Cc1ccc(NC(=O)c2ccc(CN3CCN(C)CC3)cc2)cc1[N+]c1nccc(-c2cccnc2)n1,95,training
CCOC(=O)c1cc(C#N)c(N2CC(NC(=O)NS(=O)(=O)Cc3ccccc3)C2)nc1C,98.5,training
N#C[C@@H]1CCCN1C(=O)CNC12CC3CC(CC(O)(C3)C1)C2,9,training
COc1cc(N2C(=O)N(Cc3c(F)cc(F)cc3F)c3ncccc3S2(=O)=O)cnc1OC,98.099998,training
C[C@@](C(=O)O[C@H]1C[N+]2(CCCc3cc4ccccc4s3)CCC1CC2)(c1ccccc1)N1CCCCC1,99.699997,training
CC(C(=O)O[C@@H]1CC[N+](C)(C)C1)(c1ccccc1)C1CCCC1,77,training
NC(=O)C1[C@H](c2ccccc2)CCN1C(=O)C(N)Cc1ccccc1,40,training
O=C(O)c1cc(CN2CCc3ccccc3C2c2ccncc2)c2ccccn2c1=O,96,training
CC(C)C(=O)Nc1ccc([N+](=O)[O-])c(C(F)(F)F)c1,95,training
O=C(Nc1ccnc(NC(=O)C2C[C@H]2F)c1)c1c(Cl)cccc1Cl,97.5,training
NC(=O)N1c2ccccc2C[C@@H](O)c2ccccc21,40,training
CCOc1ccc(-c2ccc(Cn3c(CC(C)(C)C(=O)O)c(SC(C)(C)C)c4cc(OCc5ccc(C)cn5)ccc43)cc2)cn1,99.5,training
O=C(O)CCc1nc(-c2ccccc2)c(-c2ccccc2)o1,99,training
Cc1nn(C)cc1-c1nc2c(N3CCN(Cc4ccc(Cl)cc4)CC3)c(Cl)cnc2[nH]1,97.300003,training
O=[N+]([O-])O[C@@H]1CO[C@H]2[C@@H]1OC[C@@H]2O,3,training
C[C@@](C(=O)O[C@H]1C[N+]2(CCOc3ccc(Cl)cc3)CCC1CC2)(c1ccccc1)N1CCCCC1,99.199997,training
O=C(C1CC2CCC1C2)N1CC(c2nc(-c3cccc(F)c3)no2)C1,99.300003,training
CC(C)Oc1cc2ncc(C(N)=O)c(Nc3ccc(Cl)c(Cl)c3)c2cc1N1CCN(C)CC1,99,training
Nc1nc2c(c(N3CCNCC3)n1)CCc1ccccc1-2,41,training
CS(=O)(=O)c1ccc(F)cc1C(=O)N1CCC(N(C2CC2)S(=O)(=O)c2cccc(C(F)(F)F)c2)CC1,98.599998,training
CCN1CCN(C(=O)NC(C(=O)NC2C(=O)N3C(C(=O)O)=C(CSc4nnnn4C)CS[C@H]23)c2ccc(O)cc2)C(=O)C1=O,90.5,training
COc1cc2c(cc1OC)CC(=O)N(CCCN(C)C[C@H]1Cc3cc(OC)c(OC)cc31)CC2,70,training
N=C(N)NCCCC(NC(=O)C1CCCN1C(=O)C1CSSCC(N)C(=O)NC(Cc2ccc(O)cc2)C(=O)NC(Cc2ccccc2)C(=O)NC(CCC(N)=O)C(=O)NC(CC(N)=O)C(=O)N1)C(=O)NCC(N)=O,1,training
Cc1cc(=O)n(C[C@H](N)C2CCC(NCc3ncc4c(n3)NC(=O)CO4)CC2)c2cc(F)ccc12,34,training
CC1C=C[C-]C(C2(C#N)CCN(CC3=C[C+](C(=O)[O-])C(=O)[n+]4ccccc43)CC2)=C1,95.199997,training
CC(=O)N(C)CCc1cc(Br)c(OCCCN=c2ncn(C)c3[nH]cnc23)c(Br)c1,69.849998,training
N#CC1(c2ccncn2)CCN(Cc2cc3c(c4ccccc24)CN([C@H]2CCCC[C@@H]2O)C3=O)CC1,93,training
CS(=O)(=O)NCC1CCC(Nc2nc3c(s2)CCSc2ccccc2-3)CC1,98.199997,training
Nc1nc(=O)c2ncn(COCCO)c2[nH]1,21,training
CN1CCN(c2ccc(C3CC(c4ccc([N+](=O)[O-])o4)=NO3)cn2)C(=O)C1,48.900002,training
CC(C)CC(=O)Nc1[nH]nc2c1CN(C(=O)C1CCN(C)CC1)C2(C)C,54,training
Cc1ccccc1C(C(=O)NC1CCCCC1)N(C(=O)Cn1ccnc1C)c1cccc(F)c1,95.699997,training
NC(=O)CN1CCN(Cc2nc(-c3cn(CC4CCOCC4)c4c(Cl)cccc34)no2)CC1,96,training
CC1CCC(O)C/C1=C/C=C1\CCCC2(C)C1CCC2C(C)/C=C/C(C)C(C)C,99,training
C[C@@H]1CN(c2nc(C(F)(F)F)no2)CCN1c1ncc(OCc2ccc(CS(C)(=O)=O)cc2F)cn1,99.400002,training
C[C@H]1C(NC(=O)C(=NOCC(=O)O)c2csc(N)n2)C(=O)N1C(=O)NS(=O)(=O)N1C[C@@H](NC(=O)NCc2cc(=O)c(O)cn2O)CC1=O,74,training
OC1(Cc2ccc3ccccc3c2)c2ccccc2C2=NCCN21,90,training
Cc1nc(C2CCN(C(=O)C3CNC[C@H]3c3ccc(F)cc3F)CC2)n(-c2ccc(Cl)cc2)n1,88,training
CCc1c(CCCC(=O)O)cncc1-c1nsc(-c2ccc(OC(C)C)c(Cl)c2)n1,99.809998,training
C[C@]1(C(=O)N(CCCC(=O)O)Cc2cccc(Cl)c2)CCN1C(=O)c1csc2ccccc12,98.599998,training
C=CC(=O)Nc1cc(Nc2ncc(Cl)c(-c3cn(C)c4ccccc34)n2)c(OC)cc1N(C)CCN(C)C,97.699997,training
O=C(O)c1cc(Cc2ccc(Cl)cc2)c2ccccn2c1=O,100,training
CCOC(=O)C(CCc1ccccc1)NC(C)C(=O)N1C(C(=O)O)C[C@@H]2CCC[C@@H]21,73,training
[N]C(N)=NC(=N)NCCc1ccccc1,16,training
CN1C(=O)C(O)N=C(c2ccccc2Cl)c2cc(Cl)ccc21,88,training
CC(C)[C@H]1CCCC(C(=O)NC(Cc2ccccc2)C(=O)O)C1,98,training
CCCCCC/C(C=O)=C/c1ccccc1,99.019547,training
COc1ccc(-c2c(CO)n(C)c3ccc(S(C)(=O)=O)cc23)cn1,97.400002,training
Nc1ccn([C@@H]2O[C@H](CO)[C@@H](O)C2(F)F)c(=O)n1,2,training
Cc1cc(C2CCN(C(=O)C3C[C@](C)(N)C[C@H]3c3ccc(F)cc3F)CC2)n(-c2ccc(F)c(Cl)c2)n1,94.399994,training
Cc1ccncc1CN(c1ccccc1)C1CCN([C@H](C)CCNC(=O)c2c(C)cc(C#N)nc2C)CC1,94,training
Cc1nc(C)c(CNc2cc(C3CC3)nc3ccnn23)s1,92,training
Cc1nc(-c2cnn(C)c2-c2ccc(C(F)(F)F)cc2)c2c(N3CC(F)C3)ncnn12,83,training
N[C@H]1C[C@@H](N2Cc3nn4cccnc4c3C2)CC[C@@H]1c1cc(F)c(F)cc1F,72,training
Cc1[nH]c(C(=O)N[C@@H]2CCN(c3ncc(C(=O)O)s3)CC23OCC2(CC2)CO3)c(Cl)c1Cl,98.800003,training
OCCOc1ccc(/C(=C(/CCCl)c2ccccc2)c2ccccc2)cc1,99,training
CO[C@H]1CN(c2nc(CO)c(C(=O)O)s2)CC[C@H]1NC(=O)c1[nH]c(C)c(Cl)c1Cl,97.099998,training
COc1ccc(-c2c(-c3nc(C)n4ncnc(N5CCC5)c34)cnn2C)c(C)c1,77,training
CC(C)(O)c1cc2nc(-c3cnc(N)nc3)nc(N3CCOCC3)c2s1,49,training
OC1(Cc2ccc(Cl)cc2)c2ccccc2C2=NCCN21,90,training
CCCCNC(=O)N1Cc2[nH]nc(NC(=O)C(C)c3ccc4ccccc4c3)c2C1,99,training
C[C@H]1C(NC(=O)C(=NOC(C)(C)C(=O)O)c2csc(N)n2)C(=O)N1C(=O)NS(=O)(=O)N1C[C@@H](NC(=O)c2cc(=O)c(O)cn2O)CC1=O,92,training
NC1(C(=O)N[C@@H](CCO)c2ccc(Cl)cc2)CCN(c2ncnc3[nH]ccc23)CC1,77.699997,training
CC1(C)CCn2nc(COc3ccccc3)cc2C1=O,90,training
O=[N+]([O-])c1cn2c(n1)OC[C@@H](OCc1ccc(N3CCCCC3)nc1)C2,76.699997,training
Nc1ncnc2c1C(=O)N(c1ccc(-c3c(F)cccc3F)cc1)CCO2,90.5,training
CN(C(=O)CS(=O)(=O)N(C)C)[C@H]1CCCn2c1nc(C(=O)NCc1ccc(F)cc1)c(O)c2=O,79.5,training
CN1CCN(CCN(C)C2COc3ccccc3-c3c(C4CCCCC4)c4ccc(C(=O)O)cc4n3C2)CC1,98.900002,training
O=C(NC1Cc2ccccc2N(CCCO)C1=O)c1cc2cc(Cl)sc2[nH]1,0.22,training
COC1C(O)CC(=O)CC(C)C/C=C/C=C\C(OC2CCC(N(C)C)C(C)O2)C(C)CC(CC=O)C1OC1OC(C)C(OC2CC(C)(O)C(O)C(C)O2)C(N(C)C)C1O,15,training
O=C(O)CN1C(=O)[C@@]2(CC(=O)N(Cc3cc(Cl)ccc3F)C2)c2cc(Cl)ccc21,99,training
N#Cc1cnc2c(ccn2-c2ccc(O[C@H]3O[C@H](CO)[C@@H](O)[C@H](O)[C@@H]3O)c(Cl)c2)c1,95,training
N#CCN1C(=O)C(NC(=O)c2cc3cc(Cl)sc3[nH]2)Cc2ccccc21,0.090000004,training
CNC(=O)O/N=C(\SC)C(=O)N(C)C,20.7423,training
Cn1nc(C(C)(C)C)cc1NC(=O)C(C)(C)S(=O)(=O)c1ccc(Cl)cc1,93.599998,training
CN1C2CCC1C(c1cncc(I)c1)C2,40,training
CN=C1Nc2nc(C)ccc2C(c2ccccc2)=NC1c1cccs1,96.099998,training
CO[C@H]1CN(c2nc(C)c(C(=O)O)s2)CC[C@H]1NC(=O)c1[nH]c(C)c(Cl)c1Cl,98.199997,training
Cc1ccc([C@H]2C[C@@H](C(F)(F)F)n3ncc(C(=O)NCc4ccc(F)cc4)c3N2)cc1,99,training
CC(NCc1ccc(OCc2cccc(F)c2)cc1)C(N)=O,88,training
C#CCOCC(C(=O)N1CC[C@@H]2C[C@@H]3CCCC(NC(=O)C(C)NC)C(=O)N3[C@@H]2C1)c1ccccc1,84.5,training
CC(=O)NCC1CCC(c2nc(-c3cc4ccccc4[nH]3)c3c(N)nccn23)CC1,90.300003,training
O=C(NC1CCCCC1)N1CCC(c2nc(-c3ccc4ccccc4n3)no2)CC1,99.5,training
CC(C)C(=O)N1CCC(NC(=O)Nc2ccc(OC(F)(F)F)cc2)CC1,89,training
CN(C)C(=O)CN(C)c1nc(C(=O)NCc2ccc(F)cc2)c(O)c2ncccc12,83.300003,training
Cc1ccc(-c2cccnc2)cc1NC(=O)c1ccc(OCc2ccccn2)cc1,99,training
Cc1[nH]c(C(=O)N[C@@H]2CCN(c3ncc(C(=O)O)s3)C[C@@H]2C)c(Cl)c1Cl,97.699997,training
COC(=O)/C=C/C(=O)O,36,training
Fc1ccccc1-c1cc(NCOc2cccnc2)n2ncc(Br)c2n1,95,training
CO[C@H]1/C=C/O[C@@]2(C)Oc3c(C)c(O)c4c(O)c(c(C=NN5CCN(C6CCCC6)CC5)c(O)c4c3C2=O)NC(=O)C(C)=CC=CC(C)[C@H](O)[C@@H](C)[C@@H](O)[C@@H](C)[C@H](OC(C)=O)[C@@H]1C,97.699997,training
CCN(CC)C(=O)c1ccc(C2=CC3(CCNCC3)Oc3ccccc32)c(O)c1,63.5,training
O=C(C[N+]12CCC(CC1)[C@@H](OC(=O)C1(C3=CC=CC3)CCCCCC1)C2)Nc1cccc(F)c1,99.699997,training
COc1noc2c(F)c3c(cc12)CC1(C(=O)NC(=O)NC1=O)[C@H]1[C@H](C)O[C@H](C)CN31,91,training
N#CC1(c2cccc(Cl)n2)CCN(CC2=C3C=CC=C[N+]3C(=O)C(C(=O)[O-])=C2)CC1,92.900002,training
CCCNC(=O)c1cc(F)ccc1CNC(=O)c1nc(C(C)(C)C)n(C)c(=O)c1O,98,training
C[C@@](C(=O)O[C@H]1C[N+]2(CC(=O)Nc3ccccc3)CCC1CC2)(c1ccccc1)N1CCCCC1,98.599998,training
OC[C@H](O)c1oc(O)c(O)c1O,15,training
CC(C)(O)C1CCN(Cc2ccc3nc(-c4c(F)ccc5[nH]ccc45)nc(N4CCOCC4)c3n2)CC1,86,training
CCc1c(CCCC(=O)O)cccc1-c1nsc(-c2ccc(OC(C)C)c(C#N)c2)n1,99.790001,training
O=C(O)C[C@H](NC(=O)CN1CCC(CCc2ccc3c(n2)NCCC3)C1=O)c1cccnc1,55.400002,training
Cc1ccc2c(c1)c(-c1ccnc3c(C(F)(F)F)cccc13)c(C)n2CC(=O)O,99.599998,training
CO/N=C1/CCCC(C(NS(=O)(=O)c2ccc(-c3ccc(OC)cc3)cc2)C(=O)O)C1,99.699997,training
CC(C)NC(=O)c1cc(F)ccc1CNC(=O)c1nc(C(C)(C)C)n(C)c(=O)c1O,99,training
CNCc1nccn1-c1ccc(NC(=O)c2cc(C(F)(F)F)nn2-c2ccc3onc(N)c3c2)c(F)c1,85.599998,training
CCNC(=O)Nc1nc2cc(-c3ccc4ncnn4c3)c(=O)n(C(C)C)c2s1,80,training
CCNC(=O)Nc1nc2cc(-c3ccc(-c4nnnn4C)nc3)c(=O)n(C(C)C)c2s1,93,training
CC(C)Cn1c(=O)n(C)c(=O)c2c(C(=O)N3CC[C@@H](O)C3)c(Cc3ccnc4ccccc34)sc21,64,training
COC(=O)NC(C(=O)N1CC2(CC2)C[C@H]1c1nc(-c2ccc3c(c2)C(F)(F)c2cc(-c4ccc5[nH]c([C@@H]6[C@H]7CC[C@H](C7)N6C(=O)C(NC(=O)OC)C(C)C)nc5c4)ccc2-3)c[nH]1)C(C)C,99.900002,training
Cn1cc(S(C)(=O)=O)cc1-c1c2c(=O)n(C)c(=O)n(CC3CC3)c2nn1Cc1ccnc2ccc(Cl)cc12,97,training
C[C@H]1C(NC(=O)C(=NOC(C)(C)C(=O)O)c2csc(N)n2)C(=O)N1C(=O)NS(=O)(=O)n1nc(-c2cc(=O)c(O)c[nH]2)n(C[C@@H](O)CO)c1=O,96,training
CCOC(=O)C(C)C[C@@H](Cc1ccc(-c2ccccc2)cc1)NC(=O)CCC(=O)O,94.5,training
C[S+]([O-])CCN1C(=O)C(NC(=O)c2cc3cc(Cl)sc3[nH]2)Cc2ccccc21,1.11,training
CCNC(=O)Nc1cc(-c2nc(C(F)(F)F)cs2)c(-c2cncc(-c3nn[nH]n3)c2)cn1,86,training
Cc1cc(Cl)ccc1OC1CCN(C[C@H](O)CNC(=O)c2c[nH]c(=O)cc2C(F)(F)F)CC1,86,training
CCOc1cc2ncc(C(N)=O)c(Nc3ccc(F)cc3F)c2cc1N1CCCN(C)CC1,69,training
Nc1ncnc2c1C(=O)N(c1ccc(-c3ccc(CC(=O)O)cc3Cl)cc1)CCO2,94.400002,training
NC(=O)C1CC[C@@H]2CN1C(=O)N2OS(=O)(=O)O,6.9500003,training
CCc1cc(Sc2noc(CCC(=O)O)n2)nc(C2CCCCC2C(=O)NCc2ccc(Cl)c(Cl)c2)n1,98,training
C[C@H](N)[C@H](O)c1cccc(O)c1,45,training
CC(C)NC(=O)C1CCC(n2c(NC(=O)c3ccc(F)cc3)nc3ccc(CN4CCC(C(C)(C)O)CC4)cc32)CC1,94.699997,training
COCC(=O)N(Cc1ccsc1)C1CCN([C@H](C)CCNC(=O)c2c(C)cc(Cl)nc2C)CC1,37,training
CN1CCc2nc(C(=O)N[C@@H]3CC(C(=O)N(C)C)CC[C@@H]3NC(=O)C(=O)Nc3ccc(Cl)cn3)sc2C1,55,training
CCC(=O)N[C@H]1CCC(C(=O)N(C)c2ccc(-c3nc4ccccc4o3)cc2)C1,97.599998,training
CN1[C@@H]2CC(OC(=O)C(CO)c3ccccc3)C[C@H]1[C@@H]1O[C@@H]12,10,training
CCNC(=O)Nc1cc(-c2nc(C(F)(F)F)cs2)c(-c2cncc(C(=O)O)c2)cn1,91.800003,training
CN(Cc1ccccc1)C(=O)C(NC(=O)c1cc2cc(NC(=O)c3ccccc3-c3ccc(C(F)(F)F)cc3)ccc2n1C)c1ccccc1,99.029999,training
Cc1c(CC(=O)O)c2cccnc2n1S(=O)(=O)c1ccc(F)c(F)c1,89.800003,training
CN(C)CC[C@@H](c1ccccc1)n1cc(NC(=O)c2[nH]nc3cc(-c4cn[nH]c4)ccc23)cn1,97,training
C[C@@H]1CN(c2nc(C(F)(F)F)no2)CCN1c1ncc(OCc2ccncc2C#N)cn1,99,training
CN[C@@H]1CCN(c2cc(NCC3CC3)nc(N)n2)C1,16,training
O=C(NOCCO)c1cc(F)c2cncn2c1Nc1ccc(I)cc1F,97,training
COc1c(C(=O)N[C@H]2CCCC[C@@H]2O)cc(Cc2ccc(-n3cccn3)nc2)c2ccccc12,98.599998,training
c1ccc(N2CCN(CC3CCCCN3)C2)cc1,21.5,training
O=S(=O)(Nc1cccc(CCc2ccccn2)c1)c1cc(Cl)ccc1Cl,90,training
O=C1CC(c2ccccc2)OC(=O)C1Sc1ccccc1Cl,99.199997,training
CC/C(=C(\c1ccccc1)c1ccc(/C=C/C(=O)O)cc1)c1ccccc1,99.800003,training
O=C(O)c1cc(CN2CCC(n3cnc4ccccc43)CC2)c2ccccn2c1=O,79,training
CC(C)C[C@H](NC(=O)CNC(=O)c1cc(Cl)ccc1Cl)B(O)O,99,training
Oc1c(C2CCC(c3ccc(Cl)cc3)CC2)c(O)c2ccccc2c1O,100,training
CC1(C)C(C(=O)O)N2C(=O)C[C@H]2S1(=O)=O,38,training
Cn1cc(C(=O)Nc2ccc(-c3ccccc3)c(C(F)(F)F)n2)c(=O)c2cnccc21,98,training
CN(C)S(=O)(=O)c1ccc(F)c(C#Cc2cc(Cl)ccc2OCC(=O)O)c1,99.099998,training
CCC(=NOC/C=C/Cl)C1C(=O)CC(C2CCOCC2)CC1=O,61.6567,training
CC(Nc1ccc(F)c(F)c1)c1cc(C(=O)N(C)C)cn2c(=O)cc(N3CCOCC3)nc12,86,training
CCC1(O)C(=O)OCc2c1cc1n(c2=O)CC2=Cc3c(ccc([O-])c3CN(C)C)[N+]=C21,35,training
O=C(NCc1ccc(S(=O)(=O)c2cccc(C(F)(F)F)c2)cc1)c1cc2cnccc2[nH]1,99.400002,training
CCNC(=O)Nc1nc2cc(-c3cccnc3)c(=O)n(CCC(C)C)c2s1,94,training
Cc1ccc(O)c(C(=O)NC2CCC(NC(=O)c3cc(F)cnc3Oc3cccc(-c4ccc(CN5C[C@@H](C)N[C@@H](C)C5)cc4CN4CCOCC4)c3)CC2)c1,98.699997,training
Cc1ccc(-c2nccn2C)cc1NC(=O)c1ccc(OCc2ccccn2)cc1,94.900002,training
O=C(Nc1ccc(F)c(F)c1)N1CCC2(CC1)C(=O)N(c1ccc(F)c(Cl)c1)C2c1ccccn1,99.900002,training
Cn1c(=O)c2[nH]cnc2n(C)c1=O,40,training
CN1CCN2c3c(cccc31)[C@@H]1CN(CCCC(=O)c3ccc(F)cc3)CC[C@@H]12,97.400002,training
CC(C)N(Cc1ccccc1)C(=O)c1ccc2ccccc2c1,95.699997,training
CC(C)(C)NC(=O)C1CN(Cc2cccnc2)CCN1CC(O)CC(Cc1ccccc1)C(=O)NC1c2ccccc2CC1O,60,training
Cc1cc(Nc2ccc(C(C)(C)C)cc2)n2ncnc2n1,93.199997,training
O=C(O)c1cc(CN2CCN(c3ccc(Br)cc3)CC2)c2ccccn2c1=O,93.5,training
C=[N+]1NC(=O)C(=O)N=C1SCC1=C(C(=O)[O-])N2C(=O)C(=NC(=O)C(NOC)C3=CSC(=N)[N]3)C2SC1,93.800003,training
COC(=O)NC(C(=O)N1CCCC1C(=O)Nc1ccc([C@@H]2CC[C@@H](c3ccc(NC(=O)C4CCCN4C(=O)C(NC(=O)OC)C(C)C)cc3)N2c2ccc(C(C)(C)C)cc2)cc1)C(C)C,99.900002,training
O=C(C1CC12CCN(C1CCOCC1)CC2)N1CCN(C2CCC2)CC1,9,training
CC(C)[C@@H]1NC(=O)[C@H](C)NC(=O)[C@H](CO)NC(=O)[C@H](Cc2ccc(O)cc2)NC(=O)[C@H](C(C)C)NC(=O)[C@H](Cc2ccccc2)NC(=O)[C@@H](N)CSSC[C@@H](C(=O)O)NC1=O,15.3,training
CO[C@H]1CN(c2nc(C(=O)NN3CCOCC3)c(C(=O)O)s2)CC[C@H]1NC(=O)c1[nH]c(C)c(Cl)c1Cl,92.900002,training
OCCCNc1ccc2c(c1)nc(-c1ccc3c(c1)OCO3)n1ncnc21,92,training
Oc1ccc(Nc2ncc(-c3ccncc3-c3ccccc3Cl)s2)cc1,100,training
COc1ccc([C@H](CC(=O)O)N2CCN(CCCc3ccc4c(n3)NCCC4)C2=O)cn1,62.666664,training
N#CC1(c2cccnn2)CCN(Cc2cc3c(c4ccccc24)CN([C@H]2CCCC[C@@H]2O)C3=O)CC1,85.400002,training
COc1c(OCCCN2CCOCC2)ccc2c3n(c(=NC(=O)c4cnc(N)nc4)nc12)CCN3,84.199997,training
O=C1NCC2(CCNCC2)c2[nH]c(-c3ccnc(-c4ccc5c(c4)OCO5)n3)cc21,97,training
COc1ccc([C@]23c4ccccc4C(=O)N2CCN3C(=O)c2cc(F)c(F)c(F)c2)cc1C,98.699997,training
COc1c(-c2ccc3cc(NS(C)(=O)=O)ccc3c2)cc(-n2ccc(=O)[nH]c2=O)cc1C(C)(C)C,99.5,training
CN(C)S(=O)(=O)N(C)[C@H]1CCCn2c1nc(C(=O)NCc1ccc(F)cc1)c(O)c2=O,84,training
OCCCc1cc(-c2cncc(OC[C@@H]3CCN3)c2)on1,0.40000001,training
CCNC(=O)Nc1ccc(-c2nc(N3CCOC[C@@H]3C)c3c(n2)[C@](C)(CC(C)(C)O)OC3)cc1,74,training
CO[C@H]1CN(c2nc3cccc(C(=O)O)c3s2)CC[C@H]1NC(=O)c1[nH]c(C)c(Cl)c1Cl,99,training
O=C1CC(c2ccccc2)NC(=O)C1Oc1ccccc1Cl,97.800003,training
Cc1nccnc1-c1ccc(CC(=O)N[C@H](C)c2ccc(OCC(F)(F)F)cn2)cc1,96.800003,training
Nc1[nH]c(=O)ncc1F,4,training
C#CCC(C(=O)N[C@H](/C=C/C(=O)OCc1ccccc1)CC1CCNC1=O)n1cccc(NC(=O)c2cc(C)on2)c1=O,13,training
COc1c(C(=O)N[C@H]2CCCC[C@@H]2O)cc(Cc2ccc(Cl)nc2)c2ccccc12,90,training
Oc1ccc(CCCCNC[C@H](O)c2ccc(O)c(O)c2)cc1,58,training
CCOc1cc2ncc(C(N)=O)c(Nc3ccc(F)cc3F)c2cc1N1CCN(C)CC1,89,training
COc1cc(CC2(O)c3ccccc3C3=NCCN32)cc(OC)c1OC,90,training
Cc1nc(Oc2ccc(C(=O)O)cc2)ccc1CN1CCC(N2C(=O)N(C3CCOCC3)C[C@H]2c2ccccc2)CC1,93.300003,training
C[C@]1(CS(=O)(=O)N2CCC(Oc3ccc(OC(F)(F)C(F)F)cc3)CC2)NC(=O)NC1=O,95,training
CC(C)Cc1ccc(C(C)C(=O)O)cc1,95,training
Cc1ccc(Cl)c(OCC(O)CNC(C)(C)C)c1,76,training
NC(=O)Nc1cc(-c2cccc(F)c2)sc1C(=O)N[C@H]1CCCNC1,74,training
COc1cccc(OC)c1-c1nc(C(=O)NC(CC(C)C)C(=O)O)cn1-c1ccnc2cc(Cl)ccc12,50,training
CC1c2cccc(O)c2C(=O)C2C(=O)[C@]3(O)C(=O)C(C(N)=O)C(=O)C(N(C)C)[C@@H]3[C@@H](O)[C@@H]21,90,training
Cc1[nH]nc(C(=O)O)c1Cc1cc2ccccc2s1,99,training
CC(C)C[C@@H](N(C)C)C1(c2ccc(Cl)cc2)CCC1,97,training
O=C(C=Cc1cccnc1)NCCCCC1CCN(C(=O)c2ccccc2)CC1,99.300003,training
CCc1nc(Cl)c2n1CCN(C(C(=O)NC)c1ccccc1)[C@H]2CCc1ccc(C(F)(F)F)cc1,99,training
O=C1N(c2ccc(F)c(Cl)c2)C(c2ccccn2)C12CCN(c1nc3cc(Cl)c(F)cc3[nH]1)CC2,99.800003,training
CCC1=C(C)CN(C(=O)NCCc2ccc(S(=O)(O)=NC(=O)NC3CCC(C)CC3)cc2)C1=O,99,training
N#Cc1ccc(NCC(F)(F)c2ccccn2)c(F)c1CC(=O)NCc1ccc2c(N)noc2c1,98.699997,training
Cc1nc2c(C(F)(F)F)nn(-c3ccc4onc(N)c4c3)c2c(=O)n1-c1ccc(-c2ccccc2CN(C)C)cc1,97,training
O=C1c2ccc(OCc3cccc(F)c3)nc2CCN1c1ccc(F)cn1,99,training
O=C(C[N+]12CCC(CC1)[C@@H](OC(=O)C1(C3=CC=CC3)CCCCCC1)C2)NCCCNC(=O)c1ccccn1,97.400002,training
[C-][N+](C)(C)c1cccc(OC(=O)N(C)C)c1,0.5,training
COC1=CC(=O)C[C@@H](C)[C@]12Oc1c(Cl)c(OC)cc(OC)c1C2=O,80,training
COc1ccc(-c2cnc3[nH]cc(C(=O)NC(C)CO)c3n2)cc1OC,96,training
O=C1COCCN1c1ccc(C2CC(c3ccc([N+](=O)[O-])o3)=NO2)cc1F,70.800003,training
Cc1ccc(NC(=O)c2cccc(C(F)(F)F)c2)cc1C(=O)Nc1cnc(Nc2ccc(N3CCN(C)CC3)cc2)nc1,96.699997,training
CC(C)CC(NC(=O)C(Cc1ccc2ccccc2c1)NC(=O)C(Cc1ccc(O)cc1)NC(=O)C(CO)NC(=O)C(Cc1c[nH]c2ccccc12)NC(=O)C(Cc1c[nH]cn1)NC(=O)C1CCC(=O)N1)C(=O)NC(CCCN=C([N])N)C(=O)N1CCCC1C(=O)NCC(N)=O,80,training
O=C(NCc1ccc(F)cc1)c1c(=O)n(O)c(O)c2ccccc12,99.900002,training
CN(Cc1ccc2[nH]cnc2c1Cl)c1nccc(Nc2cc(C3CC3)[nH]n2)n1,98.900002,training
CCC(CC)O[C@@H]1C=C(C(=O)O)C[C@H](N)[C@H]1NC(C)=O,3,training
CC1=C(C2(C#N)CCN(CC3=C[C+](C(=O)[O-])C(=O)[n+]4ccccc43)CC2)[C-]C=CC1,96.199997,training
C=CC(=O)Nc1ccc(S(=O)(=O)N2CCN(C(=O)C3CC3)CC2)cc1,89,training
CN(C)C(=O)C(=O)N(C)[C@H]1CCCn2c1nc(C(=O)NCc1ccc(F)cc1)c(O)c2=O,63,training
CC(=O)N1C[C@H]2CC(c3ccc(OCCOc4c(Cl)cc(C)cc4Cl)cc3)=C(C(=O)N(Cc3cccc(C)c3C)C3CC3)[C@@H](C1)N2,99,training
Cc1nnc(C)c2cc(N3CCN(C(=O)C4CCCCC4C(=O)NC4(C#N)CC4)[C@H](C)C3)ccc12,51,training
CC1(C)CCC(C)(C)c2cc(NC(=O)c3ccc(C(=O)O)cc3)ccc21,99,training
Cc1ccc(NC(=O)C2(c3ccc4c(c3)OC(F)(F)O4)CC2)nc1-c1cccc(C(=O)O)c1,99,training
CC1(C)NC(=O)N(c2ccc([N+](=O)[O-])c(C(F)(F)F)c2)C1=O,82,training
CCOc1cc2nnc(C(N)=O)c(Nc3cccc(Cl)c3F)c2cc1N1CCN(C)CC1,98.099998,training
O=C(O)c1cn(Cc2ccc(-n3ccc4cccnc43)cc2)c2cccc(F)c2c1=O,98.800003,training
CCCS(=O)(=O)c1ccc(F)c(C#Cc2cc(Cl)ccc2OCC(=O)O)c1,99,training
NC(=O)c1cc2c(Oc3ccc(Cl)cc3)cnc(N)c2s1,98.129997,training
CCNC(=O)Nc1ccc(-c2nc(N3CCOC[C@@H]3C)c3c(n2)[C@@](C)(CCO)OC3)cc1,86.5,training
CCOc1ccc(-n2ncc(-c3ccc4cc(CCN5CCC[C@H]5C)ccc4n3)c2C)nn1,83,training
O=C1COCCN1c1ccc(C2CC(c3ccc([N+](=O)[O-])o3)=NO2)cn1,60.200001,training
COc1cccc2c(O)c3c(c(O)c12)C(=O)C1=C(C[C@@](O)(C(C)=O)C[C@@H]1O[C@H]1C[C@H](N)[C@H](O)[C@H](C)O1)C3=O,97,training
CCOC(=O)C1(c2ccccc2)CCN(CCC(C#N)(c2ccccc2)c2ccccc2)CC1,85,training
CN1CCc2nc(C#Cc3ccccc3)sc2C1=O,96.699997,training
O=[N+]([O-])c1ccc(C2=NOC(c3ccc(N4CCOCC4)nc3)C2)o1,96.699997,training
CS(=O)(=O)c1ccc(-n2cc(Cl)c(OC3CCN(c4ncc(Cl)cn4)CC3)cc2=O)c(F)c1,99.5,training
CN=C1Nc2ncccc2C(c2cccs2)=NC1c1cccs1,97,training
COc1ccc(-c2ccc(S(=O)(=O)NC(C(=O)O)C3CCC(n4c(O)c[nH]c4=O)CC3)cc2)cc1,90.099998,training
Cc1c(Cc2ccc(=O)n(Cc3ccc(C(C)(C)O)cc3)n2)c2cc(F)ccc2n1CC(=O)O,98,training
C[C@@](N)(Cc1ccc(O)c(O)c1)C(=O)O,17.5,training
Cc1ccc2c(c1)c(-c1ccnc3c(C)cccc13)c(C)n2CC(=O)O,99.5,training
Fc1cccc(Cl)c1CSc1nnc(-c2ccco2)n1-c1ccc(OCc2ccccc2)cc1,95,training
COc1cccc(F)c1C1CCN(c2ccn3c(CC4CC4)nnc3c2Cl)CC1,99,training
C=CCC1(C(C)C#CCC)C(=O)NC(=O)N(C)C1=O,73,training
O=C(c1cccn2ccnc12)N1CCN(CCc2ccc(F)cc2F)CC1,67.400002,training
CCN(C(C)=O)[C@H]1CO[C@@H](O[C@H]2[C@H](O[C@H]3C#C/C=C/C#C[C@]4(O)CC(=O)C(=NC(=O)O)C3=C4CCCSSSC)O[C@H](C)[C@@H](NO[C@H]3C[C@H](O)[C@H](SC(=O)c4c(C)c(I)c(O[C@@H]5O[C@@H](C)[C@H](O)[C@@H](OC)[C@H]5O)c(OC)c4OC)[C@@H](C)O3)[C@@H]2O)C[C@@H]1OC,97,training
Fc1cccc(COc2ccc(Nc3ncnc4ccc(-c5cccc(N6CCOCC6)c5)cc34)cc2Cl)c1,100,training
Cc1c(Cc2ccc(=O)n(Cc3ccncc3)n2)c2cc(F)ccc2n1CC(=O)O,98,training
CN1C[C@H](OCc2ccccc2)C[C@H]1c1nc(C(=O)NCc2ccc(F)cc2)c(O)c(=O)n1C,95,training
O=C(c1cc(Cc2n[nH]c(=O)c3ccccc23)ccc1F)N1CCN(C(=O)C2CC2)CC1,82,training
CC[C@H](C)[C@@H]([C@@H](CC(=O)N1CCC[C@H]1[C@H](OC)C(C)C(=O)N[C@@H](Cc1ccccc1)c1nccs1)OC)N(C)C(=O)C(NC(=O)C(C)(C)N)C(C)C,93,training
O=S(=O)(c1ccc(-c2ccc3nccc(Nc4ncc(Cl)cn4)c3c2)cc1)N1CCOCC1,99.599998,training
COc1ccc(OC)c([C@@H](O)CN)c1,0,training
C[C@H]1C(NC(=O)C(=NOC(C)(C)C(=O)O)c2csc(N)n2)C(=O)N1C(=O)NS(=O)(=O)N1CCN(C(=O)c2cc(=O)c(O)c[nH]2)CC1,74,training
CC(C)Cn1cnc(-c2ccccc2)c1-c1nc2c(N)ncnc2s1,94.099998,training
C#CCCCC(=O)c1cc(C(C)(C)C)c(O)c(C(C)(C)C)c1,99.75,training
CS(=O)(=O)N1CCN(Cc2cc3nc(-c4cccc5[nH]ncc45)nc(N4CCOCC4)c3s2)CC1,93,training
CC1(O)CC(c2nc(-c3ccc4ccc(-c5ccccc5)nc4c3F)c3c(N)ncnn23)C1,97.300003,training
CC(C)Cc1ccc(C(C)C(=O)OC(C)C)cc1,65,training
Cc1c[nH]c2ncnc(N3CCN(C(=O)C(N)Cc4ccc(F)cc4)CC3)c12,65,training
N=C(N)N/N=C/c1c(Cl)cccc1Cl,90,training
Nc1ncnc2c1ncn2[C@@H]1O[C@H](CO)[C@@H](O)[C@@H]1O,31,training
CCc1c(CN(C)CC(=O)O)cccc1-c1nsc(-c2ccc(OC(C)C)c(C(F)(F)F)c2)n1,99.510002,training
C[C@]12C=CC(=O)C=C1CC[C@@H]1[C@@H]2CC[C@]2(C)OC(=O)CC[C@@H]12,85,training
CNC(=O)[C@@]12C[C@@H]1[C@@H](n1cnc3c(NC)nc(C#Cc4cnccn4)nc31)[C@H](O)[C@@H]2O,38.799999,training
CO[C@H]1CN(c2nc(C(=O)N3CCOCC3)c(C(=O)O)s2)CC[C@H]1NC(=O)c1[nH]c(C)c(Cl)c1Cl,86,training
CCC(=C(c1ccc(/C=C/C(=O)O)cc1)c1ccc2[nH]ncc2c1)c1ccc(F)cc1Cl,99.5,training
CC(C)[C@H](CO)NCc1c(C(=O)N[C@@H]2CCC[C@H](O)C2)noc1-c1ccc(C(F)(F)F)cc1,74.400002,training
Cc1nc(C2CCN(C(=O)C3C[C@@](C)(N)C[C@H]3c3ccc(F)cc3F)CC2)n(-c2ccc(Cl)c(C)c2)n1,92.400002,training
Cc1cccc(C(N)C(=O)NC2C(=O)N3C2SC(C)(C)C3C(=O)O)c1,17,training
Cc1nc(C2CCN(C(=O)C3CN(C(C)(C)C)C[C@H]3c3ccc(F)cc3F)CC2)n(-c2ccc(Cl)cc2)n1,75,training
Cc1ccccc1C(=O)Nc1ccc(C(=O)N2CCC[C@@H](O)c3cc(Cl)ccc32)c(C)c1,98.5,training
CN(C)C([N])=NC(=N)N,0,training
CN1C(=O)NCC1C(=O)NCc1ccc(Cl)cc1Cl,65,training
CC(=O)Nc1cccc(-n2c(=O)n(C3CC3)c(=O)c3c(Nc4ccc(I)cc4F)n(C)c(=O)c(C)c32)c1,97.400002,training
Cc1c(C(=O)NN2CCCCC2)nn(-c2ccc(Cl)cc2Cl)c1-c1ccc(Cl)cc1,100,training
CC(C)N1CCN(c2ccc(OC[C@H]3CO[C@](Cn4cncn4)(c4ccc(Cl)cc4Cl)O3)cc2)CC1,95,training
C[C@H](c1cc(C(=O)N2CCC(O)CC2)cc2c(=O)cc(N3CCOCC3)oc12)N(C)c1cc(F)cc(F)c1,83,training
C[C@@H](c1ccc(-c2ccc(F)cc2F)cc1)N1CC[C@](CCO)(c2ccc(F)cc2)OC1=O,99,training
N#CCNC(=O)C1CCCCC1C(=O)N1CCN(c2ccc(C#N)cc2)CC1,47,training
C=CCN1CC(C(=O)N(CCCN(C)C)C(=O)NCC)C[C@@H]2c3cccc4[nH]cc(c34)C[C@H]21,41,training
O=C(NC1Cc2ccccc2N(CCO)C1=O)c1cc2sc(Cl)c(Cl)c2[nH]1,0.029999999,training
N#CC1(c2ccccc2F)CCN(CC2=C3C=CC=C[N+]3C(=O)C(C(=O)[O-])=C2)CC1,94.5,training
Cc1nnc(C(C)C)n1C1C[C@H]2CC[C@@H](C1)N2CC[C@H](NC(=O)C1CCC(F)(F)CC1)c1ccccc1,76,training
Cc1noc2c(F)c3c(cc12)CC1(C(=O)NC(=O)NC1=O)C1C(C)CC(C)CN31,99,training
CN1C(=O)CCC1C(=O)NCc1cccc(C(F)(F)F)c1Cl,60,training
CC(=O)N(C)c1nc(C(=O)NCc2ccc(F)cc2)c(O)c2ncccc12,95.599998,training
Nc1nccc(Oc2ccc(NC(=O)NC(=O)Cc3ccc(F)cc3)cc2F)c1C#Cc1ccccn1,99.980003,training
CC1CN2c3c(cc4c(C(C)(C)C)noc4c3F)CC3(C(=O)NC(=O)NC3=O)C2C(C)O1,95.800003,training
COC1CCC(n2nc(C)c(C(=O)N[C@@H](C)C(C)(C)C)c2NS(=O)(=O)c2ccc(C)cc2)CC1,92.699997,training
CCN1CCC[C@@H]1CNC(=O)c1ccc2c(c1)NC(=O)/C(=C/c1ccccc1F)S2,98.389999,training
C[C@@](C(=O)O[C@H]1C[N+]2(CCCc3ccncc3)CCC1CC2)(c1cccs1)N1CCCCC1,82.099998,training
O=C(O)c1ccc(-c2ccc(O[C@H]3O[C@H](CO)[C@@H](O)[C@H](O)[C@@H]3O)cc2)cc1,73,training
O=C(Nc1ccnn1-c1ccccc1)N1CCn2c(c(O)n([C@H]3C[C@@H]3c3ccccc3)c2=O)C1,83,training
Cc1ccc(F)c(NC(=O)Nc2ccc(-c3cccc4[nH]nc(N)c34)cc2)c1,99,training
O=C(O)c1ccc(-n2nc(-c3ccccc3O)nc2-c2ccccc2O)cc1,99,training
COCCN1C(=O)C(NC(=O)c2cc3cc(Cl)sc3[nH]2)Cc2ccccc21,0.18000001,training
O=S(=O)(Nc1cc(Cl)ccc1Cn1ccnn1)c1ccc(Cl)c(Cl)c1,99.75,training
C[C@H]1Cn2c(nnc2-c2ccc(F)cc2)CN1C(=O)c1cccc(C(F)(F)F)c1Cl,92.199997,training
Cc1cc(-n2ccnc2)cc2[nH]c(-c3c(NC[C@@H](O)c4cccc(Cl)c4)cc[nH]c3=O)nc12,99,training
CN(Cc1ccc(-c2ccc(N3CCOc4ncnc(N)c4C3=O)cc2)c(Cl)c1)C(=O)CCCN,58,training
COc1ccccc1OCC(O)CN1CCN(CC(=O)Nc2c(C)cccc2C)CC1,62,training
Cc1noc(C)c1CCC1CCN(S(=O)(=O)C[C@](C)(CC(C)c2ncc(F)cn2)N(O)C=O)CC1,89,training
COc1cc2ncnc(Nc3cccc(Cl)c3F)c2cc1CN(C)C(C)C(N)=O,95,training
CCN1CC(C)(C)OC(=O)C1CC(=O)Nc1ccc(C(C)C)cc1,93.900002,training
CN(C)CC/C=C1/c2ccccc2COc2ccc(CC(=O)O)cc21,55,training
COc1cc2nc(C3CC3)nc(N3CCN(c4ccccc4OC)CC3)c2cc1OC,49.849998,training
O=C(O)C1C[C@H](Oc2ccc(Cl)c(F)c2)CN1,95,training
CN(C/C=C\CN)C[C@H]1O[C@@H](n2cnc3c(N)nc(Cl)nc32)[C@H](O)[C@@H]1O,39,training
Cc1cccc(N=C2C=C[N]C=C2S(=O)(O)=NC(=O)NC(C)C)c1,99,training
Nc1nc(F)nc2c1ncn2[C@@H]1O[C@H](COP(=O)(O)O)[C@@H](O)[C@@H]1O,27,training
O=C(N[C@H]1CCC[C@@H]1COc1ccccc1)C1CCN(c2nc3cc(Cl)ccc3o2)CC1,99,training
CCO[C@H]1CN(c2ncc(C(=O)O)s2)CC[C@H]1NC(=O)c1[nH]c(C)c(Cl)c1Cl,96.900002,training
CC[N+](C)(CC)CCOC(=O)C(O)(c1ccccc1)C1CCCCC1,93,training
Cc1ccc(S(=O)(O)=NC(=O)NC2C3CCC(C)(C2O)C3(C)C)cc1,95,training
COC[C@H]1CN(c2ncc(C(=O)O)s2)CC[C@H]1NC(=O)c1[nH]c(C)c(Cl)c1Cl,94.800003,training
C[C@@](Cc1ccc(O)c(O)c1)(NN)C(=O)O,36,training
O=C1CSCCN1c1ccc(CO[C@@H]2COc3nc([N+](=O)[O-])cn3C2)cc1F,77.599998,training
Cc1cnc(C(=O)NCCc2ccc(S(=O)(O)=NC(=O)NC3CCCCC3)cc2)cn1,98,training
CC[C@@H](NC(=O)N1CCc2cnc(N[C@@H](C)CO)nc2C1)c1ccc(Cl)c(Cl)c1,97.5,training
O=C(C[N+]12CCC(CC1)[C@@H](OC(=O)C1(C3=CC=CC3)CCCCCC1)C2)Nc1cc[nH]n1,95,training
Cn1c(=O)c2c(ncn2CC(O)CO)n(C)c1=O,40,training
Cc1cnc2c(C(=O)NCCO)cn(Cc3ncnc(OC(F)F)c3C)c2c1,70,training
COC(=O)NC(C(=O)N1CCC[C@H]1c1nc2cc(F)c([C@H]3CC[C@H](c4cc5[nH]c([C@@H]6CCCN6C(=O)C(NC(=O)OC)[C@@H](C)OC)nc5cc4F)N3c3cc(F)c(N4CCC(c5ccc(F)cc5)CC4)c(F)c3)cc2[nH]1)[C@@H](C)OC,99.900002,training
Cc1ccc(C(=O)Nc2cccc(C(F)(F)F)c2C)cc1-c1ccc2nc(N)ncc2c1,99.5,training
COC1CC2CCC(C)C(O)(O2)C(=O)C(=O)N2CCCCC2C(=O)OC(C(C)CC2CCC(O)C(OC)C2)CC(=O)C(C)=CC(C)C(O)C(OC)C(=O)C(C)CC(C)/C=C/C=C/C=C\1C,92,training
C=CC(=O)Nc1ccc(S(=O)(=O)N2CCN(C(=O)C3CCCC3)CC2)cc1,93,training
COCCCS(=O)(=O)c1ccc(-c2ccc(CCN3CCC[C@H]3C)cc2)cc1,74,training
N#CC1(NC(=O)C2CCCCC2C(=O)N2CCN(c3ccc(F)cc3)CC2)CC1,50,training
CCC(O)CN1C(=O)C(NC(=O)c2cc3cc(Cl)sc3[nH]2)Cc2ccccc21,0.11,training
Cc1c(Cc2ccc(=O)n(Cc3ccc(F)cc3F)n2)c2ccccc2n1CC(=O)O,98,training
CC(=O)c1cccc(NC(=O)N[C@@H]2CCCC[C@H]2CN2CCC[C@@H](Cc3ccc(F)cc3)C2)c1,96.300003,training
N=C1[N]C(C(=NOCC(=O)O)C(=O)NC2C(=O)N(S(=O)(=O)O)C2COC(N)=O)=CS1,28,training
NC(=O)c1cc[n+](CC2=C(C(=O)O)N3C(=O)C(NC(=O)C(c4ccccc4)S(=O)(=O)[O-])C3SC2)cc1,23,training
CC(C)(C)N1CC(C(=O)N2CCC(c3ccnn3-c3ccc(F)c(Cl)c3)CC2)[C@H](c2ccc(F)cc2F)C1,82,training
O=C(O)Cc1ccccc1,51,training
O=C(C[N+]12CCC(CC1)[C@@H](OC(=O)C1(C3=CC=CC3)CCCCCC1)C2)Nc1ncccc1F,94,training
O=C(O[C@H]1C[N+]2(CCCc3ccncc3)CCC1CC2)C1(C2=CC=CC2)CCCCCC1,88,training
COc1cc(-c2cc(-c3ccc(S(C)(=O)=O)cc3)cnc2N)ccc1O,82.800003,training
CCO[C@@H](CC(=O)O)c1ccc(O[C@@H]2COc3c2cccc3C(F)(F)F)nc1,97.5,training
COc1ccc(S(=O)(=O)Nc2cc(Cl)cc(Cl)c2OC)cc1N1CCNCC1,99,training
CN1CCN(c2cc3c(Nc4cccc(Cl)c4Cl)c(C(N)=O)cnc3cc2F)CC1,95.599998,training
Cc1csc(C(=O)NC2CCC(NC(=O)c3cc(F)cnc3Oc3cccc(-c4ccc(CN5C[C@@H](C)N[C@@H](C)C5)cc4CN4CCOCC4)c3)CC2)n1,95.5,training
O=S(=O)(c1ccc(C(F)(F)F)cn1)N1CCC2(CC1)OC(c1cc(Cl)cc[n+]1[O-])c1ccccc12,95,training
C[C@@](CCn1cc(-c2ccccc2)cn1)(C(O)=NO)S(C)(=O)=O,95.199997,training
Cc1ccccc1-c1cc(N2CCN(C)CC2)ncc1N(C)C(=O)C(C)(C)c1cc(C(F)(F)F)cc(C(F)(F)F)c1,99.5,training
C[C@H]1C(NC(=O)C(=NOC(C)(C)C(=O)O)c2csc(N)n2)C(=O)N1C(=O)NS(=O)(=O)Nc1cc(=O)c(O)c[nH]1,77,training
C[C@@](C(=O)O[C@H]1C[N+]2(CC(=O)Nc3cccc(F)c3)CCC1CC2)(c1cccs1)N1CCCCC1,99.199997,training
COc1cc(F)cc(F)c1C1CCN(c2ccn3c(CC4CC4)nnc3c2Cl)CC1,99,training
CC(C)C1NC(=O)C(Cc2c[nH]c3ccccc23)NC(=O)C(N)CSSCC(C(=O)O)NC(=O)C(CCC(=O)O)NC(=O)C(Cc2ccccc2)NC(=O)C(CCC(N)=O)NC(=O)C2CCCN2C(=O)C(Cc2c[nH]cn2)NC1=O,36.700001,training
CCOC(=O)c1cc(C#N)c(N2CC(NC(=O)NS(=O)(=O)c3ccccc3)C2)nc1C,98.5,training
CNC(=O)N1CCN(Cc2ccnc(Nc3ncc(C#N)s3)c2C)CC1,91.300003,training
CCCOCCn1c(=O)c(NCCN)nc2cnc(-c3ccc(OC)nc3)cc21,75.699997,training
CCOC(=O)CNC(=O)C1CCn2c(C(=O)c3ccccc3)ccc21,45,training
O=C(O)CCc1cc2cc(-c3cc(OC(F)(F)F)ccc3F)ccc2o1,99.800003,training
C[C@H]1Cn2c(nnc2-c2cnccn2)CN1C(=O)c1cccc(C(F)(F)F)c1Cl,69.800003,training
CCOC(=O)CCNC(=O)C1CCn2c(C(=O)c3ccccc3)ccc21,37.900002,training
CC(C)(C)NC(=O)c1c[nH]c2ncc(-c3nn(CCC(O)CO)c4cc(F)ccc34)nc12,98.800003,training
CCCCNC(=O)N=S(=O)(O)c1ccc(C)cc1,96,training
Nc1ncnc2c1C(=O)N(c1ccc(-c3ncccc3Cl)cc1)CCO2,81.800003,training
COc1ccc(S(=O)(=O)N2CC(C(=O)N3CCCNCC3)c3ccccc32)c2ccccc12,99.400002,training
C[C@H](Nc1ccc2ncn(-c3cc(C4CC4)[nH]n3)c2n1)c1ncc(F)cn1,84,training
Nc1cc(C(F)(F)F)c(-c2cc(N3CCOCC3)nc(N3CCOCC3)n2)cn1,95,training
Nc1nc(=O)c2ncn(CCC(CO)CO)c2[nH]1,14,training
O=C(N[C@H](CO)c1ccc(Cl)c(F)c1)N1CCc2cnc(NC3CCOCC3)nc2C1,50,training
COc1ncnc(Cn2cc(C(=O)NCC3CC3)c3ncccc32)c1C,95,training
Nc1ccn(C2CCC(CO)O2)c(=O)n1,4,training
Cn1nnnc1SCC1=C(C(=O)O)N2C(=O)C(NC(=O)C(O)c3ccccc3)[C@H]2SC1,75,training
CC[N+](CC)CCCC(C)NC1=c2ccc(Cl)cc2=[N+]c2ccc(OC)cc21,86,training
Cc1ccc(-c2ccc(N3CCOc4ncnc(N)c4C3=O)cc2)c(Cl)c1,98.800003,training
COc1cc2nc(N3CCCN(C(=O)N4CCOCC4)CC3)cc(N)c2c(-c2ccc(F)cc2)c1OC,94,training
Cn1c(=O)cc(N2CCC[C@@H](N)C2)n(Cc2ccccc2C#N)c1=O,20,training
CCCC(=O)OCOC(=O)C1=C(C)N=C(C)C(C(=O)OC)[C@H]1c1cccc(Cl)c1Cl,99.5,training
CO[C@H]1CN(c2nc(-c3ccncn3)c(C(=O)O)s2)CC[C@H]1NC(=O)c1[nH]c(C)c(Cl)c1Cl,95.800003,training
C[C@@H](Oc1cc(-c2cnn(C3CCNCC3)c2)cnc1N)c1c(Cl)ccc(F)c1Cl,91,training
C[C@@H](CN(C)C)CN1c2ccccc2Sc2ccccc21,87.5,training
CNc1ccn2ncc(C(=O)Nc3cc(C)nn3-c3cccc(Cl)c3)c2n1,98.400002,training
CN1CCN(c2ccc3ncc(C(N)=O)c(Nc4cccc(Cl)c4Cl)c3c2)CC1,95.400002,training
COC(=O)Nc1nc2cc(C(=O)c3ccccc3)ccc2[nH]1,92.5,training
O=C(O)c1ccc(Sc2ncc(CN3CCC(N4C(=O)N(C5CCOCC5)C[C@H]4c4cccc(Cl)c4)CC3)cn2)cc1,96.400002,training
CC(=O)N1CCC(NC(=O)NC23CC4CC(CC(C4)C2)C3)CC1,50,training
c1cnc2cc3c(cc2n1)[C@@H]1CNC[C@H]3C1,20,training
Cc1ncc(Cl)c(N2CC[C@@H](C)N(C(=O)c3ccccc3-n3nccn3)CC2)n1,88,training
CC(=O)N1C2C=C(CN3[C@@H]4CC[C@H]3CC(Nc3ccc5ccc(OC(C)C)cc5n3)C4)CC1CCC2,96.699997,training
O=C(O)c1cn(Cc2ccc(-n3ccc4cnccc43)cc2)c2cccc(F)c2c1=O,98.199997,training
O=C1CCC(Cc2ccc(O)c(O)c2)O1,34.900002,training
CCC(C)C(=O)O[C@H]1C[C@@H](C)C=C2C=C[C@H](C)[C@H](CC[C@@H](O)C[C@@H](O)CC(=O)O)[C@H]21,95.5,training
Cc1c(-c2ccc3cc(CCN4CCC[C@H]4C)ccc3n2)cnn1-c1ccccn1,85,training
CCCSc1nc(N[C@@H]2C[C@H]2c2ccc(F)c(F)c2)c2nnn([C@@H]3C[C@H](O)[C@@H](O)[C@H]3O)c2n1,99,training
CC(C)Cc1sc(N)nc1-c1ccc(P(=O)(O)O)o1,93,training
CCNC(=O)Nc1nc2cc(-c3cccnc3)c(=O)n(CC3CC3)c2s1,95,training
CCOc1cc2ncc(C(N)=O)c(Nc3cccc(Cl)c3Cl)c2cc1N1CCN(C(=O)CO)CC1,84,training
Fc1ccc(C(Cc2ccccc2OC(F)(F)F)N2CCNCC2)cc1,96.5,training
CNc1ncc2cc(-c3cc(C(=O)Nc4cccc(C(F)(F)F)c4)ccc3C)ccc2n1,96.199997,training
O=C(Nc1cc(F)cc(F)c1)N1CCC2(CC1)CN(C1CC1)C2c1ccc(Cl)cc1,99.800003,training
CCc1cc(F)c(N)c2nc(-c3ccc(P(=O)(O)O)o3)n(CC(C)C)c12,99.900002,training
CN(C)C(=O)c1cc(F)ccc1CNC(=O)c1nc(C(C)(C)C)n(C)c(=O)c1O,82,training
Cc1ccc(C(=O)Nc2ccc(CN3CCN(C)CC3)c(C(F)(F)F)c2)cc1C#CC1=C[N+]=C2C=CC=NN12,99,training
O=C(C1NCC2(CC2)CC1C(O)=NO)N1CC=C(c2ccccc2)CC1,60,training
O=C(O)C=Cc1ccc(NC(=O)C2(NC(=O)c3ccc4c(c3)nc(-c3ccoc3)n4C3CCCCC3)CCCC2)cc1,96.199997,training
CCC(=O)c1cc2c(Oc3ccc(Cl)cc3)cncc2s1,99.900002,training
O=C1CN=C(c2ccccn2)c2cc(Br)ccc2N1,70,training
NC(=O)Cc1ccc(-c2ccc(N3CCOc4ncnc(N)c4C3=O)cc2)c(Cl)c1,82.800003,training
CCCC1(C(=O)c2ccc3[nH]ncc3c2)CCCN1,2,training
CCn1cc2c(Oc3cnc(C(=O)N4CCC4)c(F)c3)cc(C(=O)Nc3cnc(C)cn3)cc2n1,80,training
C[C@@](C(=O)O[C@H]1C[N+]2(CC(=O)Nc3ccncn3)CCC1CC2)(c1ccccc1)N1CCCCC1,87,training
COCCNC(=O)c1nc(N2CC[C@@H](NC(=O)c3[nH]c(C)c(Cl)c3Cl)[C@@H](OC)C2)sc1C(=O)O,97.300003,training
NC(=O)c1cn(Cc2c(F)cccc2F)nn1,34,training
CCCS(=O)(=O)c1ccc(C)c(C#Cc2cc(Cl)ccc2OCC(=O)O)c1,99.599998,training
C[C@H]1C(NC(=O)C(=NOC(C)(C)C(=O)O)c2csc(=N)[nH]2)C(=O)N1C(=O)NS(=O)(=O)N1C[C@H](NC(=O)c2cc(=O)c(O)c[nH]2)CC1=O,75.5,training
CC(C)c1nc(N2CCN(c3ncc(OCc4ccncc4C#N)cn3)[C@H](C)C2)no1,98.699997,training
C[C@H]1COCCN1c1nc(-c2ccc(NC(=O)NCCO)cc2)nc2c1COC2(C)C,72,training
CC[N+](CCO)CCCC(C)NC1=c2ccc(Cl)cc2=[N+]C=C1,45,training
C[C@@H]1CN2c3c(cc4c(N)noc4c3F)CC3(C(=O)NC(=O)NC3=O)[C@H]2[C@H](C)O1,87,training
CS(=O)(=O)N1CCC2(CC1)CC(C(=O)N1CCN(C3CCC3)CC1)C2,33,training
O=C(O)CC(NC(=O)CCCCc1ccc2c(n1)NCCC2)c1cncnc1,44,training
C[C@@H](O)C1C(=O)N2C(C(=O)O)=C(SCCN=CN)C[C@H]12,20,training
CO[C@H]1CN(c2nc(-c3cncc(OCCN(C)C)n3)c(C(=O)O)s2)CC[C@H]1NC(=O)c1[nH]c(C)c(Cl)c1Cl,96.300003,training
Cc1ccc(-n2nccn2)c(C(=O)N2C[C@H](C#Cc3ccc(F)cn3)CC[C@H]2C)c1,99.099998,training
CCOc1cc2nnc(C(N)=O)c(Nc3cc(C)ccc3F)c2cc1N1CCN(C)CC1,89,training
CCCCn1ccc(N2CCC(c3ccccc3)CC2)c(Cl)c1=O,99.5,training
O=S(=O)(c1ccc2ccccc2c1)N1CC=C(c2ccccc2)CC1,95,training
O[C@@](CCN1CCCCC1)(c1ccccc1)[C@H]1C[C@H]2C=C[C@@H]1C2,90,training
CC(C)CCn1c(=O)c(C2=NS(=O)(=O)c3cc(NS(C)(=O)=O)ccc3N2)c(O)c2cccnc21,99,training
CCOC(=O)C1(c2ccccc2)CCC=CC1N(C)C,79,training
C[C@H]1C(NC(=O)C(=NOC(C)(C)C(=O)O)c2csc(N)n2)C(=O)N1C(=O)NS(=O)(=O)N1C[C@@H](NC(=O)NCc2cc(=O)c(O)cn2O)CC1=O,74,training
CC(=O)Nc1ccc2ccn(-c3cc(NCCN4CCCC4)n4ncc(C#N)c4n3)c2c1,94.400002,training
CN(C)Cc1ccccc1-c1ccc(NC(=O)c2cc(C(F)(F)F)nn2-c2ccc3onc(N)c3c2)c(F)c1,94.400002,training
CCOc1cc2nnc(C(N)=O)c(Nc3ccc(C)cc3F)c2cc1N1CCN(C)CC1,98.400002,training
Cn1cc(C(=O)Nc2ccc(-c3ccccc3)c(C(F)(F)F)c2)c(=O)c2ccc(C(=O)O)cc21,98,training
CC(=O)O[C@]1(C(C)=O)CC[C@H]2[C@@H]3CC(C)=C4CC(=O)CC[C@]4(C)[C@H]3CC[C@@]21C,90,training
O=C(O)COc1ccc(Cl)cc1C#Cc1cccc(S(=O)(=O)CCO)c1,95.300003,training
Nc1ncnc2c1C(=O)N(c1ccc(-c3ccc(Cl)cc3Cl)cc1)CCO2,99.300003,training
O=C(O)C[C@@H]1CC[C@H](NC(=O)Cc2cccs2)B(O)O1,33,training
Cc1cccc(Nc2ccc(-c3ccc(N4CCNCC4)nc3)cc2)n1,90.199997,training
O=C(C1CC12CCN(C1CCOCC1)CC2)N1CCN(C2CCCC2)CC1,50,training
O=c1cc(O)n(CCc2ccccc2)c(=O)n1CCc1ccccc1,90,training
CON=C(C(=O)NC1C(=O)N2C(C(=O)O)=C(C)CS[C@H]12)c1csc(N)n1,22,training
Cn1c(=O)c(Oc2ccc(F)cc2F)cc2cnc(NC3CCOCC3)nc21,90.400002,training
CCCc1cc(C(=O)NC(Cc2ccc(-c3cccc(OC(F)(F)F)c3)nc2)C(=O)NCCN(C)C)sc1C,99,training
CNC(C)C(=O)NC1CCC[C@H]2C[C@H]3CCN(C(=O)c4ccccc4)C[C@H]3N2C1=O,30,training
CCC(=O)OC1(C(=O)SCF)C(C)CC2C3CC(F)C4=CC(=O)C=CC4(C)C3(F)C(O)CC21C,91,training
CCc1c(CN2CC(C(=O)O)C2)cccc1-c1nsc(-c2ccc(OC(C)C)c(C(F)(F)F)c2)n1,99.739998,training
O=C(N[C@@H]1CCCC[C@H]1O)c1cnc(OCC2CC2)c(-c2ccc(Cl)cc2)c1,98.400002,training
COc1ccc(/C=C/c2cc(OC)c(OC)c(OC)c2)cc1O,78,training
CCNC(=O)Nc1cc(-c2nc(C(F)(F)F)cs2)c(-c2cncc(-c3c(C)noc3C)c2)cn1,95.5,training
Nc1nc(N)c2nc(-c3ccccc3)c(N)nc2n1,61,training
O=P1(N(CCCl)CCCl)NCCCO1,20,training
O=c1cc(-c2ccnc(NC3CCOCC3)n2)ccn1[C@H](CO)c1ccc(Cl)c(F)c1,95.800003,training
CC(C)NCC(Cc1ccc(Cl)cc1)C(=O)N1CCN(c2ncnc3c2[C@H](C)SC3)CC1,70,training
COc1ccc2c(c1)[C@]1(COC(=N)N1)c1cc(-c3cncnc3)ccc1O2,98,training
COc1c(C)cnc(Cn2cnc3c(Cl)nc(N)nc32)c1C,88.599998,training
C=C[C@@H]1C[C@]1(NC(=O)C1C[C@@H]2CN1C(=O)C(C(C)C)N[C@H](C)CCCCCCCc1cccc3c1CN(C3)C(=O)O2)C(=O)NS(=O)(=O)C1CC1,89.400002,training
CCCCC(=O)OCC(=O)[C@]1(O)C=C2C(=O)c3c(c(O)c4c(OC)cccc4c3O)C(=O)C2[C@@H](OC2CC(NC(=O)C(F)(F)F)C(O)C(C)O2)C1,99,training
CNC(C)C(=O)NC1CCC[C@H]2C[C@H]3CCN(CCc4ccc(F)cc4)C[C@H]3N2C1=O,52,training
Cc1nnc2n1-c1ccc(Cl)cc1C(c1ccccc1Cl)=NC2,90,training
Cn1cc(CN2CCc3cc4nc(N)sc4cc3CC2)cn1,58,training
COc1cnc2c(C(=O)NCCO)cn(Cc3ncnc(N(C)C)c3C)c2c1,70,training
COC(=O)NC(C(=O)N1CCC[C@H]1c1nc(-c2ccc3c(c2)O[C@@H](c2ccccc2)n2c-3cc3cc(-c4c[nH]c([C@@H]5CCCN5C(=O)C(NC(=O)OC)C(C)C)n4)ccc32)c[nH]1)C(C)C,99.900002,training
CNC(C)C(=O)NC1CCC[C@H]2C[C@H]3CCN(C(=O)C(OCC#CC#CCOC(C(=O)N4CC[C@@H]5C[C@@H]6CCCC(NC(=O)C(C)NC)C(=O)N6[C@@H]5C4)c4ccccc4)c4ccccc4)C[C@H]3N2C1=O,92.449997,training
Nc1nc(C(F)(F)F)cc2c1[nH]c(=O)n2Cc1ccccc1,93,training
COC(=O)N1CCN(C2CCN(c3cc(C)c4[nH]c(-c5c(NC[C@@H](O)c6cccc(Cl)c6)cc[nH]c5=O)nc4c3)CC2)CC1,98.5,training
[N]C1=NC(=O)[N+](CC(CO)OCP(=O)([O-])O)=CC1,5.5,training
O=C1N=C(Nc2cccc(C(F)(F)F)c2)S/C1=C\c1cccnc1,94.199997,training
COC(=O)C1=C(C)N=C(C)C(C(=O)OCCN(C)Cc2ccccc2)[C@H]1c1cccc([N+](=O)[O-])c1,95,training
CCOC(=O)N1CCN(C(=O)C(CCC(=O)O)NC(=O)c2cc(CCCO)nc(-c3ccccc3)n2)CC1,87.199997,training
O=C(O)c1cc(Cc2ccc(-c3cccnc3)cc2)c2ccccn2c1=O,99.699997,training
CON=C(C(=O)NC1C(=O)N2C(C(=O)[O-])=C(C[n+]3cccc4c3CCC4)CSC12)c1csc(N)n1,11,training
COc1cc2c(cc1Cc1cccc(Cl)c1F)c(=O)c(C(=O)O)cn2[C@H](CO)C(C)C,98,training
CN(C)C1C(=O)C(C(N)=O)C(=O)[C@@]2(O)C(=O)C3C(=O)c4c(O)ccc(Cl)c4[C@@](C)(O)[C@H]3C[C@@H]12,48,training
CCN=C(NS(=O)(=O)c1cccc(Cl)c1)N1CC(C)(C)C=N1,63,training
CN(Cc1ccc(-c2ccc(N3CCOc4ncnc(N)c4C3=O)cc2)c(Cl)c1)C(=O)CCN,52,training
N#CCc1ccccc1NCc1ccc(-c2cccc3nc(NC(=O)C4CC4)nn23)cc1,99,training
NC(=O)c1cccc2cn(-c3ccc([C@@H]4CCCNC4)cc3)nc12,83.5,training
O=C(Nc1cc(-c2cc3c([nH]2)C2(CCNCC2)CNC3=O)ccn1)c1ccc2ccccc2c1,99.699997,training
O=C(C[N+]12CCC(CC1)[C@@H](OC(=O)C1(C3=CC=CC3)CCCCCC1)C2)Nc1cccnc1,96,training
O=C(c1ccccc1-n1nccn1)N1CCC(F)(F)[C@@H](Oc2ccc3ccccc3n2)C1,99,training
NS(=O)(=O)c1cc(Cl)c(Cl)c(S(N)(=O)=O)c1,55,training
CCC[C@@H]1CC(C(=O)N[C@@H]([C@H]2O[C@H](SC)[C@H](O)[C@@H](O)[C@H]2O)[C@@H](C)O)N(C)C1,66,training
C[C@@H](O)c1nc2cnc3[nH]ccc3c2n1C1CCC(NCC(F)(F)F)CC1,55,training
CCOC(=O)C1=C(COCCN)N=C(C)C(C(=O)OC)[C@@H]1c1ccccc1Cl,96.599998,training
CC1c2cccc(O)c2C(=O)C2=C([O-])C3(O)C(=O)C(C(N)=O)C(=O)C([N+](C)C)C3C(O)C21,90.5,training
C[C@@H](O)C1C(=O)N2C(C(=O)O)=C(S[C@H]3CCC(C(=O)N(C)C)N3)[C@H](C)[C@H]12,2,training
N#C/C(=C\c1ccc2c(c1)CCO2)S(=O)(=O)c1ccc(Cl)cc1Cl,95,training
CCNC(=O)OC1CCN(c2nncc3cc(OC)c(OC)cc23)CC1,92,training
O=C1O[C@@H](Cn2ccnn2)CN1c1ccc(-c2ccc(C(O)CO)nc2)c(F)c1,46,training
COc1cc(OC(C)C)cc(S(=O)(=O)c2ccc3c(c2)O[C@H]2CNCC[C@@H]32)c1,93.699997,training
CNC(C)C(=O)NC1CCC[C@H]2C[C@H]3CCN(CCc4cccc(C)c4)C[C@H]3N2C1=O,53,training
Cc1nccn1-c1ccc(NC(=O)c2cc(C(F)(F)F)nn2-c2ccc3onc(N)c3c2)c(F)c1,98,training
O=C(c1ccc(-c2ccc(O[C@H]3O[C@H](CO)[C@@H](O)[C@H](O)[C@@H]3O)cc2)cc1)N1CCOCC1,48,training
Cc1ccc(O)c(C(=O)Nc2ncc(Cl)s2)c1,99,training
CC[C@H]1OC(=O)C(C)[C@@H](O[C@H]2C[C@@](C)(OC)[C@@H](O)[C@H](C)O2)[C@H](C)[C@@H](O[C@@H]2O[C@H](C)C[C@H](N(C)C)[C@H]2O)[C@](C)(OC)CC(C)C(=O)C(C)[C@@H](O)[C@]1(C)O,71.5,training
CC(C)(C#N)c1cc(Cn2cncn2)cc(C(C)(C)C#N)c1,40,training
O=C(Nc1nc2cccc(-c3ccc(CNC(=O)C(F)(F)F)cc3)n2n1)C1CC1,83,training
C[C@H](c1ccc(F)cc1)N1C(=O)O[C@](Cc2ccccc2)(c2nc3cc(C(F)(F)F)ccc3[nH]2)C1=O,99,training
CC(C)N1CCN(S(=O)(=O)c2ccc(NC(=O)c3ccc(S(F)(F)(F)(F)F)cc3)cc2)CC1,99.919998,training
O=C(O)CCCOc1ccc(-c2cc(OC(F)(F)F)ccc2Cl)cc1,95.099998,training
C[N+](C)C1C(=O)C(C(N)=O)C(=O)C2(O)C([O-])=C3C(=O)c4c(O)ccc(Cl)c4C(C)(O)C3CC12,50,training
O=S(=O)(NCCO)c1ccc(-c2ccnc3[nH]c(C4CC4)cc23)cc1,49.799999,training
CNC(=O)C(Cc1ccccc1F)CN1CCC2(CC1)OCCc1cc(F)sc12,89,training
Cc1ccc(OCC[N+]23CCC(CC2)[C@@H](OC(=O)[C@](C)(c2ccccc2)N2CCCCC2)C3)cc1,98.5,training
CC(=O)[C@@]1(O)CC[C@H]2[C@@H]3CC(C)=C4CC(=O)CC[C@]4(C)[C@H]3CC[C@@]21C,90,training
COc1cc(C(=O)N2CCOCC2)ccc1Nc1ncc(Cl)c(OC)n1,94.599998,training
CC[C@]1(O)C[C@@H]2CN(CCc3c([nH]c4ccccc34)[C@@](C(=O)OC)(c3cc4c(cc3OC)N(C=O)[C@H]3[C@@](O)(C(=O)OC)[C@H](OC(C)=O)[C@]5(CC)C=CCN6CC[C@]43[C@@H]65)C2)C1,60,training
CCCn1cnc(CC(CCCN)C(=O)O)c1,0,training
C[C@@]1(c2cc(F)cc(F)c2)CNC2(CCCC2)C(=O)N1CC(=O)Nc1ccc2c(c1)C[C@@]1(C2)C(=O)Nc2ncccc21,89.400002,training
C[C@](O)(c1ccc(C(=O)N(C2CC2)C2CCN(CC3(C(N)=O)CC3)CC2)cc1)C(F)(F)F,52,training
CC[C@@H](NC(=O)N1CCc2cnc(N[C@@H](C)CO)nc2C1)c1ccc(F)c(F)c1,77.400002,training
Cc1cc2nc3c(=O)[nH]c(=O)nc-3n(C[C@H](O)[C@H](O)[C@H](O)CO)c2cc1C,60,training
CCNC(=O)Nc1nc2cc(-c3cccnc3)c(=O)n(CC(C)C)c2s1,93,training
C[C@@](C(=O)O[C@H]1C[N+]2(Cc3nc(-c4ccccc4)no3)CCC1CC2)(c1ccccc1)N1CCCCC1,97.599998,training
COC1C(O)CC(=O)OC(C)C/C=C\C=C\C(OC2CCC(N(C)C)C(C)O2)C(C)CC(CC=O)C1OC1OC(C)C(OC2CC(C)(O)C(O)C(C)O2)C(N(C)C)C1O,15,training
C=CC(=O)Nc1cc(Nc2ncc(C#N)c(-c3cn(C)c4ccccc34)n2)c(OC)cc1N(C)CCN(C)C,91.099998,training
COc1ncnc(Cn2cc(C(=O)NCC(F)F)c3ncc(C)cc32)c1C,95,training
Cc1ccc(C)c(OCCCC(C)(C)C(=O)O)c1,97,training
CNc1nc(Nc2ccc(C(=O)N3CCOCC3)cc2OC)ncc1C#N,83.5,training
CCC(=O)NCC[C@@H]1CCc2ccc3c(c21)CCO3,82,training
C[C@@](C(=O)O[C@H]1C[N+]2(CC(=O)Nc3cncc(Cl)n3)CCC1CC2)(c1cccs1)N1CCCCC1,97.099998,training
N#Cc1c(O)[nH]c2scc(-c3ccc(-c4ccccc4O)cc3)c2c1=O,98.699997,training
Cc1c(Cc2ccc(=O)n(Cc3ccc(C(F)(F)F)cc3)n2)c2cc(F)ccc2n1CC(=O)O,98,training
NC(C(=O)N1CCCC1C(=O)NCc1cc(Cl)ccc1OCC(=O)NC1CC1)C1CCCCC1,88,training
Cc1[nH]c(C(=O)N[C@@H]2CCN(c3ncc(C(=O)O)s3)CC23OCC(C)(C)CO3)c(Cl)c1Cl,98,training
CO[C@H]1CN(c2ncc(C(=O)O)s2)CC[C@H]1NC(=O)c1[nH]c(C)c(Cl)c1Cl,92.900002,training
CC(C)[N+]1(C)[C@@H]2CC[C@H]1CC(OC(=O)C(CO)c1ccccc1)C2,10,training
COc1ccc([C@@H](CCC[C@H](O)CCc2ccc3c(n2)NCCC3)CC(=O)O)cn1,93,training
C[C@@H]1C[C@@H]2[C@@H](CC[C@@]3(S(=O)(=O)c4ccc(C(F)(F)F)cc4)c4c(F)ccc(F)c4OC[C@@H]23)NS1(=O)=O,97.300003,training
CCOc1cc2ncc(C(N)=O)c(Nc3cccc(Cl)c3Cl)c2cc1N1CCN(CCOC)CC1,98.300003,training
Cc1nc(C2CCN(C(=O)C3C[C@@](C)(N)C[C@H]3c3ccc(F)cc3F)CC2)n(-c2cc(Cl)ccc2Cl)n1,75.5,training
Cc1ccc(-c2nc(C(F)(F)F)c[nH]2)cc1NC(=O)c1ccc(OCc2ccccn2)cc1,98.800003,training
O=C(O[C@H]1C[N+]2(CCCc3ccncc3)CCC1CC2)C1(c2cccs2)CCCCCC1,94,training
CC(C)(C)Cc1c[nH]c(CC(C)(O)c2ccc(-c3ccc(F)cn3)cc2)n1,99.599998,training
Cc1cn(-c2ccc(Cn3cc(C(=O)O)c(=O)c4c(F)cccc43)cc2)cn1,89.800003,training
CC1(C)CN(CCC#N)C(=O)C1Oc1ccc(C#N)c(C(F)(F)F)c1,77.400002,training
COc1cc2nnc(C(N)=O)c(Nc3cc(C)ccc3F)c2cc1N1CCN(C)CC1,92.900002,training
O=C(N[C@@H]1CCC[C@H](O)C1)c1noc(-c2ccc(C(F)(F)F)cc2)c1CNC1CC1,88.199997,training
C[C@]12CC[C@@H]3c4ccc(O)cc4CC[C@H]3[C@@H]1CCC2=O,95,training
Cc1ccncc1CN(c1ccc(OCC(N)=O)cc1)C1CCN([C@H](C)CCNC(=O)c2c(C)cc(C#N)nc2C)CC1,89,training
N=c1cc(N2CCCCC2)nc(N)n1O,0,training
C[C@](O)(c1ccc(C(=O)N(C2CCC(CC3(C(N)=O)CC3)CC2)C2CC2)cc1)C(F)(F)F,88,training
O=C(O)C1(Sc2ccnc3ccc(C(F)(F)F)cc23)CCC1,99.900002,training
CN1CC(c2nc(C(=O)NCc3ccc(F)cc3S(C)(=O)=O)c(O)c3ncccc23)CC1=O,97,training
Cc1ccc(N2CCN(Cc3cc(C(=O)N[C@H]4CCCC[C@@H]4O)c(=O)n4ccccc34)CC2)nc1,60.099998,training
O=C(O)c1cn(Cc2ccc(-n3ccc4ncccc43)cc2)c2cccc(F)c2c1=O,96.099998,training
CN1C(=O)C2(CCN(C(=O)Nc3cc(F)cc(F)c3)CC2)C1c1ccc(Cl)cc1,96.599998,training
O=C(NC1Cc2ccccc2N(CCO)C1=O)c1cc2cc(Cl)sc2[nH]1,0.25,training
O=C(Nc1cc(C(F)(F)F)cc(C(F)(F)F)c1)NC1CCN(CCC2CCS(=O)(=O)C2)CC1,97,training
O=C(c1cccc(Cl)c1Cl)c1nc(CN2CCOCC2)c2ccccn12,76,training
CN(C)CCOC(c1ccccc1)c1ccc(Br)cc1,96,training
NC(=O)c1ccc(Oc2cncc3sc(C(N)=O)cc23)cc1,77.300003,training
NC(=O)COc1ccc(Cl)cc1CNC(=O)C1CCCN1C(=O)C(N)C1CCCCC1,74,training
O=C1Nc2ccc(Cl)cc2[C@@](C#CC2CC2)(C(F)(F)F)O1,99,training
CN1Cc2ccccc2-c2c(C3CCCCC3)c3ccc(C(=O)O)cc3n2CC1=O,99.699997,training
C[N+](C)C1C(=O)C(C(N)=O)C(=O)[C@@]2(O)C([O-])=C3C(=O)c4c(O)cccc4[C@@](C)(O)[C@H]3C[C@@H]12,47.5,training
C[C@H]1C(NC(=O)C(=NOC(C)(C)C(=O)O)c2csc(N)n2)C(=O)N1C(=O)NS(=O)(=O)N1CC[C@H](NC(=O)c2cc(=O)c(O)c[nH]2)C1,67,training
C[C@@H]1CN(Cc2ccc(-c3cccc(Oc4ncc(F)cc4C(=O)NC4CCC(NC(=O)c5cc6ccccn6n5)CC4)c3)cc2)C[C@H](C)N1,95.5,training
NS(=O)(=O)Nc1ncnc(OCCOc2ncc(Br)cn2)c1-c1ccc(Br)cc1,99,training
CN1CCN(Cc2ccc(NC(=O)CNc3ccc(-c4ccc(NC(=O)C5CC5)nc4)cc3F)cc2C(F)(F)F)CC1,99.779999,training
Nc1nc(C(=O)NCc2cccc3cccnc23)c2ccccc2n1,96.400002,training
CN1CCC(COCc2cc(C(F)(F)F)cc(C3CC3)n2)(c2ccc(F)cc2)CC1,98,training
NC(=O)c1cnc(N[C@@H]2CCCC[C@@H]2N)nc1Nc1cccc(-n2nccn2)c1,98.599998,training
CN(C)CCn1nnnc1SCC1=C(C(=O)O)N2C(=O)C(NC(=O)Cc3csc(N)n3)[C@H]2SC1,40,training
C[C@]12CC[C@@H]3C4=C(CC[C@H]3[C@@H]1CC[C@@H]2OC(=O)CCc1ccccc1)CC(=O)CC4,58,training
CC(C)c1c(NC(=O)Nc2ccc(Cl)cc2)c(=O)n(-c2ccccc2)n1C,97.900002,training
N=C(N)[N]CCN1CCCCCCC1,5,training
C[C@@](CCc1cc(-c2ccccc2)on1)(C(O)=NO)S(C)(=O)=O,98.400002,training
COc1cc(N2C(=O)N(c3ccc(-c4ccc(C(=O)O)cc4C)cc3)C(=O)C23CCN(Cc2ncccc2C)CC3)ncn1,99.699997,training
Cc1cc2c(c(Oc3cc(NS(=O)(=O)c4ccc(Cl)cc4)ccc3F)n1)C(=O)N(C(C)C)C2=O,99,training
COCCOc1cc2ncnc(-n3nc(-c4ccccn4)nc3N)c2cc1OCCOC,98.300003,training
COCCOc1ccc(N(Cc2cnccc2C)C2CCN([C@H](C)CCNC(=O)c3c(C)cc(C#N)nc3C)CC2)cc1,92,training
N#CC1(NC(=O)C2CCCCC2C(=O)N2CCN(c3nc4cnccc4s3)CC2)CC1,65,training
O=S(=O)(c1ccc2ccccc2c1)N1CCC(CCCC(O)=NO)CC1,98,training
C[N+]CC(O)c1ccc([O-])c(O)c1,50,training
Cc1nc(COc2ccc(C[C@H](NC(=O)O[C@H]3CO[C@H]4OCC[C@H]43)[C@H](O)CN(CC(C)C)S(=O)(=O)c3ccc4c(c3)OCO4)cc2)cs1,98,training
COC[C@H](C)Oc1cc(Oc2cc(F)cc(F)c2)cc(C(=O)Nc2ccc(C(=O)O)cn2)c1,99.449997,training
CCc1c(CCNCC(=O)O)cccc1-c1nsc(-c2ccc(OC(C)C)c(C(F)(F)F)c2)n1,99.870003,training
C[C@@H](Oc1ccccc1)c1cc(C(=O)N(C)CCO)cn2c(=O)cc(N3CCOCC3)nc12,74,training
C=C[C@]1(C)C[C@@H](OC(=O)CSC2C[C@H]3CC[C@@H](C2)N3C)[C@@]2(C)[C@H](C)CC[C@]3(CCC(=O)[C@H]32)[C@@H](C)[C@@H]1O,94,training
N#CC1(NC(=O)C2CCCCC2C(=O)N2CCN(c3ccccc3)CC2)CC1,72,training
CN(C)C(=O)c1ccc(-c2ccc3c(c2)CCN(CCN2CCCC2)C3=O)cc1,41,training
Cc1cn(C2CC([N-][N+]#N)C(CO)O2)c(=O)[nH]c1=O,35,training
CCCc1ccc(S(C)(=O)=O)cc1C#Cc1cc(Cl)ccc1OCC(=O)O,99.800003,training
CON=C(C(=O)NC1C(=O)N2C(C(=O)O)=C(/C=C\c3scnc3C)CS[C@H]12)c1csc(N)n1,88,training
C[C@H](Nc1nc(C(=O)N2CCCC2)c2sccc2n1)c1cccnc1,85,training
C[C@H]1C(NC(=O)C(=NOC(C)(C)C(=O)O)c2csc(=N)[nH]2)C(=O)N1C(=O)NS(=O)(=O)N1C[C@@H](NC(=O)NCc2cc(=O)c(O)c[nH]2)CC1=O,74,training
O=C(O)c1cccnc1Nc1cccc(C(F)(F)F)c1,90,training
c1ccc(Nc2nc3c(s2)CCCc2[nH]ncc2-3)nc1,99.400002,training
CCNC(=O)Nc1ccc(-c2nc3c(c(N4CCOCC4)n2)CCN(c2ncccn2)C3)cc1,98,training
Cc1ccc(Sc2ccccc2N2CCNCC2)c(C)c1,98,training
Cc1ccc2c(c1)CCCN2C(=O)SCC(=O)Nc1ccc(S(N)(=O)=O)cc1Cl,99,training
N#Cc1cc2c(cn1)[nH]c1ncc(-c3ccc(CN4CCC5(CC4)COC5)cc3)cc12,96.199997,training
Cc1nc2cnc3[nH]ccc3c2n1C1CCC(NCCC#N)CC1,42,training
COc1c(NC(=O)c2ccc(C)c(N3C=C(C(=O)NCC(C)(C)C)NN3)c2)cc(C(C)(C)C)cc1NS(C)(=O)=O,92,training
C[C@@H]1CN([C@@H](C)CO)C(=O)c2cccc(NC(=O)c3ccncc3)c2O[C@@H]1CN(C)Cc1ccc(Oc2ccccc2)cc1,99,training
Cn1cc([S+](C)[O-])cc1-c1c2c(=O)n(C)c(=O)n(CC3CC3)c2nn1Cc1ccnc2ccc(Cl)cc12,98,training
CNC(C)C(=O)NC1CCC[C@H]2C[C@H]3CCN(CCc4ccc(Cl)cc4)C[C@H]3N2C1=O,76,training
CC(C)Oc1cc(-n2cnc3ccc(N[C@@H](CO)c4ccc(F)cn4)nc32)[nH]n1,91.900002,training
O=C(O[C@@H]1CC[C@@H](c2cccc(F)c2F)[C@H](O)c2cccnc21)N1CCC(n2c(=O)[nH]c3ncccc32)CC1,95.900002,training
CCCCN(CCCC)CCC(O)c1cc2c(Cl)cc(Cl)cc2c2cc(C(F)(F)F)ccc12,65,training
CCCNC(=O)c1c(NC(=O)C23CC4CC(CC2C4)C3)sc2c1CCNC2,99,training
N#C[C@@H]1C[C@H]1c1c(C(F)(F)F)sc2nc(Cn3nc(C(F)(F)F)cc3Cl)cc(=O)n12,94,training
CC(C)OCC1(C(=O)c2ccc(N)c(Cl)c2)CCCN1,61,training
CC(C(=O)N=S(C)(=O)O)c1ccc(OS(=O)(=O)C(F)(F)F)cc1,99.5,training
C[C@@](C(=O)O[C@H]1C[N+]2(CCOCCc3ccccc3)CCC1CC2)(c1ccccc1)N1CCCCC1,97.5,training
CN(C)CCCNCc1cc(I)cc(C(C)(C)C)c1O,6.0700002,training
CN1CCN(C[C@@H](NC(=O)C[C@H]2CNC(=O)c3cc(-c4cccc(Cl)c4)cn32)C2CCCCC2)CC1,97,training
CCN(Cc1ccc2[nH]cnc2c1Cl)c1nccc(Nc2cc(C3CC3)[nH]n2)n1,99.300003,training
CC(O)(Cc1nc(CC2(C(F)(F)F)CC2)c[nH]1)c1ccc(-n2cccn2)cc1,96.800003,training
C[C@@H](O)c1nc2cnc3[nH]ccc3c2n1C1CCC(C#N)CC1,47,training
C[C@H](CO)Nc1nc(SCc2cccc(F)c2F)nc2[nH]c(=O)cnc12,98.800003,training
CS[C@H]1CN(c2ncc(C(=O)O)s2)CC[C@H]1NC(=O)c1[nH]c(C)c(Cl)c1Cl,98.5,training
CNC(=O)c1nn(C)c2c1C(C)(C)Cc1cnc(Nc3ccc(CN4CCN(C)CC4)cc3)nc1-2,99,training
CCOc1cc2ncc(C(N)=O)c(Nc3ccc(F)cc3F)c2cc1N1CCN(CC)CC1,95.400002,training
Cc1cc(C)cc(NC(=O)c2cncc(-c3ccc(C#N)cc3)c2)c1,99.5,training
CC(=O)N1CCN(Cc2ccnc(Nc3ncc(C#N)s3)c2)CC1,89.400002,training
CNC(=O)c1ccc(Oc2ccc(CN3CCC(N4C(=O)N(C5CCOCC5)C[C@H]4c4ccccc4)CC3)c(C)n2)cc1,94.5,training
N#Cc1ccc(N2CCN(Cc3cc(C(=O)N[C@H]4CCCC[C@@H]4O)c(=O)n4ccccc34)CC2)cc1,90.5,training
Cc1ccc(-c2ccc3ncc4c(c3n2)n(C2CCN(C(=O)C(C)O)CC2)c(=O)n4C)cn1,91.25,training
FCCn1cc(-c2ccncc2)c(-c2ccc(OCc3ccc4ccccc4n3)cc2)n1,99.5,training
Cc1ccc(S(=O)(=O)NC(C)C)cc1C#Cc1cc(Cl)ccc1OCC(=O)O,99.599998,training
Cc1c(Cc2ccc(=O)n(Cc3ccncc3F)n2)c2cc(F)ccc2n1CC(=O)O,98,training
Nc1nc2ccc(-c3cncc(S(=O)(=O)Nc4cccc5ccccc45)c3)cn2n1,99,training
Cc1c(O)c(=O)ccn1C,10,training
Oc1ccc2c3c1O[C@H]1[C@@H](O)CC[C@@]4(O)[C@@H](C2)N(CC2CCC2)CC[C@]314,50,training
CN1C(=O)C(NC(=O)c2cc3cc(Cl)sc3[nH]2)Cc2ccccc21,0.039999999,training
N#CC1(c2ccccc2)CCN(Cc2cc(C(=O)N[C@H]3CCCC[C@@H]3O)c(=O)n3ccccc23)CC1,85.199997,training
C[N+]12CCC(CC1)[C@@H](OC(=O)C1(C3=CC=CC3)CCCCCC1)C2,73,training
CCNC(=O)Nc1nc2cc(-c3ccn4ncnc4c3)c(=O)n(C(C)C)c2s1,90,training
CN1CCN(CCCN2c3ccccc3Sc3ccc(Cl)cc32)CC1,95,training
Fc1ccc(-c2nc(Nc3cc[nH]n3)c3ccccc3n2)cc1,99,training
CC(=O)N1C2C=C(CN3CCC(Nc4ccc5cc(C(F)(F)F)ccc5n4)CC3)CC1CCC2,95.400002,training
Cn1cc(NC(=O)c2cnn3ccc(N)nc23)c(-c2cccc(Cl)c2)n1,98.900002,training
CC(=O)N1CCN(CCC[C@@]2(c3ccccc3)CC(c3cc(F)ccc3F)=NN2C(C)=O)CC1,91,training
CC(=O)c1ccc(S(=O)(O)=NC(=O)NC2CCCCC2)cc1,96,training
C[C@@H]1CCN(C(=O)CC#N)C[C@@H]1N(C)c1ncnc2[nH]ccc12,40,training
Cc1ccc(-n2nccn2)c(C(=O)N2CCN(c3nc4cc(Cl)ccc4o3)CC[C@H]2C)c1,99.025002,training
CC1(C)C(/C=C/C=C/C=C/C=C2/[N+](CCCCS(=O)(=O)[O-])c3ccc4ccccc4c3C2(C)C)=[N+](CCCCS(=O)(=O)[O-])c2ccc3ccccc3c21,95,training
C[C@H](O)c1ccc(-c2ccc(N3C[C@H](Cn4ccnn4)OC3=O)cc2F)cn1,71.5,training
Nc1nc2ccc(OC3CCOC3)nc2n1CC(O)c1ccc(C(F)(F)F)cc1Cl,97.400002,training
CC(C)n1nc(-c2cnc(N)nc2-c2ccccc2)ccc1=O,77.199997,training
c1cnc(Nc2nc3c(s2)CCCc2[nH]ncc2-3)nc1,96.900002,training
C[C@@](C(=O)O[C@H]1C[N+]2(CC(=O)Nc3ccon3)CCC1CC2)(c1cccs1)N1CCCCC1,70.400002,training
Cc1cc(C)c(CNC(=O)c2c(C)n(C(C)c3cnn(C)c3)c3ccccc23)c(=O)[nH]1,98,training
O=C(Nc1ccc(C(F)(F)F)cc1)NC1CCN(C(=O)C2CC2)CC1,95.099998,training
COc1c(F)cccc1C1CCN(c2ccn3c(CC4CC4)nnc3c2C(F)(F)F)CC1,99,training
Cc1ccc(S(C)(=O)=O)cc1C#Cc1cc(Cl)ccc1OCC(=O)O,98.300003,training
O=C(NOCCO)c1ccc2[nH]ncc2c1Nc1ccc(I)cc1F,96.099998,training
Cc1cc2oc(=O)cc(-c3ccccc3)c2c(C)c1-c1ccncc1,98.800003,training
CN(C)C(=O)C(=O)N(C)[C@H]1CCCCn2c1nc(C(=O)NCc1ccc(F)cc1)c(O)c2=O,81,training
CC/C(=C(/c1ccccc1)c1ccc(OCCN(C)C)cc1)c1ccccc1,99,training
COc1ccc(NC(=O)c2ccc(C(=N)N(C)C)cc2)c(C(=O)Nc2ccc(Cl)cn2)c1,40,training
CC(Nc1ccc(F)cc1)c1cc(C(=O)N(C)C)cn2c(=O)cc(N3CCOCC3)nc12,79,training
CN1CCC2(CC1)CNC(=O)c1cc(-c3ccnc(NC(=O)c4ccc5ccccc5c4)c3)[nH]c12,99.5,training
Cc1cc(C(=O)O)ccc1-c1ccc(N2C(=O)N(c3cnccn3)C3(CCN(Cc4ncccc4C)CC3)C2=O)cn1,90,training
CC(=O)N1C2C=C(CN3[C@@H]4CC[C@H]3CC(Nc3ccc5ccc(C(F)(F)F)cc5n3)C4)CC1CCC2,98.400002,training
O=C1COCCN1c1ccc(CO[C@@H]2COc3nc([N+](=O)[O-])cn3C2)cc1F,67.800003,training
C[C@@](C(=O)O[C@H]1C[N+]2(CCCc3cccnc3)CCC1CC2)(c1ccccc1)N1CCCCC1,80,training
Cc1ccc(-c2c[nH]cn2)cc1NC(=O)c1ccc(OCc2ccccn2)cc1,94.900002,training
CCC(CC)[N+]12CCC(CC1)[C@@H](OC(=O)[C@](C)(c1ccccc1)N1CCCCC1)C2,57.900002,training
CCCNC[C@H](O)COc1ccccc1C(=O)CCc1ccccc1,95,training
CCOc1cc2ncc(C(N)=O)c(Nc3cccc(Cl)c3Cl)c2cc1N1CCN(C(C)C)CC1,98.5,training
COCCONC(=O)N(Cc1ccsc1)C1CCN([C@H](C)CCNC(=O)c2c(C)cc(Cl)nc2C)CC1,57,training
Cc1cc(C2CCCCC2)n(O)c(=O)c1,96,training
COc1cccc(N2CCN(C3=Nc4c(F)cccc4[C@H](CC(=O)O)N3c3cc(C(F)(F)F)ccc3OC)CC2)c1,99,training
CNC(=O)c1cc2c(Oc3ccc(Cl)cc3)cncc2s1,98.5,training
O=C(NC1Cc2ccccc2N(CC(CO)CO)C1=O)c1cc2cc(Cl)sc2[nH]1,0.50999999,training
C[C@@](C(=O)O[C@H]1C[N+]2(Cc3noc(-c4ccccc4)n3)CCC1CC2)(c1cccs1)N1CCCCC1,97.800003,training
C=C1COC2(CN(c3ncc(C(=O)O)s3)CC[C@H]2NC(=O)c2[nH]c(C)c(Cl)c2Cl)OC1,99.400002,training
O=C(NC1C2CC3CC1CC(O)(C3)C2)c1cnc(N[C@H]2CCOC2)nc1C1CCCC1,62,training
Cc1cc(C2CCN(C(=O)C3CN(C(C)(C)C)C[C@H]3c3ccc(F)cc3F)CC2)n(-c2ccc(C)c(Cl)c2)n1,95,training
CC(Oc1ccccc1F)C(=O)NC1C(=O)N2C1SC(C)(C)C2C(=O)O,86,training
Cc1cccc(-c2noc(C3CC(=O)N(c4ccc(F)cc4)C3)n2)c1,99.300003,training
Cc1ccc(S(=O)(=O)Nc2c(C(=O)N[C@@H](C)C(C)(C)C)c(C)nn2-c2ccccc2)cc1,97.349998,training
CC(=O)Nc1ccc2ccn(-c3cc(NCCCCO)n4ncc(C#N)c4n3)c2c1,95.900002,training
CCCc1cc(C)[nH]c(=O)c1CNC(=O)c1c(C)n([C@H](C)C2CCN(S(=O)(=O)CC)CC2)c2ccccc12,98,training
CNCc1c(NC(=O)OCC(Oc2cccc3sc(C(=N)N)cc23)c2ccccc2)c(C)nn1C,95,training
O=C(c1ccc(F)cc1)N1CCN2C(=O)c3ccccc3C12c1ccc(Cl)cc1,98,training
Cc1cc(C(=O)O)nc(N2C[C@H]3CC(c4ccccc4C(F)(F)F)C[C@H]3C2)n1,99.400002,training
CN(C)C1C(=O)C(C(=O)NC[N+]CCCCC([N+])C(=O)[O-])C(=O)C2(O)C([O-])=C3C(=O)c4c(O)cccc4C(C)(O)C3CC12,45,training
Cc1ccc(Nc2c(F)cccc2Cl)c(CC(=O)O)c1,98,training
CCCC[C@H]1CN(CC2CCOCC2)C(=O)OC12CCN(C1(C)CCN(C(=O)c3c(C)ncnc3C)CC1)CC2,83,training
CC[C@H]1OC(=O)C(C)C(=O)C(C)[C@@H](O[C@@H]2O[C@H](C)C[C@H](N(C)C)[C@H]2O)[C@](C)(OC)CC(C)C(=O)C(C)[C@H]2N(CCCCn3cnc(-c4cccnc4)c3)C(=O)O[C@]12C,67,training
CC1CCCCC1C(=O)N1CC(c2nc(-c3cccc(F)c3)no2)C1,96.599998,training
N[C@@H](Cn1c(=O)cnc2ccc(F)cc21)C1CCC(NCc2ccc3c(n2)NC(=O)CO3)CC1,30,training
COc1cc2c3cc1Oc1cc(ccc1O)C[C@H]1c4c(cc(OC)c(O)c4Oc4ccc(cc4)C[C@@H]3N(C)CC2)CC[N+]1(C)C,42,training
CC(C)c1ccc2c(c1)CC[C@H]1[C@](C)(CNS(=O)(=O)c3c(F)c(F)c(F)c(F)c3F)CCC[C@]21C,94.800003,training
O=C(Nc1nc(-c2cc(Cl)cs2)c(N2CCN(C3CCCCC3)CC2)s1)c1cnc(N2CCC(C(=O)O)CC2)c(Cl)c1,96,training
CN1CCN(CCCC(=O)c2ccc(-c3ccc(N4C[C@H](Cn5ccnn5)OC4=O)cc3F)cn2)CC1,50,training
CP(=O)(O)CCC([N+])C(=O)[O-],1,training
O=C(COc1cccc(Cl)c1)NC1CCN(Cc2ccn(-c3ccc(C(F)(F)F)cc3)c2)CC1,98.800003,training
CC1(C)Oc2ncnc(N)c2N=C1c1ccc(C23CCC(CC(=O)O)(CC2)CC3)cc1,99,training
CC(=O)N1C2C=C(CN3CCC(Nc4ccc5cc(Cl)ccc5n4)CC3)CC1CCC2,95.599998,training
COc1ccc(-c2cn(CC[C@](C)(C(O)=NO)S(C)(=O)=O)nn2)c(F)c1,91.5,training
O=C(O)CC1CCC(c2ccc(-c3ccc4c(c3)OCCN4C(=O)Nc3ccccc3)cc2)CC1,99.800003,training
Cn1cc(C(=O)Nc2ccc(-c3ccccc3)c(C(F)(F)F)c2)c(=O)c2ccccc21,97,training
CCOc1cc2ncc(C(N)=O)c(Nc3cccc(Cl)c3Cl)c2cc1N1CCN(CC)CC1,98.099998,training
COc1cc2nc(N3CCc4c(cccc4NS(C)(=O)=O)C3)nc(N)c2c(-c2ccccn2)c1OC,93,training
[C-]C[c+]1cc[n-]c(C2(C#N)CCN(CC3=C[C+](C(=O)[O-])C(=O)[n+]4ccccc43)CC2)c1,86.599998,training
COc1cc2nnc(C(N)=O)c(Nc3ccc(C)cc3F)c2cc1N1CCN(C)CC1,93.699997,training
O=C(O)CCc1ccc(C#Cc2cc(Cl)nc(Cl)c2)cc1,96.900002,training
COc1ccc(C23c4ccccc4C(=O)N2CCN3C(=O)c2ccc(F)c(F)c2)cc1,96.300003,training
O=C(COc1cccc(Cl)c1)NC1CCN(Cc2ccn(-c3ccc(OC(F)(F)F)cc3)c2)CC1,96.800003,training
CC1(C)OC(=O)N(C2CCC(n3c(=O)[nH]c4c(F)c(C#N)ccc43)CC2)[C@H]1c1ccccc1,94.900002,training
CC(C)NC(=O)C1CCC(n2c(NC(=O)c3cc(F)cc(F)c3)nc3ccc(CN4CCC(C(C)(C)O)CC4)cc32)CC1,96.300003,training
CCc1ccccc1C(=O)N(C1CCC2(CC1)OCCO2)C(Cc1ccc(Cl)cc1)CN(C)C,99.599998,training
CSC1=NC(C2(C#N)CCN(CC3=C4C=CC=C[N+2]4C(=O)C(C(=O)[O-])=C3)CC2)CC=C1,98.800003,training
C=C1C[C@@H]2CC[C@@]34C[C@H]5O[C@H]6[C@@H](O3)[C@H]3O[C@H](CC[C@@H]3O[C@H]6[C@H]5O4)CC(=O)C[C@@H]3[C@@H](OC)[C@@H](C[C@H](O)CN)O[C@H]3C[C@H]3O[C@@H](CC[C@@H]1O2)C[C@@H](C)C3=C,57,training
CS(=O)(=O)Cc1ccc(-c2ccc(N3CCOc4ncnc(N)c4C3=O)cc2)c(Cl)c1,78.800003,training
Cc1ccc2c(c1)c(-c1cc(C)nc3ccccc13)c(C)n2CC(=O)O,99.599998,training
COc1cc(F)c2ccc(NC3CCN(CC4=CC5CCCC(C4)N5C(C)=O)CC3)nc2c1,96.300003,training
COc1ccc2ncc(F)c([C@@H](O)CN3CCC(NCc4cc5c(cn4)OCCO5)CC3)c2n1,69.300003,training
Cc1cc(C(=O)NC2CCC(NC(=O)c3cc(F)cnc3Oc3cccc(-c4cccc(CN5C[C@@H](C)N[C@@H](C)C5)c4O)c3)CC2)nn1C,90.900002,training
Cc1c(Cc2ccc(=O)n(Cc3cc(F)c(F)cc3F)n2)c2cc(F)ccc2n1CC(=O)O,98,training
O=C(NC1Cc2ccccc2N(CC(=O)N2C[C@@H](O)[C@@H](O)C2)C1=O)c1cc2cc(Cl)sc2[nH]1,2.3499999,training
CCc1nc2ccccc2n1-c1nc(N2CCOCC2)c2nc(CN3CC(C4CCOCC4)C3)n(C)c2n1,91,training
O=S(=O)(c1cccc2ccccc12)N1CCC(CCCC(O)=NO)CC1,97,training
C=CCC1(CC(C)C)C(=O)NC(=O)NC1=O,45,training
NC(=O)c1cc2c(Oc3ccc(Cl)cc3)cncc2s1,98,training
CC(=O)N(O)CCCCCNC(=O)CCC(=O)N(O)CCCCCNC(=O)CCC(=O)N(O)CCCCCN,10,training
O=C(O)CCc1ccc(NCc2cccc(Oc3ccccc3)c2)cc1,99.599998,training
CCC[C-]1C(=O)N2C(N(C)C)=Nc3ccc(C)cc3[N+]2C1=O,99,training
O=C(O)c1cn(Cc2ccc(-n3cnc4ccccc43)cc2)c2cccc(F)c2c1=O,93.550003,training
Nc1nc2c(c(N3CC[C@@H](N)C3)n1)CCCc1ccccc1-2,48,training
CCn1nccc1Oc1cc(CC2CC(C)(O)C2)cnc1NC(=O)NC,56,training
COc1ccccc1C1CCN(c2ccn3c(CC4CC4)nnc3c2Cl)CC1,99,training
CS(=O)(=O)C1CCN(Cc2ccnc(Nc3ncc(C#N)s3)c2)CC1,65.5,training
Cc1cc(-c2c(Cl)cccc2Cl)cc2nnc(Nc3ccc(OCCN4CCCC4)cc3)nc12,99.800003,training
CCCOCCn1c(=O)c(N2CCN(CCO)CC2)nc2cnc(-c3ccc(OC)nc3)cc21,74.900002,training
CCCC(NC(C)C(=O)N1C(C(=O)O)C[C@@H]2CCCC[C@@H]21)C(=O)OCC,60,training
CNC(=O)c1cc(F)ccc1CNC(=O)c1nc(C(C)(C)C)n(C)c(=O)c1O,93,training
CCNC(=O)c1cc(F)ccc1CNC(=O)c1nc(C(C)(C)C)n(C)c(=O)c1O,97,training
COc1cccc(Nc2c(C(N)=O)cnc3c(C)cc(S(=O)(=O)c4cccc(C(=O)N(C)C)c4)cc23)c1,98.5,training
CC(C)(N)Cc1ccccc1,56.75,training
Cc1ccc(-c2c(C)nn(C)c2C)cc1NC(=O)c1ccc(OCc2ccccn2)cc1,98.199997,training
C[C@@](C(=O)O[C@H]1C[N+]2(CC(=O)Nc3cnccn3)CCC1CC2)(c1ccccc1)N1CCCCC1,82.199997,training
Cc1cn(CC(=O)c2ccc(-c3ccc(N4C[C@H](Cn5ccnn5)OC4=O)cc3F)cn2)c(C)n1,88,training
COc1ccc(CC(C)[N+]CC(O)c2ccc([O-])c(NC=O)c2)cc1,62,training
CN(C)C(=O)c1cc2cnc(Nc3ccc(N4CCNCC4)cn3)nc2n1C1CCCC1,70,training
CC1CCN([C@H](c2ccc(F)cc2)c2ccc(C(C)C(=O)O)cc2-c2ccc(C(F)(F)F)cc2)CC1,99.900002,training
CCN(CCO)CCCOc1cc2ncnc(Nc3cc(CC(=O)Nc4cccc(F)c4)[nH]n3)c2cc1OC,95,training
O=C(O)c1cn(Cc2ccc(-n3cccc3)cc2)c2cccc(F)c2c1=O,99.5,training
Cc1cc(Cl)nc(C)c1C(=O)NCC[C@@H](C)N1CCC(N(Cc2ccsc2)C(O)=NO)CC1,60,training
C=[N+]1[N-]C(=O)C(=O)N=C1SCC1=C(C(=O)O)N2C(=O)C(=NC(=O)C(NOC)c3csc(N)n3)C2SC1,93.800003,training
CNC(=O)c1ccc(Oc2ccc(C#C[C@]3(O)CN4CCC3CC4)cc2)cc1,76,training
CS(=O)(=O)CCN1C(=O)C(NC(=O)c2cc3cc(Cl)sc3[nH]2)Cc2ccccc21,0.5,training
C[C@@H](O)c1nc2cnc3[nH]ccc3c2n1[C@H]1CCCOC1,61,training
CCC(C)(CCN1CCCCC1)N(Cc1cc2ccccc2n(C)c1=O)C(=O)C1CCCCC1,89,training
Cc1ccc(-n2nc(C(C)(C)C)cc2NC(=O)Nc2ccc(OCCN3CCOCC3)c3ccccc23)cc1,99,training
Cc1nc(Nc2nc3cc(N4CCN(C)CC4)ncc3[nH]2)cc(C2CC2)c1F,94.900002,training
CC[C@@H](NC(=O)N1CCc2cnc(N[C@@H](C)CO)nc2C1)c1ccc(OC)c(Cl)c1,91.900002,training
CNC(=O)Nc1ncc(SCCCOC)cc1Oc1cccnc1C,49,training
OC[C@H]1O[C@H](Oc2ccc(-c3cnc4[nH]ccc4c3)cc2Cl)[C@@H](O)[C@@H](O)[C@@H]1O,90,training
OC1CN(C2=Nc3ccccc3C(c3ccccc3)=NC2c2cccs2)C1,99,training
O=C(NCc1ccncn1)c1ccc(Oc2ccc(C#C[C@]3(O)CN4CCC3CC4)cc2)cc1,76,training
C[C@H](Cn1cnc2c(N)ncnc21)OCP(=O)(O)O,5.5,training
CCC(C)C(=O)O[C@H]1C[C@H](O)C=C2C=C[C@H](C)[C@H](CC[C@@H](O)C[C@@H](O)CC(=O)O)[C@H]21,50,training
O=C(Nc1cc(C(F)(F)F)ccc1-n1cncn1)C1(c2cccc(C(F)(F)F)c2)CC1,99.400002,training
COc1ccc2ncc(=O)n(C[C@H](N)C3CCC(NCc4ncc5c(n4)NC(=O)CO5)CC3)c2c1,40,training
N#C/N=C1\SCCN1Cc1ccc(Cl)nc1,71.430298,training
Cc1cc2n[nH]c(=O)n2c2cc(-c3ccc[nH]3)ccc12,3,training
Cc1cc(OC(F)(F)F)ccc1-c1c(Oc2ccc(/C=C/C(=O)O)cc2)c2ccccc2oc1=O,99.839996,training
C[C@@H](NC(=O)N1CCc2cnc(NC3CCOCC3)nc2C1)c1ccc(Cl)c(F)c1,90.5,training
CC(C)CNCc1c(C(=O)N[C@@H]2CCC[C@H](O)C2)noc1-c1ccc(C(F)(F)F)cc1,82.300003,training
NC(=O)N1c2ccccc2[C@H]2O[C@H]2c2ccccc21,36.130001,training
CCOc1cc2ncc(C(N)=O)c(Nc3cccc(Cl)c3Cl)c2cc1N1CCCN(C(C)C)CC1,95.099998,training
O=C1c2ccc(COc3ccccc3)nc2CCN1c1ccc(F)cc1,97.900002,training
CC[C@H](C)C1NC(=O)C(CCC[N]C(=N)N)NC(=O)C(N)CSSCC(C(=O)[O-])NC(=O)C(Cc2ccc(O)cc2)NC(=O)C(CCC[N]C(=N)N)NC(=O)C(CCCC[N+])NC1=O,15.1,training
O=C(O[C@H]1CN2CCC1CC2)C1(c2cccs2)CCCCCC1,95,training
COc1c(F)cccc1C1CCN(c2ccn3c(CC4CC4)nnc3c2Cl)CC1,99,training
O=C1N(c2ccc(F)c(Cl)c2)C(c2ccccn2)C12CCN(c1nc3cc(Cl)ccc3[nH]1)CC2,100,training
CC(C)CC1(C(=O)c2ccc3[nH]ncc3c2)CCCN1,20,training
CC(C)(C)NC[C@@H](O)c1ccc(O)c(CO)c1,9,training
COc1cc2nnc(C(N)=O)c(Nc3cccc(Cl)c3F)c2cc1N1CCN(C)CC1,92.199997,training
Cc1cccc(OCCCCCCN2C[C@H](O)[C@@H](O)[C@H](O)[C@H]2CO)c1,83,training
C[N+](C)C1C(=O)C(C(N)=O)C(=O)[C@@]2(O)C([O-])=C3C(=O)c4c(O)ccc(Cl)c4[C@@H](O)[C@H]3C[C@@H]12,45,training
O=C(O)CCn1c2c(c3ccccc31)C[C@H](NS(=O)(=O)c1ccc(F)cc1)CC2,97.5,training
Cc1nc(-c2ccc(C)c(NC(=O)c3ccc(OCc4ccccn4)cc3)c2)c[nH]1,96.800003,training
C[C@@H]1CN(c2c(F)c(N)c3c(=O)c(C(=O)O)cn(C4CC4)c3c2F)C[C@H](C)N1,45,training
CC#CCC(C)C(O)/C=C/C1C(O)CC2C/C(=C/CCCC(=O)OCC(=O)c3ccccc3)CC21,60,training
CC[C@]1(O)C[C@H]2CN(CCc3c([nH]c4ccccc34)[C@@](C(=O)OC)(c3cc4c(cc3OC)N(C)[C@H]3[C@@](O)(C(N)=O)[C@H](O)[C@]5(CC)C=CCN6CC[C@]43[C@@H]65)C2)C1,72,training
CN(C(=O)CS(C)(=O)=O)C1CCCn2c1nc(C(=O)NCc1ccc(F)cc1)c(O)c2=O,70,training
CCOc1cc2ncc(C(N)=O)c(Nc3ccc(F)c(Cl)c3)c2cc1N1CCN(C)CC1,96.599998,training
C=CC(=O)Nc1cccc(S(=O)(=O)N2CCN(C(=O)OCc3ccccc3)CC2)c1,98,training
O=C(C[N+]12CCC(CC1)[C@@H](OC(=O)C1(C3=CC=CC3)CCCCCC1)C2)Nc1cncc(Cl)n1,98.5,training
CNC(=O)N1CCN(Cc2ccnc(Nc3ncc(C#N)s3)c2)CC1,87.400002,training
c1cn2cc(-c3ccc4c[nH]nc4c3)nc(Nc3ccc(N4CCOCC4)cc3)c2n1,97.300003,training
O=C(Oc1ccccc1C(=O)O)c1ccccc1O,92,training
Cc1cn(-c2ccc3c(c2)CCc2sc(Cc4ccccc4)nc2N3)cn1,99.800003,training
COc1cc2nnc(C(N)=O)c(Nc3cc(C)ccc3F)c2cc1OC,96.900002,training
CCC(C)C(=O)N1CCC(NC(=O)Nc2ccc(OC(F)(F)F)cc2)CC1,92.400002,training
Cc1cc(C)c(NS(=O)(=O)c2ccc(NC(=O)c3ccco3)cc2)c(C)c1,97.800003,training
CO[C@H]1CN(c2nc(-c3ncccn3)c(C(=O)O)s2)CC[C@H]1NC(=O)c1[nH]c(C)c(Cl)c1Cl,90.400002,training
CCN(CCO)CCC[C@@H](C)Nc1ccnc2cc(Cl)ccc12,43,training
CNC(CC(C)C)C(=O)NC1C(=O)NC(CC(N)=O)C(=O)NC2C(=O)NC3C(=O)NC(C(=O)NC(C(=O)O)c4cc(O)cc(O)c4-c4cc3ccc4O)[C@H](O[C@H]3C[C@](C)(N)[C@@H](O)[C@H](C)O3)c3ccc(c(Cl)c3)Oc3cc2cc(c3O[C@@H]2O[C@H](CO)[C@@H](O)[C@H](O)[C@H]2O[C@H]2C[C@](C)(NCc3ccc(-c4ccc(Cl)cc4)cc3)[C@@H](O)[C@H](C)O2)Oc2ccc(cc2Cl)[C@H]1O,85,training
O=C(c1cc2cc(Cl)ccc2[nH]1)N1CCNCC1,58,training
Cn1c(CNc2ccc(C([N])=N)cc2)nc2cc(C(=O)N(CCC(=O)O)c3ccccn3)ccc21,35,training
COc1ccc2cc1Oc1cc3c(cc1OC)CC[N+](C)(C)[C@H]3Cc1ccc(cc1)Oc1c(OC)c(OC)cc3c1[C@@H](C2)[N+](C)(C)CC3,35,training
COC(=O)c1ccc(-c2ccc(O[C@H]3O[C@H](CO)[C@@H](O)[C@H](O)[C@@H]3O)cc2)cc1,93,training
O=C(O)C(=O)O,0,training
Cc1nc(N2CCCC2)ncc1-c1ccc2cc(CCN3CCC[C@H]3C)ccc2n1,81,training
C[C@@]12Cc3[nH]nc(C(=O)Nc4cnn([C@H](c5ccccc5)[C@H]5CCCCS5(=O)=O)c4)c3C[C@@H]1C2(F)F,97,training
Cc1[nH]c(C(=O)N[C@@H]2CCN(c3ncc(C(=O)O)s3)C[C@@H]2N=[N+]=[N-])c(Cl)c1Cl,96.199997,training
O=S(=O)(c1ccc2ccccc2c1)N1CCN(c2ncc(C(F)(F)F)cc2Cl)CC1,90,training
COc1ccc(-c2ccc(S(=O)(=O)NC(C(=O)O)C3CCC(N(C)C(=O)N4CCOCC4)CC3)cc2)cc1,89.299995,training
Cc1ccc2c(c1)c(-c1ccnc3c(F)cccc13)c(C)n2CC(=O)O,99.099998,training
C=CCC1=CC(C)C[C@H](C)C[C@H](OC)[C@H]2O[C@@](O)(C(=O)C(=O)N3CCCCC3C(=O)O[C@H](/C(C)=C/[C@@H]3CC[C@@H](O)[C@H](OC)C3)[C@H](C)[C@@H](O)CC1=O)[C@H](C)C[C@@H]2OC,87,training
C[C@H]1Cn2c(nnc2-c2ccc(F)cc2)CN1C(=O)c1cccc(Cl)c1Cl,92.199997,training
Clc1ccc(CO[C@@H](Cn2ccnc2)c2ccc(Cl)cc2Cl)c(Cl)c1,95,training
CN1CCN(S(=O)(=O)N(C)[C@H]2CCCn3c2nc(C(=O)NCc2ccc(F)cc2)c(O)c3=O)CC1,82,training
c1ccc(CC[C@@H]2CN(Cc3nc4ccccc4[nH]3)CCO2)cc1,93.900002,training
O=C(O)c1cn(Cc2ccc3ccccc3c2)c2cccc(F)c2c1=O,96.699997,training
CN1CCN(c2ccc3ncc(C(N)=O)c(Nc4ccc(F)cc4F)c3c2)CC1,74,training
N#CC1(NC(=O)C2CCCCC2C(=O)N2CCN(c3nc4ccccc4s3)CC2)CC1,83,training
Cc1nn(C)c2ccc(N3CCN(C(=O)C4CCCCC4C(=O)NC4(C#N)CC4)[C@H](C)C3)cc12,75,training
CCOC(=O)N1CCC(N2CCC[C@@H](NC(=O)c3ccccc3C)C2)CC1,94.199997,training
Cc1cc(C2CCN(C(=O)C3CN(C(C)(C)C)C[C@H]3c3ccc(F)cc3F)CC2)n(-c2cc(Cl)ccc2F)n1,86,training
COc1ccc2ncc(=O)n(C[C@H](N)C3CCC(NCc4ccc5c(n4)NC(=O)CO5)CC3)c2c1,30,training
CCNC(=O)Nc1nc2cc(-c3cccnc3)c(=O)n(CC3CCOCC3)c2s1,86,training
O=C1CCc2cc(-c3cccnc3)ccc21,22,training
O=C(O)CCC/C=C\C[C@@H]1[C@@H](/C=C/C(F)(F)COc2ccccc2)[C@H](O)C[C@@H]1O,99,training
COc1cc(Nc2cnc(C#N)c(O[C@H](C)CN(C)C)n2)ncc1-c1cnn(C)c1,82,training
Cc1ccccc1Cn1cc(C(=O)NCC2CC2)c2ncccc21,99,training
CNC(=O)NC1CCC(CCN2CCN(c3cccc(Cl)c3Cl)CC2)CC1,94,training
COc1ccc(-c2ccc(S(=O)(=O)NC(C(=O)O)C3CCC(Nc4ccccc4)CC3)cc2)cc1,99.300003,training
O=C(C[N+]12CCC(CC1)[C@@H](OC(=O)C1(C3=CC=CC3)CCCCCC1)C2)Nc1ccncn1,89,training
OC[C@H]1O[C@H](Oc2ccc(-c3ccccc3)cc2)[C@@H](O)[C@@H](O)[C@@H]1O,93,training
N#CCNC(=O)C1CCCCC1C(=O)N1CCN(c2ccccc2)CC1,50,training
CCOc1cc2nnc(C(N)=O)c(Nc3ccc(F)cc3F)c2cc1N1CCN(C)CC1,96.099998,training
CNC(C)C(=O)NC1CCC[C@H]2C[C@H]3CCN(CCc4cccc(OC)c4)C[C@H]3N2C1=O,53,training
N[C@@H](CC(=O)N1CCN(C(=O)c2ccccn2)CC1)Cc1cc(F)c(F)cc1F,50.299999,training
CCCC1(C(=O)c2ccc3[nH]ccc3c2)CCCN1,63,training
C=CC[N+]1([C@H]2C[C@H]3[C@@H]4CC[C@H]5C[C@H](O)[C@@H](N6CCCCC6)C[C@]5(C)[C@H]4CC[C@]3(C)[C@H]2OC(=O)CC)CCCCC1,69,training
C/C(=N\C#N)N(C)Cc1ccc(Cl)nc1,42.678101,training
Cc1ccc(NC(=O)C[N+]23CCC(CC2)[C@@H](OC(=O)C2(C4=CC=CC4)CCCCCC2)C3)nn1,90,training
Cc1nc(C)c(-c2ccc(-c3ccc(C(C)C(=O)O)cc3Cl)cc2)nc1C(N)=O,99.199997,training
Cc1cc(C)c(CNC(=O)c2c(C)n(C(C)C(=O)N3CCCC3)c3ccccc23)c(=O)[nH]1,87,training
CCc1c(-c2nsc(-c3ccc(CC(C)C)c(C#N)c3)n2)ccnc1CCCC(=O)O,99.809998,training
CCN=C(NCC)NCCCCC(NC(=O)C(CC(C)C)NC(=O)C(CCCCN=C(NCC)NCC)NC(=O)C(Cc1ccc(O)cc1)NC(=O)C(CO)NC(=O)C(Cc1cccnc1)NC(=O)C(Cc1ccc(Cl)cc1)NC(=O)C(Cc1ccc2ccccc2c1)NC(C)=O)C(=O)N1CCCC1C(=O)NC(C)C(N)=O,81.900002,training
COC(=O)N1CCN(C2CCN(c3cc(C)c4[nH]c(-c5c(NCCn6cc(Cl)cn6)cc[nH]c5=O)nc4c3)CC2)CC1,96.699997,training
CS(=O)(=O)c1ccc(C(CC2CCCC2)C(=O)Nc2cnc([C@H](O)CO)cn2)cc1Cl,90,training
C[N+](C)C1C(=O)C(C(N)=O)=C([O-])C2(O)C(=O)C3C(=O)c4c(O)cccc4C(C)(O)C3CC12,65,training
C[C@H](NC(=O)N1CCC2(CC1)C(=O)N(c1cccc(F)c1)C2c1ccc(Cl)cc1)c1ccc(F)cc1,99.900002,training
CO[C@H]1CN(c2nc(C(=O)NCCN3CCCC3=O)c(C(=O)O)s2)CC[C@H]1NC(=O)c1[nH]c(C)c(Cl)c1Cl,92.400002,training
c1ccc(C2=NC(c3cccs3)C(=NC3CC3)Nc3ccccc32)cc1,97,training
Cc1ccccc1C1=CC(N2CC[N+](C)(COP(=O)([O-])[O-])CC2)=[N+]C=C1N(C)C(=O)C(C)(C)c1cc(C(F)(F)F)cc(C(F)(F)F)c1,92,training
CCCOc1cccc(CCCN2C[C@H](O)[C@@H](O)[C@H](O)[C@H]2CO)c1,68,training
CCOc1cc(Nc2nc3c(cc2F)ncn3[C@@H](CO)c2ccc(F)cn2)[nH]n1,89,training
COC(=O)C(CC(C)C)NC(=O)C(C)c1ccc(CC(C)C)cc1,51,training
O=C(O)C[C@H](CCCCCCc1ccc2c(n1)NCCC2)c1cnc2ccccc2c1,99.900002,training
Nc1ncnc2c1sc1cc(-c3cccc(-c4nn[nH]n4)c3)ccc12,98.800003,training
CCc1cc2c(cc1N1CCC(N3CCOCC3)CC1)C(C)(C)c1[nH]c3cc(C#N)ccc3c1C2=O,99,training
CC(=O)NCc1ccc(-c2ccc(N3CCOc4ncnc(N)c4C3=O)cc2)c(Cl)c1,86.699997,training
CC(C)(C)c1ccc(S(=O)(=O)Nc2ccc(Cl)cc2C(=O)c2cc[n+]([O-])cc2)cc1,99.099998,training
N#C/C(=C1/SC[C@@H](c2ccc(Cl)cc2Cl)S1)n1ccnc1,99,training
NC1(C(=O)NCc2ccc(Cl)cc2)CCN(c2ncnc3[nH]ccc23)CC1,78,training
CN1C(=O)N(Cc2cc(Cl)ccc2F)C(=O)[C@]12C(=O)N(CC(=O)O)c1ccc(Cl)cc12,98,training
CC1(C)CC(=O)c2c(C(F)(F)F)nn(-c3ccc(C(N)=O)c(NC4CCC(O)CC4)c3)c2C1,93.199997,training
C[C@H]1CN(CC(Cc2ccccc2)C(=O)NCC(=O)O)CC[C@@]1(C)c1cccc(O)c1,86,training
CN1CCN(C(=O)Nc2cccc(-c3ccc4c(c3)sc3c(N)ncnc34)c2)CC1,96.300003,training
Cc1c(-c2ccc(O)cc2)n(Cc2ccc(OCCN3CCCCCC3)cc2)c2ccc(O)cc12,98,training
CN1CCN(C)C(c2nc(C(=O)NCc3ccc(F)cc3)c(O)c(=O)n2C)C1,72,training
CNC(C)C(=O)NC1CCC[C@H]2C[C@H]3CCN(CCc4ccccc4)C[C@H]3N2C1=O,49,training
Cc1ncc(Oc2ccc(Cl)cc2)c2cc(C(N)=O)sc12,99.300003,training
C/N=C1\CN(O)C(c2ccccc2)=c2cc(Cl)ccc2=N1,95,training
CN1C=CC=C/C1=C=[N+]O,3,training
Clc1ccc(CNc2ccnc(N3CCC4(CCN(CC5CCCN5)C4)CC3)n2)c(Cl)c1,93.199997,training
CN(C)CCn1c(CC(C)(C)C)nc2cc(S(=O)(=O)C3CN(CCO)C3)ccc21,50,training
CNC(C)C(=O)NC1CCC[C@H]2C[C@H]3CCN(CCc4ccc([N+](=O)[O-])cc4)C[C@H]3N2C1=O,53,training
CCOC(=O)N1CCN(C(=O)C(CCC(=O)O)NC(=O)c2cc(C3CC3)nc(-c3ccccc3)n2)CC1,99.699997,training
Cc1cc(Cl)c(OCCOc2ccc(C3=C(C(=O)N(Cc4cccc(C)c4C)C4CC4)[C@H]4CNC[C@@H](C3)N4)cc2)c(Cl)c1,99,training
OC[C@@H]1[C@@H](O)[C@H](O)[C@@H](O)CN1CCCCCCOC1CCCCCC1,71,training
Cc1ccccc1NC(=O)Nc1ccc(CC(=O)N2C[C@@H](F)C[C@H]2COc2ccc(C(=O)O)cc2)cc1Cl,98,training
Cc1cc(C2CCN(C(=O)C3CN(C(C)(C)C)C[C@H]3c3ccc(F)cc3F)CC2)n(-c2ccc(F)c(F)c2)n1,75,training
NC(O)=NO,1.5,training
CCNC(=O)Nc1nc2cc(-c3cncnc3)c(=O)n(C(C)C)c2s1,85,training
CC(=O)OC1CC(OC2C(O)CC(OC3C(O)CC(OC4CCC5(C)C(CCC6C5CC(O)C5(C)C(C7=CC(=O)OC7)CCC65O)C4)OC3C)OC2C)OC(C)C1OC1OC(CO)C(O)C(O)C1O,25,training
CC(CCNC(=O)c1c(Cl)cncc1Cl)N1CCC(N(Cc2cccc(C#N)c2)c2ccc(OC(F)(F)F)cc2)CC1,99.900002,training
CNC(=O)O/N=C/C(C)(C)SC,51.908298,training
CO[C@H]1CN(c2nc(C(=O)NCC3OCCO3)c(C(=O)O)s2)CC[C@H]1NC(=O)c1[nH]c(C)c(Cl)c1Cl,97.199997,training
N#Cc1cccc(-c2ccc(N3CCOc4ncnc(N)c4C3=O)cc2)c1Cl,94.099998,training
CCN1CCC[C@H]1CNC(=O)c1c(OC)ccc(Br)c1OC,93,training
CCCN1CCO[C@H](c2cccc(O)c2)C1,65,training
O=C(O)C1CCC(OC2CCN(c3ccc(-c4nc5cc(C(F)(F)F)ccc5[nH]4)cn3)CC2)CC1,92.199997,training
CCN1CC(C)(C)OC(=O)C1CC(=O)NCc1cccc(-c2ccccc2)c1,99.699997,training
COc1ccc2c3c1OC1C(=O)CC[C@H]4[C@@H](C2)N(C)CC[C@]314,19,training
CNC(=O)c1nc(N2CC[C@@H](NC(=O)c3[nH]c(C)c(Cl)c3Cl)[C@@H](OC)C2)sc1C(=O)O,98,training
C[C@H]1C(NC(=O)C(=NOC(C)(C)C(=O)O)c2csc(N)n2)C(=O)N1C(=O)NS(=O)(=O)N1C[C@@H](n2cc(-c3cc(=O)c(O)c[nH]3)nn2)CC1=O,69,training
CCNC(=O)Nc1nc2cc(-c3cnc(N4CCC(C(=O)O)CC4)nc3)cc(-c3ccccn3)c2s1,99.300003,training
O=C(NOC[C@H](O)CO)c1ccc2cnsc2c1Nc1ccc(I)cc1F,99.199997,training
CCCS(=O)(=O)Nc1ccc(F)c(NC(=O)c2cccc3c(N)ncnc23)c1F,98.5,training
COc1ccc(N(Cc2cnccc2C)C2CCN([C@H](C)CCNC(=O)c3c(C)cc(F)nc3C)CC2)cc1,79,training
CC(C)(NC(=O)C1C[C@@]2(O)[C@H]3Cc4ccc(O)c5c4[C@@]2(CCN3CC2CC2)C(O5)C1=O)c1nc(-c2ccccc2)no1,93.5,training
C[C@]1(N)CC(C(=O)N2CCC(c3ccnn3-c3ccc(F)c(Cl)c3)CC2)[C@@H](c2ccc(F)cc2F)C1,91.75,training
N#Cc1ccc(Oc2ccc3c(c2)COB3O)cc1,97,training
Cc1cc(Cl)nc(C)c1C(=O)NCC[C@@H](C)N1CCC(N(Cc2ccsc2)C(=O)CC#N)CC1,46,training
O=C(Nc1cc(F)cc(F)c1)N1CCC2(CC1)C(=O)N(c1ccc(F)c(Cl)c1)C2c1ccccn1,99.900002,training
N#Cc1ccc(-c2ccc(O[C@H]3O[C@H](CO)[C@@H](O)[C@H](O)[C@@H]3O)cc2)cc1,99,training
O=[N+]([O-])c1cn2c(n1)OC[C@@H](OCc1ccc(OC(F)(F)F)cc1)C2,50,training
CC(C)c1nc(CN(C)C(=O)NC(CCN2CCOCC2)C(=O)N[C@H](CC[C@H](Cc2ccccc2)NC(=O)OCc2cncs2)Cc2ccccc2)cs1,97,training
COc1cc2c[n+](C)c3c4cc5c(cc4ccc3c2cc1OC)OCO5,67.700005,training
c1ccc(-n2cc(-c3ccnc4ccccc34)cn2)cc1,99.599998,training
Nc1ccc2c(c1)CC(n1nc(-c3cc(F)c4c(c3)NCCO4)c3c(N)ncnc31)C2,98,training
CNC(C)C(=O)NC1CCC[C@H]2C[C@H]3CCN(CCCc4ccccc4)C[C@H]3N2C1=O,53,training
Cc1c(Cc2ccccc2S(=O)(=O)c2ccccc2)c(-c2ccccc2)nn1CC(=O)O,99.300003,training
O=C(C[N+]12CCC(CC1)[C@@H](OC(=O)C1(C3=CC=CC3)CCCCCC1)C2)Nc1ccon1,82,training
C[C@@]1(c2cc(F)cc(F)c2)CNC2(CCCC2)C(=O)N1CC(=O)Nc1cnc2c(c1)C[C@@]1(C2)C(=O)Nc2ncccc21,65,training
COc1cccc2[nH]c(CCCN(C)CC[C@]3(OC(=O)C(C)C)C[C@H]4CCC[C@@H]3c3ccccc34)nc12,99.900002,training
Cc1cc(C2CCN(C(=O)C3C[C@@](C)(N(C)C)C[C@H]3c3ccc(F)cc3F)CC2)n(-c2ccc(F)c(Cl)c2)n1,93.599998,training
C(#Cc1cccc(CN2CCOCC2)c1)CCN1CCCCC1,45,training
C[C@H]1CN(Cc2ccc(CC(=O)N3CCC(Nc4cccc(F)c4)CC3)cc2)CCN1,83,training
CNc1nc(Nc2ccc(C(=O)N3CCOCC3)cc2OC)ncc1Cl,91.800003,training
O=C(Nc1cc(-c2cc3c([nH]2)C2(CCNCC2)CNC3=O)ccn1)c1cccc(OC(F)(F)F)c1,95.800003,training
CC(C)NCc1c(C(=O)N[C@@H]2CCC[C@H](O)C2)noc1-c1ccc(C(F)(F)F)cc1,50,training
O=C(N[C@@H](c1ccccn1)C1CC1)c1ccc2[nH]nc(-c3ccc(N4[C@H]5CC[C@H]4CC(O)C5)cc3)c2c1,97.800003,training
CC(=O)N1C2C=C(CN3CCC(Nc4ccc5c(C(F)(F)F)cc(C(F)(F)F)nc5n4)CC3)CC1CCC2,95.5,training
CCc1cc2c(c(C(F)(F)F)c1)C(=O)N1CCNC[C@@H]21,83,training
CCC(=O)O[C@]1(C(=O)CO)[C@@H](C)C[C@H]2[C@@H]3CC=C4CC(=O)C=C[C@]4(C)[C@@]3(Cl)[C@@H](O)C[C@@]21C,87,training
CONC(=O)N(Cc1ccsc1)C1CCN([C@H](C)CCNC(=O)c2c(C)cc(Cl)nc2C)CC1,58,training
Cc1ccccc1Nc1nc2ccc(CC(=O)N3C[C@@H](F)C[C@H]3COC3CCC(C(=O)O)CC3)cc2o1,97,training
C=C1c2cccc(O)c2C(=O)C2C(=O)C3(O)C([O-])=C(C(N)=O)C(=O)C([N+](C)C)C3C(O)C12,84,training
CN1CCOCC1c1nc(C(=O)NCc2ccc(F)cc2)c(O)c(=O)n1C,75.5,training
Cc1ccc(C(F)(F)CNc2ccc(C#N)c(CC(=O)NCCON=C(N)N)c2F)nc1,97.599998,training
COc1ccc(-c2cccn3nc(Nc4ccc(C(=O)O)cc4)nc23)cc1,98.300003,training
CC(=O)N1CCC(C(=O)N(CCCN2CCC(Cc3ccc(C(N)=O)cc3)CC2)c2ccc(C)c(Cl)c2)CC1,53,training
Cc1c(F)cc(C(=O)NC2CC2)cc1-c1c(F)cn2c(C(C)(C)C)nnc2c1F,79,training
Cc1[nH]nc(C(=O)O)c1Cc1cccc(-c2ccc(F)cc2)c1,99,training
CCCNc1cc(C(=O)NC(CCC(=O)O)C(=O)N2CCN(C(=O)OCC)CC2)nc(-c2ccccc2)n1,98.5,training
CCCCCOC(=O)N1CCN(C(=O)C(CCC(=O)O)NC(=O)c2cc(N3CCC(C(=O)N4CCCC4)CC3)cc(-c3ccccc3)n2)CC1,94.300003,training
C[C@@](C(=O)O[C@H]1C[N+]2(CCc3ccc(F)cc3)CCC1CC2)(c1ccccc1)N1CCCCC1,98.099998,training
CC[C@H](Nc1ncnc2[nH]cnc12)c1nc2cccc(F)c2c(=O)n1-c1ccccc1,84,training
O=C(CN1CCN(CCO)CC1)Nc1ccc(-c2cccc3c(=O)cc(N4CCOCC4)oc23)c2sc3ccccc3c12,90.199997,training
C#CCC(Cc1cnc2nc(N)nc(N)c2n1)c1ccc(C(=O)NC(CCC(=O)O)C(=O)O)cc1,67,training
c1ccc2oc(Oc3ccc(OCCN4CCCCC4)cc3)nc2c1,96,training
Cc1ccc(C(=O)N(CCCN)C(c2nc3snc(C)c3c(=O)n2Cc2ccccc2)C(C)C)cc1,95.400002,training
CC(=O)OC1CC2CCC3C(CCC4(C)C3CC([N+]3(C)CCCCC3)C4OC(C)=O)C2(C)CC1[N+]1CCCCC1,75,training
O=C(N[C@H](CO)c1ccc(Cl)c(Cl)c1)N1CCc2cnc(NC3CCOCC3)nc2C1,89.699997,training
O[C@@](Cc1nc(CC2(C(F)(F)F)CC2)c[nH]1)(c1ccc(-n2cccn2)cc1)C(F)(F)F,99,training
Cc1cn(-c2ccc(-c3cn(C4CCc5c(F)cccc5N(CC(F)(F)F)C4=O)nn3)c(F)c2)cn1,99.300003,training
CCC1OC(=O)C(C)C(=O)C(C)C(OC2OC(C)CC([N+](C)C)C2[O-])C(C)(OC)CC(C)C(=O)C(C)C2N(CCCCn3cnc(-c4cccnc4)c3)C(=O)OC12C,65,training
O=C(O)c1cc(CN2CCN(c3ccc(C(F)(F)F)cc3)CC2)c2ccccn2c1=O,95.099998,training
COc1cc(-c2cn(C3CCc4c(F)cccc4N(CC(F)(F)F)C3=O)nn2)ccc1-n1cnc(C)n1,98.400002,training
CN1C/C(=C\c2ccccn2)C(=O)/C(=C/c2ccccn2)C1,94,training
CN1CCN(c2ccc(Nc3ncc4c(n3)-c3c(c(C(N)=O)nn3C)C(C)(C)C4)cc2)CC1,99,training
COc1cc2nc(N3CCN(C(=O)C4CCCO4)CC3)nc(N)c2cc1OC,92,training
CC(=O)C1=NN(c2cc(C)ccc2F)C[C@@]1(CCCN(C)C)c1ccccc1,96,training
CC(C)(C)C(=O)OCC(=O)C1CCC2C3CC=C4CC(=O)CCC4(C)C3CCC12C,90,training
O=C(N[C@@H]1CCC[C@H](O)C1)c1noc(-c2ccc(C(F)(F)F)cc2)c1CO,91.900002,training
COC1C(=O)C(C)C[C@H](C)/C=C/C=C/C=C(\C)[C@H](OC)C[C@@H]2CC[C@@H](C)[C@@](O)(O2)C(=O)C(=O)N2CCCCC2C(=O)O[C@H]([C@H](C)C[C@@H]2CC[C@@H](OCCO)[C@H](OC)C2)CC(=O)C(C)=CC(C)[C@H]1O,74,training
O=C(NC1Cc2ccccc2N(C[C@@H](O)CO)C1=O)c1cc2cc(Cl)sc2[nH]1,0.36000001,training
CO[C@H]1CN(c2nc(-c3cncnc3)c(C(=O)O)s2)CC[C@H]1NC(=O)c1[nH]c(C)c(Cl)c1Cl,98.900002,training
C[C@@H](O)c1nc2cnc3[nH]ccc3c2n1C1CCC(CCC#N)CC1,66,training
Cc1ccc(C(=O)NC2CC2)cc1-c1ccn2c(C(C)(C)C)nnc2c1,58,training
CC(C)(CCC(C(N)=O)(c1ccccc1)c1ccccc1)N1CC(Oc2cccc(O)c2)C1,93.5,training
CCOC(=O)c1ncn2c1CN(C)C(=O)c1cc(F)ccc1-2,50,training
Cc1cc(-c2cc3ncnc(Nc4ccc(OCc5cccc(F)c5)c(Cl)c4)c3s2)cnc1N1CCOCC1,99,training
CN1CC(C(=O)N[C@]2(C)O[C@@]3(O)[C@@H]4CCCN4C(=O)C(Cc4ccccc4)N3C2=O)C=C2c3cccc4[nH]cc(c34)C[C@H]21,96.5,training
CCC(C)C(=O)N1CCC(NC(=O)Nc2ccc(C(F)(F)F)cc2)CC1,96.300003,training
Cc1cc(-c2cc(OC(F)(F)F)ccc2Cl)cc(C)c1OCCCC(=O)O,99.800003,training
COC1C(=O)C(C)C[C@H](C)/C=C/C=C/C=C(\C)[C@H](OC)C[C@@H]2CC[C@@H](C)[C@@](O)(O2)C(=O)C(=O)N2CCCCC2C(=O)O[C@H]([C@H](C)C[C@@H]2CC[C@@H](O)[C@H](OC)C2)CC(=O)C(C)=CC(C)[C@H]1O,92,training
COc1ccc(-n2nc(C(F)(F)F)cc2C(=O)Nc2ccc(-c3ccccc3S(C)(=O)=O)cc2F)c(CN)c1,98,training
CCCc1cc(C(=O)NC(Cc2ccc(-c3cccc(C(F)(F)F)c3)nc2)C(=O)NCCN(C)C)sc1C,99,training
NC(=O)Cc1cccc(C(=O)c2ccccc2)c1N,99,training
N#Cc1cc(Cl)c(C(=O)Nc2ccnc(NC(=O)C3CC3)c2)c(Cl)c1,97.800003,training
CCN(CCO)CCCOc1cc2ncnc(Nc3cc(CC(=O)Nc4cccc(F)c4F)[nH]n3)c2cc1OC,83,training
CC(C(=O)OC1CC[N+](C)(C)CC1)(c1ccccc1)C1CCCC1,58,training
COC(C)(C)c1cc2nc(-c3cnc(N)nc3)nc(N3CCOCC3)c2s1,89.800003,training
Oc1cc(O)c2c(c1)OC(c1ccc(O)c(O)c1)C(O)C2,99.5,training
O=C(O)COc1ccc(Cl)cc1C#Cc1ccc2c(c1)S(=O)(=O)c1ccccc1-2,99.900002,training
COc1ccc(C(=O)O[C@@H](Cc2c(Cl)c[n+]([O-])cc2Cl)c2ccc(OC(F)F)c(OCC3CC3)c2)cc1OC,99.849998,training
Cc1ccc(-c2ccc(-n3c(Cl)cc4[nH]c(=O)c(C#N)c(O)c43)cc2)cc1,99.900002,training
CCNC(=O)c1noc(-c2cc(C(C)C)c(O)cc2O)c1-c1ccc(CN2CCOCC2)cc1,94.900002,training
C=S(=C)(N)c1cc2c(cc1Cl)[N+]C(CSCC(F)(F)F)N(C)S2(=O)=O,85,training
CN1CCN(S(C)(=O)=O)CC1c1nc(C(=O)NCc2ccc(F)cc2)c(O)c(=O)n1C,69,training
CCc1c(CN2CC(C(=O)O)C2)cccc1-c1nsc(-c2ccc(CC(C)C)c(C#N)c2)n1,98.720001,training
CN1CCN(c2cc(Cl)c3[nH]c(Nc4ccc(Br)cn4)nc3c2)CC1,69.900002,training
CCOc1cc2ncc(C(N)=O)c(Nc3cccc(Cl)c3Cl)c2cc1N1CCN(C(C)=O)CC1,90.400002,training
Brc1c(NC2=NCCN2)ccc2nccnc12,29,training
CCCN(Cc1ccoc1)C(=O)c1cc(C)cc(OCC2(CON=C(N)N)CC2)c1,98,training
CN(C)Cc1ccccc1C(=O)N(CCc1ccc(Cl)cc1)C1CCC2(CC1)OCCO2,99.599998,training
Cc1cc(Nc2nc(Sc3ccc(NC(=O)CN4CCC(C(=O)N5CCC(F)(F)C5)C4)cc3)nn3cccc23)[nH]n1,99,training
CNC1CN(c2nc(N)nc3c2CCCc2ccccc2-3)C1,48,training
CCCNC(C)C(=O)Nc1c(C)csc1C(=O)OC,70,training
CNC(C)C(=O)NC1CCC[C@H]2C[C@H]3CCN(CCc4ccccc4OC)C[C@H]3N2C1=O,66,training
COCCN(C)S(=O)(=O)c1ccc(C)c(C#Cc2cc(Cl)ccc2OCC(=O)O)c1,99.400002,training
O=C(NC1CC[C@@H](c2cccc(F)c2F)CN(CC(F)(F)F)C1=O)N1CCC(n2c(=O)[nH]c3ncccc32)CC1,95.900002,training
CC(=O)N1C2C=C(CN3[C@@H]4CC[C@H]3CC(Nc3ccc5cc(C(F)(F)F)ccc5n3)C4)CC1CCC2,98.400002,training
CN(c1ccnc(Nc2cc(N3CCOCC3)cc(N3CCOCC3)c2)n1)c1cccc2[nH]ncc12,94,training
C[C@@H]1CNc2c(cccc2S(=O)(=O)NC(CCCN=C(N)N)C(=O)N2CC[C@@H](C)CC2C(=O)O)C1,54,training
Cc1cnc(Nc2ccc(F)cc2Cl)nc1-c1c[nH]c(C(=O)N[C@H](CO)c2cccc(Cl)c2)c1,99,training
C[C@]12CC[C@@H]3c4ccc(OS(=O)(=O)O)cc4CC[C@H]3[C@@H]1CCC2=O,90,training
COc1cccc(-c2ccc(-n3c(Cl)cc4[nH]c(=O)c(-c5ccccc5)c(O)c43)cc2)c1O,99.900002,training
Cc1nc2cnc3[nH]ccc3c2n1[C@@H]1CCNC[C@H]1F,78,training
N=C(N)NOCCNC(=O)Cc1c(Cl)ccc(NCC(F)(F)c2ccccc2)c1F,95,training
COc1ccc(Cc2nccc3cc(OC)c(OC)cc23)cc1OC,92.699997,training
Cc1cc2cc(N=C(NC(=O)c3ccc(C(=O)N(C)C)nc3)NC3CCCCN(CC(=O)N4CCCC4)C3=O)ccc2o1,88,training
O=C(NC[C@H]1CN(c2ccc(N3CCOCC3=O)cc2)C(=O)O1)c1ccc(Cl)s1,93,training
O=C(N[C@@H]1CCC[C@@H](NC(=O)c2ccccn2)C1)c1cccc(Cl)c1,93.5,training
CC1(C)C(/C=C/C=C/C=C/C=C2\N(CCCCS(=O)(=O)O)c3ccc4ccccc4c3C2(C)C)=[N+](CCCCS(=O)(=O)[O-])c2ccc3ccccc3c21,95,training
CNC(C)C(=O)NC1CCC[C@H]2C[C@H]3CCN(C(c4ccccc4)c4ccccc4)C[C@H]3N2C1=O,95.099998,training
CC(N)Cc1ccccc1,0.28,training
CC1(C)SC2C(N=CN3CCCCCC3)C(=O)N2C1C(=O)O,0.14,training
CN(C)CCOc1ccc(C(=C(CCCl)c2ccccc2)c2ccccc2)cc1,1,training
CC12CCC(O)CC1=CCC1C2CCC2(C)C(c3cccnc3)=CCC12,0.99,training
ClC1=C(Cl)C2(Cl)C3C4CC(C5OC45)C3C1(Cl)C2(Cl)Cl,0.99,training
COP(=O)(OC)O/C(C)=C\C(=O)N(C)C,0.154,training
COc1ccc(CN(C(=O)C(N)Cc2c(C)cc(C(N)=O)cc2C)C(C)c2nc(-c3ccccc3)c[nH]2)cc1C(=O)O,0.81,training
CC1(C)C(=CC=CC=CC=CC2=[N+](CCCCS(=O)(=O)O)c3ccc4ccccc4c3C2(C)C)N(CCCCS(=O)(=O)[O-])c2ccc3ccccc3c21,0.95,training
Cc1c(C(=O)Nc2ccc(N3CC(C)OC(C)C3)nc2)cccc1-c1ccc(OC(F)(F)F)cc1,0.97,training
O=C(O)C1(C(=O)Nc2ccc(Cl)cc2Cl)CC1,0.016,training
COC=C(C(=O)OC)c1ccccc1Oc1cc(Oc2ccccc2C#N)ncn1,0.9524,training
N=C(N)NCCN1CCCCCCC1,0.05,training
CC(NC(=O)C(CC(=O)N1CCC(N2CCCCC2)CC1)N1C(=O)C(N2C(=O)OCC2c2ccccc2)C1C=Cc1ccccc1)c1ccccc1,0.986,training
O=C(NCC1CCCCN1)c1cc(OCC(F)(F)F)ccc1OCC(F)(F)F,0.5,training
NC(C(=O)NC1C(=O)N2C(C(=O)O)=C(Cl)CSC12)c1ccccc1,0.25,training
Fc1ccc(C2CCNCC2COc2ccc3c(c2)OCO3)cc1,0.94,training
CC(C)(C)NC(CO)c1cc(Cl)c(N)c(C(F)(F)F)c1,0.29,training
CC(C)(C(=O)O)c1ccc(C(O)CCCN2CCC(C(O)(c3ccccc3)c3ccccc3)CC2)cc1,0.65,training
CC(C=CC(C)C(C)(C)O)C1CCC2C(=CC=C3CC(O)CC(O)C3)CCCC21C,1,training
CCCC1CC(C(=O)NC(C(C)Cl)C2OC(SC)C(O)C(O)C2O)N(C)C1,0.94,training
OCC(O)c1oc(O)c(O)c1O,0.15,training
CN(C)CCCOc1nn(Cc2ccccc2)c2ccccc12,0.1,training
CC(C)N1C(=O)N(c2ccccc2)CSC1=NC(C)(C)C,0.9996,training
CN1C(=O)C(CN2CCCCC2)CC1C#Cc1ccccc1,0.83,training
CCC(=O)OC(Cc1ccccc1)(c1ccccc1)C(C)CN(C)C,0.75,training
O=c1[nH]c(O)cn1N=Cc1ccc([N+](=O)[O-])o1,0.62,training
CC(C)OC(=O)C(C)NP(=O)(COC(C)Cn1cnc2c(N)ncnc21)Oc1ccccc1,0.8,training
CCC(=NOCC=CCl)C1C(=O)CC(C2CCOCC2)CC1=O,0.6166,training
CC(O)C1C(=O)N2C(C(=O)O)=C(SCCN=CN)CC12,0.14,training
CCC(C)C1OC2(C=CC1C)CC1CC(C/C=C(\C)C(OC3CC(OC)C(OC4CC(OC)C(NC)C(C)O4)C(C)O3)C(C)/C=C/C=C3\COC4C(O)C(C)=CC(C(=O)O)(C(=O)O1)C34O)O2,0.995,training
NC(=O)C1CCC2CN1C(=O)N2OS(=O)(=O)O,0.07,training
CCOC(=O)c1c(CSc2ccccc2)n(C)c2cc(Br)c(O)c(CN(C)C)c12,0.91,training
CCOc1ccc(Cc2cc(C3OC(CO)C(O)C(O)C3O)ccc2Cl)cc1,0.91,training
CC12CCC3c4ccc(O)cc4CC(CCCCCCCCC[S+]([O-])CCCC(F)(F)C(F)(F)F)C3C1CCC2O,0.99,training
COc1ccc2c(OC3CC4C(=O)NC5(C(=O)NS(=O)(=O)C6CC6)CC5C=CCCCCN(C)C(=O)C4C3)cc(-c3nc(C(C)C)cs3)nc2c1C,1,training
CC(C)CC(NC(=O)C(CCc1ccccc1)NC(=O)CN1CCOCC1)C(=O)NC(Cc1ccccc1)C(=O)NC(CC(C)C)C(=O)C1(C)CO1,0.97,training
NCCC(O)(P(=O)(O)O)P(=O)(O)O,0.14,training
CCCC(NC(C)C(=O)N1C(C(=O)O)CC2CCCCC21)C(=O)O,0.15,training
COc1cc2c(cc1OC)C(Cc1cc(OC)c(OC)c(OC)c1)[N+](C)(CCCOC(=O)CCC=CCCC(=O)OCCC[N+]1(C)CCc3cc(OC)c(OC)c(Cc4cc(OC)c(OC)c(OC)c4)c3C1)CC2,0.3,training
OCc1cc(C(O)CNCCCCCCOCCOCc2c(Cl)cccc2Cl)ccc1O,0.94,training
CN(C)CCN(C)N1C=C(c2ccccc2)C2C=CC=CC21,0.96,training
CCC(C)C(=O)OC1CC(C)C=C2C=CC(C)C(CCC3CC(O)CC(=O)O3)C21,0.9857,training
CCN(CC)CCS(=O)(=O)C1CCN2C(=O)C3=COC4CC(=O)CC(O)C=C(C)C=CCNC(=O)C=CC(C)C(C(C)C)OC(=O)C12N34,0.53,training
CCc1cc(-c2nc(=O)c(C(N)=O)c(O)[nH]2)nc(C2CCCCC2C(=O)[N]Cc2ccc(Cl)c(Cl)c2)n1,0.958,training
CC(C)[N+]1(C)C2CCC1CC(OC(=O)C(CO)c1ccccc1)C2,0.2,training
Oc1c(C2=CCC(c3ccc(Cl)cc3)CC2)c(O)c2ccccc2c1O,1,training
CCC1OC(=O)C(C)C(=O)C(C)C(OC2OC(C)CC(N(C)C)C2O)C(C)(OC)CC(C)C(=O)C(C)C2N(CCCCn3cnc(-c4cccnc4)c3)C(=O)OC12C,0.59,training
[CH2-][N+](C)(C)c1cccc(OC(=O)N(C)C)c1,0,training
CN(C)C1C(=O)C(C(N)=O)C(=O)C2(O)C(=O)C3C(=O)c4c(O)ccc(Cl)c4C(O)C3CC12,0.54,training
CC1(C)SC2C(NC(=O)C(N=[N+]=[N-])c3ccccc3)C(=O)N2C1C(=O)O,0.8,training
O=C(O)c1ccccc1O,0.85,training
CC(NC(CCc1ccccc1)C(=O)O)C(=O)N1C(C(=O)O)CC2CCCC21,0.56,training
Cc1cn(C2CC(N=[N+]=[N-])C(CO)O2)c(=O)[nH]c1=O,0.086,training
O=[N+](O)OC1COC2C(O)COC12,0.01,training
ClC1=C(Cl)C2(Cl)C3C4OC4C(Cl)C3C1(Cl)C2(Cl)Cl,0.9893,training
O=C(c1ccc(F)c(F)c1Nc1ccc(I)cc1F)N1CC(O)(C2CCCCN2)C1,0.95,training
COc1cc(C)c(C=CC(C)=CC=CC(C)=CC(=O)O)c(C)c1C,1,training
CN(C)C1C(=O)C(C(N)=O)C(=O)C2(O)C(=O)C3C(=O)c4c(O)cccc4C(C)(O)C3CC12,0.36,training
CC=CCC(C)C(O)C1C(=O)NC(CC)C(=O)N(C)CC(=O)N(C)C(CC(C)C)C(=O)NC(C(C)C)C(=O)N(C)C(CC(C)C)C(=O)NC(C)C(=O)NC(C)C(=O)N(C)C(CC(C)C)C(=O)N(C)C(CC(C)C)C(=O)N(C)C(C(C)C)C(=O)N1C,0.9,training
CN1CCC(=C2c3ccccc3CCn3c(C=O)cnc32)CC1,0.39,training
CNC(=O)O/N=C\C(C)(C)SC,0.519,training
CN1CCC(=C2c3ccccc3CCc3cccnc32)CC1,0.1,training
CNC(=O)ON=C(SC)C(=O)N(C)C,0.2072,training
O=c1[nH]c(O)cn1N=Cc1ccc(-c2ccc([N+](=O)[O-])cc2)o1,0.89,training
N=C(N)N=C(N)NCCc1ccccc1,0.16,training
O=C(O)C1OC(Oc2cc3oc(-c4ccc(O)cc4)cc(=O)c3c(O)c2O)C(O)C(O)C1O,0.82,training
O=C(OC[C@H]1O[C@H](OC(=O)c2cc(O)c(O)c(OC(=O)c3cc(O)c(O)c(O)c3)c2)[C@H](OC(=O)c2cc(O)c(O)c(OC(=O)c3cc(O)c(O)c(O)c3)c2)[C@@H](OC(=O)c2cc(O)c(O)c(OC(=O)c3cc(O)c(O)c(O)c3)c2)[C@@H]1OC(=O)c1cc(O)c(O)c(OC(=O)c2cc(O)c(O)c(O)c2)c1)c1cc(O)c(O)c(OC(=O)c2cc(O)c(O)c(O)c2)c1,0,training
NS(=O)(=O)c1cc(C2(O)NC(=O)c3ccccc32)ccc1Cl,0.75,training
N=C(N)c1ccc(C(=O)NC(Cc2ccc(O)cc2)C(=O)N2CCC(OCC(=O)O)CC2)cc1,0.06,training
CN(C)CC=C(c1ccc(Br)cc1)c1cccnc1,0.9,training
COc1cccc2c(O)c3c(c(O)c12)C(=O)C1=C(CC(O)(C(=O)CO)CC1OC1CC(N)C(O)C(C)O1)C3=O,0.75,training
Cn1c(-c2ccccc2)cc(-c2ccccc2)[n+]1C,0.1489,training
CC(C=CC1=C(C)CCCC1(C)C)=CC=CC(C)=CC(=O)O,1,training
CN1CCN(CCCCn2c(O)cn(N=Cc3ccc(-c4ccc(Cl)cc4)o3)c2=O)CC1,0.94,training
CN(C)CCC=C1c2ccccc2Sc2ccc(Cl)cc21,0.99,training
O=[N+]([O-])OC1COC2C(O)COC12,0.03,training
O=c1[nH]cnc2c1ncn2C1CCC(CO)O1,0.045,training
O=C(O)C1C(=CCO)OC2CC(=O)N21,0.09,training
CCN(C)C(=O)Oc1cccc(C(C)N(C)C)c1,0.4,training
Cc1ccc(S(=O)(=O)NC(=O)NC2C3CCC(C)(C2O)C3(C)C)cc1,0.95,training
COC(=O)c1ccc(NS(C)(=O)=O)cc1S(=O)(=O)NC(=O)Nc1nc(OC)cc(OC)n1,0.995,training
CCC(C)C(=O)OC1CC(C)C=C2C=CC(C)C(CCC(O)CC(O)CC(=O)O)C21,0.96,training
CCCCCN(C)CCC(O)(P(=O)(O)O)P(=O)(O)O,0.85,training
C[N+](C)(C)CC(O)CC(=O)[O-],0,training
OC(CNCC(O)C1CCc2cc(F)ccc2O1)C1CCc2cc(F)ccc2O1,0.98,training
CCn1cc(C(=O)O)c(=O)c2ccc(C)nc21,0.94,training
CCNP(=S)(OC)O/C(C)=C\C(=O)OC(C)C,0.99,training
CCC(C)C1OC2(C=CC1C)CC1CC(CC=C(C)C(OC3CC(OC)C(OC4CC(OC)C(NC)C(C)O4)C(C)O3)C(C)C=CC=C3COC4C(O)C(C)=CC(C(=O)O1)C34O)O2,0.9993,training
C#CC(O)(C=CCl)CC,0.6,training
CC(=Cc1ccccc1)C=C1SC(=S)N(CC(=O)O)C1=O,0.9,training
Cc1cc2nc3c(=O)[nH]c(=O)nc-3n(CC(O)C(O)C(O)CO)c2cc1C,0.6,training
CN(C)CCC=C1c2ccccc2COc2ccccc21,0.82,training
COc1cc(NS(C)(=O)=O)ccc1Nc1c2ccccc2nc2ccccc12,0.98,training
O=C1c2cccc3c2C(CCC3)CN1C1CN2CCC1CC2,0.62,training
CON=C1CN(c2nc3c(cc2F)c(=O)c(C(=O)O)cn3C2CC2)CC1CN,0.64,training
OCCOc1ccc(C(=C(CCCl)c2ccccc2)c2ccccc2)cc1,0.99,training
C=CC(=O)N1CCCC(n2nc(-c3ccc(Oc4ccccc4)cc3)c3c(N)ncnc32)C1,0.97,training
COC1CC2CCC(C)C(O)(O2)C(=O)C(=O)N2CCCCC2C(=O)OC(C(C)CC2CCC(O)C(OC)C2)CC(=O)C(C)=CC(C)C(O)C(OC)C(=O)C(C)CC(C)C=CC=CC=C1C,0.92,training
COC(=O)C1=C(C)N=C(C)C(C(=O)OC(C)C)C1c1cccc2nonc12,0.95,training
CCC(CC)OC1C=C(C(=O)O)CC(N)C1NC(C)=O,0.03,training
CON=C(C(=O)NC1C(=O)N2C(C(=O)O)=C(CSc3sc(CC(=O)O)nc3C)CSC12)c1csc(N)n1,0.81,training
CCC(C)C(=O)OC1CC(O)C=C2C=CC(C)C(CCC(O)CC(O)CC(=O)O)C21,0.5,training
CCC1(O)C(=O)OCc2c1cc1n(c2=O)Cc2cc3c(CN(C)C)c(O)ccc3nc2-1,0.25,training
CCNC(=O)C1CCCN1C(=O)C(CCCN=C(N)N)NC(=O)C(CC(C)C)NC(=O)C(CC(C)C)NC(=O)C(Cc1ccc(O)cc1)NC(=O)C(CO)NC(=O)C(Cc1c[nH]c2ccccc12)NC(=O)C(Cc1c[nH]cn1)NC(=O)C1CCC(=O)N1,0.46,training
COC(=O)CCc1ccc(OCC(O)CNC(C)C)cc1,0.48,training
COC1/C=C/OC2(C)Oc3c(C)c(O)c4c(O)c(c(C=NN5CCN(C)CC5)c(O)c4c3C2=O)NC(=O)C(C)=CC=CC(C)C(O)C(C)C(O)C(C)C(OC(C)=O)C1C,0.77,training
CC(C)CC(NC(=O)C(Cc1ccc2ccccc2c1)NC(=O)C(Cc1ccc(O)cc1)NC(=O)C(CO)NC(=O)C(Cc1c[nH]c2ccccc12)NC(=O)C(Cc1c[nH]cn1)NC(=O)C1CCC(=O)N1)C(=O)NC(CCCN=C(N)N)C(=O)N1CCCC1C(=O)NCC(N)=O,0.8,training
CCOC(=O)OC(C)OC(=O)C1N2C(=O)C(NC(=O)C(N)c3ccccc3)C2SC1(C)C,0.2,training
CC1=C(/C=C/C(C)=C/C=C/C(C)=C/C(=O)O)C(C)(C)CCC1,0.95,training
CC(C)=c1nc(N(C)S(C)(=O)=O)nc(-c2ccc(F)cc2)c1=CCC(O)CC(O)CC(=O)O,0.88,training
CC(C)CC(N(C)C)C1(c2ccc(Cl)cc2)CCC1,0.95,training
CC(O)C(CO)NC(=O)C1CSSCC(NC(=O)C(N)Cc2ccccc2)C(=O)NC(Cc2ccccc2)C(=O)NC(Cc2c[nH]c3ccccc23)C(=O)NC(CCCCN)C(=O)NC(C(C)O)C(=O)N1,0.65,training
CC(NCCc1ccc(O)cc1)C(O)c1ccc(O)cc1,0.33,training
COC1C=COC2(C)Oc3c(C)c(O)c4c(O)c(c(C=NN5CCN(C6CCCC6)CC5)c(O)c4c3C2=O)NC(=O)C(C)=CC=CC(C)C(O)C(C)C(O)C(C)C(O)C1C,0.98,training
CCC(=NOC/C=C\Cl)C1C(=O)CC(C2CCOCC2)CC1=O,0.617,training
COc1cc(OC)nc(NC(=O)NS(=O)(=O)c2ncccc2OCC(F)(F)F)n1,0.995,training
C=CCC1=CC(C)CC(C)CC(OC)C2OC(O)(C(=O)C(=O)N3CCCCC3C(=O)OC(C(C)=CC3CCC(O)C(OC)C3)C(C)C(O)CC1=O)C(C)CC2OC,0.99,training
COC1C=COC2(C)Oc3c(C)c(O)c4c(O)c(c(C=NN5CCN(C6CCCC6)CC5)c(O)c4c3C2=O)NC(=O)C(C)=CC=CC(C)C(O)C(C)C(O)C(C)C(OC(C)=O)C1C,0.98,training
COc1cc2c(cc1O)CCNC21CSC2c3c(OC(C)=O)c(C)c4c(c3C(COC1=O)N1C(O)C3Cc5cc(C)c(OC)c(O)c5C(C21)N3C)OCO4,0.94,training
CN=C(NC)NCc1ccccc1,0.1,training
CO[C@H]1/C=C/O[C@@]2(C)Oc3c(C)c(O)c4c(O)c(cc(O)c4c3C2=O)NC(=O)C(C)=CC=CC(C)[C@H](O)[C@@H](C)[C@@H](O)[C@@H](C)[C@H](OC(C)=O)[C@@H]1C,0.8696,training
COC1C(O)CC(=O)CC(C)CC=CC=CC(OC2CCC(N(C)C)C(C)O2)C(C)CC(CC=O)C1OC1OC(C)C(OC2CC(C)(O)C(O)C(C)O2)C(N(C)C)C1O,0.15,training
COC1=C2C(C)C(OC(=O)C(O)C(NC(=O)OC(C)(C)C)c3ccccc3)CC(O)(C(OC(=O)c3ccccc3)C3C4(OC(C)=O)COC4CC(OC)C3(C)C1=O)C2(C)C,0.9,training
CC(Cc1ccc(O)c(O)c1)(NN)C(=O)O,0.36,training
ClC1=C(Cl)[C@]2(Cl)[C@@H]3[C@@H]4C[C@@H]([C@H]5O[C@@H]45)[C@@H]3[C@@]1(Cl)C2(Cl)Cl,0.9906,training
Oc1ccc2c3c1OC1C(O)CCC4(O)C(C2)N(CC2CCC2)CCC314,0.5,training
CSCCNc1nc(SCCC(F)(F)F)nc2c1ncn2C1OC(COP(=O)(O)OP(=O)(O)C(Cl)(Cl)P(=O)(O)O)C(O)C1O,0.97,training
COC(=O)NC(C(=O)N1CCCC1c1nc(-c2ccc(-c3ccc(-c4c[nH]c(C5CCCN5C(=O)C(NC(=O)OC)C(C)C)n4)cc3)cc2)c[nH]1)C(C)C,0.99,training
C=C1CCC(O)CC1=CC=C1CCCC2(C)C1CCC2C(C)CCCC(C)(C)O,0.8,training
COc1ccc2cc1Oc1cc3c(cc1OC)CC[N+](C)(C)C3Cc1ccc(cc1)Oc1c(OC)c(OC)cc3c1C(C2)[N+](C)(C)CC3,0.35,training
OCCN1CCN(CCC=C2c3ccccc3Sc3ccc(Cl)cc32)CC1,0.98,training
COC1C=COC2(C)Oc3c(C)c(O)c4c(O)c(c5c(c4c3C2=O)=NC2(CCN(CC(C)C)CC2)N=5)NC(=O)C(C)=CC=CC(C)C(O)C(C)C(O)C(C)C(OC(C)=O)C1C,0.82,training
CC(C)N(CCC(C(N)=O)(c1ccccc1)c1ccccn1)C(C)C,0.87,training
CCCCOC(=O)CCCCC(=O)OCCCC,0.4128,training
C#CC1(OC(C)=O)CCC2C3CCC4CC(=NO)CCC4C3CCC21CC,0.99,training
COCCCCC(=NOCCN)c1ccc(C(F)(F)F)cc1,0.77,training
CCCCN(CCCC)CC(O)c1cc(Cl)cc2c1-c1ccc(Cl)cc1C2=Cc1ccc(Cl)cc1,1,training
CC1(Cn2ccnn2)C(C(=O)O)N2C(=O)CC2S1(=O)=O,0.23,training
O=C(NCc1ccc([S+](O)c2cc(F)cc(F)c2)cn1)c1cc2ccncc2o1,0.86,training
NC(Cc1c[nH]c2ccccc12)C(=O)O,0.8,training
N=C(Nc1ccccc1)Nc1ccccc1,0.2156,training
CC(=NC#N)N(C)Cc1ccc(Cl)nc1,0.4268,training
CCN1CCCC1CNC(=O)c1c(OC)ccc(Br)c1OC,0.79,training
OCC1OC(c2ccc(Cl)c(Cc3ccc(OC4CCOC4)cc3)c2)C(O)C(O)C1O,0.86,training
CCC(C)CC(C)CCCCCCCCC(=O)NC1CC(O)C(NCCN)NC(=O)C2C(O)CCN2C(=O)C(C(O)CCN)NC(=O)C(C(O)C(O)c2ccc(O)cc2)NC(=O)C2CC(O)CN2C(=O)C(C(C)O)NC1=O,0.96,training
CC(=O)CC(c1ccc([N+](=O)[O-])cc1)c1c(O)c2ccccc2oc1=O,0.98,training
CN(C)c1cc(NC(=O)CNC(C)(C)C)c(O)c2c1CC1CC3C(N(C)C)C(=O)C(C(N)=O)C(=O)C3(O)C(=O)C1C2=O,0.8,training
NCCS(=O)(=O)O,0.2,training
CC(C)(C)NC(=O)C1CC2CCCCC2CN1CC(O)C(Cc1ccccc1)NC(=O)C(CC(N)=O)NC(=O)c1ccc2ccccc2n1,0.98,training
N=C(N)c1ccc(OCCCCCOc2ccc(C(=N)N)cc2)cc1,0.7,training
CC(C)(C)c1ccc(C=C2SC(=S)N(CCC(=O)O)C2=O)cc1,0.999,training
COc1cc(OC)nc(C2CCCCC2C(=O)[N]Cc2cccc(Cl)c2)n1,0.954,training
CCNP(=S)(OC)OC(C)=CC(=O)OC(C)C,0.9902,training
NCCC(O)C(=O)NC1CC(N)C(OC2OC(CN)C(O)C(O)C2O)C(O)C1OC1OC(CO)C(O)C(N)C1O,0.09,training
Cc1nc(C)c(C=[N+]([O-])C(C)(C)C)nc1C,0.08,training
Cc1noc(C)c1S(=O)(=O)Nc1c(N2CCC(CCc3ccccc3)CC2)c(=O)c1=O,0.995,training
C=CC[N+]12CCC34c5ccccc5N5C=C6C7CC8C9(CC[N+]8(CC=C)CC7=CCO)c7ccccc7N(C=C(C(CC31)C(=CCO)C2)C54)C69,0.4,training
N=C(N)NCCCC(NC(=O)C1CCCN1C(=O)C1CSSCC(N)C(=O)NC(Cc2ccc(O)cc2)C(=O)NC(c2ccccc2)C(=O)NC(CCC(N)=O)C(=O)NC(CC(N)=O)C(=O)N1)C(=O)NCC(N)=O,0.02,training
CCC1OC(=O)C(C)C(OC2CC(C)(OC)C(O)C(C)O2)C(C)C(OC2OC(C)CC(N(C)C)C2O)C(C)(OC)CC(C)C(=O)C(C)C(O)C1(C)O,0.7,training
CCCOC/C(=N/c1ccc(Cl)cc1C(F)(F)F)n1ccnc1,0.995,training
COc1ccc(-c2ccccc2)cc1NNC(=O)OC(C)C,0.164,training
CON=C(C(=O)NC1C(=O)N2C(C(=O)O)=C(C[n+]3cccc4c3CCC4)CSC12)c1csc(N)n1,0.1,training
CCOC(=O)C(C)CC(Cc1ccc(-c2ccccc2)cc1)NC(=O)CCC(=O)O,0.95,training
COc1ccc(CCN(C)CCCC(C#N)(c2ccc(OC)c(OC)c2)C(C)C)cc1OC,0.9,training
COc1cc(OC)nc(NC(=O)NS(=O)(=O)c2cc(NC=O)ccc2C(=O)N(C)C)n1,0.935,training
CC(C)=CCCC(C)(OC1OC(COC2OC(CO)C(O)C(O)C2O)C(O)C(O)C1O)C1CCC2(C)C1C(O)CC1C3(C)CCC(OC4OC(CO)C(O)C(O)C4OC4OC(CO)C(O)C(O)C4O)C(C)(C)C3CCC12C,0.99,training
CC(=CC(=O)OCCCCCCCCC(=O)O)CC1OCC(CC2OC2C(C)C(C)O)C(O)C1O,0.96,training
COc1c(N2CC3CCCNC3C2)c(F)cc2c(=O)c(C(=O)O)cn(C3CC3)c12,0.45,training
CN(C)CCCN1c2ccccc2Sc2ccccc21,0.89,training
CC1CN(c2c(F)c(N)c3c(=O)c(C(=O)O)cn(C4CC4)c3c2F)CC(C)N1,0.45,training
COc1ccc(CC(C)NCC(O)c2ccc(O)c(NC=O)c2)cc1,0.62,training
CCCCC(C)(O)CC=CC1C(O)CC(=O)C1CCCCCCC(=O)O,0.9,training
OC(CCN1CCCCC1)(c1ccccc1)C1CC2C=CC1C2,0.93,training
COc1ccc(C(CC(=O)O)N2CCN(CCCc3ccc4c(n3)NC(C)CC4)C2=O)cn1,0.935,training
CNCC(O)c1ccc(O)c(O)c1,0.5,training
Cn1c(N)c(NC(=O)NCCN)c[n+]1CC1=C(C(=O)O)N2C(=O)C(=NC(=O)C(NOC(C)(C)C(=O)[O-])c3nsc(N)n3)C2SC1,0.18,training
COC(=O)C1[C@H]2C[C@@H]3c4[nH]c5cc(OC)ccc5c4CCN3C[C@H]2C[C@@H](OC(=O)c2cc(OC)c(OC)c(OC)c2)[C@@H]1OC,0.994,training
CCOc1ccccc1OCC1CNCCO1,0.9,training
COc1cc(N)c(Cl)cc1C(=O)NC1CCN(CCCOc2ccc(F)cc2)CC1OC,0.98,training
CCCCN=C(N)N=C(N)N,0.1,training
ON=C=C1C=CN(COCN2C=CC(=C=NO)C=C2)C=C1,0.02,training
COC1CC2CCC(C)C(O)(O2)C(=O)C(=O)N2CCCCC2C(=O)OC(C(C)CC2CCC(OCCO)C(OC)C2)CC(=O)C(C)=CC(C)C(O)C(OC)C(=O)C(C)CC(C)C=CC=CC=C1C,0.74,training
CC1(C)SC2C(N3C(=O)C(c4ccccc4)NC3(C)C)C(=O)N2C1C(=O)O,0.2,training
Cc1ccc(C(=CCN2CCCC2)c2ccccn2)cc1,0.9,training
C=CCN1CCC23c4c5ccc(O)c4OC2C(=O)CCC3(O)C1C5,0.45,training
CCCN1CC(CSC)CC2c3cccc4[nH]cc(c34)CC21,0.9,training
CCC=CCC=CCC=CCC=CC=CC(O)CCCC(=O)O,1,training
C=C1CCC2(O)C3Cc4ccc(O)c5c4C2(CCN3CC2CC2)C1O5,0.36,training
COC1CC2CCC(C)C(O)(O2)C(=O)C(=O)N2CCCCC2C(=O)OC(C(C)CC2CCC(O)C(OC)C2)CC(=O)C(C)=CC(C)C(O)C(OC)C(=O)C(C)CC(C)/C=C/C=C/C=C/1C,0.92,training
COc1ccc(C(CC(=O)O)N2CCN(CCCc3ccc4c(n3)NCCC4)C2=O)cn1,0.88,training
C=CCN1CC(C(=O)N(CCCN(C)C)C(=O)NCC)CC2c3cccc4[nH]cc(c34)CC21,0.41,training
CCNC(=O)C1CCCN1C(=O)C(CCCN=C(N)N)NC(=O)C(CC(C)C)NC(=O)C(COC(C)(C)C)NC(=O)C(Cc1ccc(O)cc1)NC(=O)C(CO)NC(=O)C(Cc1c[nH]c2ccccc12)NC(=O)C(Cc1c[nH]cn1)NC(=O)C1CCC(=O)N1,0.15,training
CC1(C)C(/C=C/C=C/C=C/C=C2\N(CCCCS(=O)(=O)O)c3ccc4ccccc4c3C2(C)C)=[N+](CCCCS(=O)(=O)O)c2ccc3ccccc3c21,0.95,training
COc1ccc(C=Cc2cc(OC)c(OC)c(OC)c2)cc1O,0.78,training
CN1CC(C(=O)NC2(C)OC3(O)C4CCCN4C(=O)C(Cc4ccccc4)N3C2=O)CC2c3cccc4[nH]cc(c34)CC21,0.93,training
CCC1NC(=O)C(NC(=O)c2ncccc2O)C(C)OC(=O)C(c2ccccc2)NC(=O)C2CC(=O)C(CSC3CN4CCC3CC4)CN2C(=O)C(Cc2ccc(N(C)C)cc2)N(C)C(=O)C2CCCN2C1=O,0.66,training
CC(=O)NC(CS)C(=O)O,0.83,training
CCCCC(C)(O)CC=CC1C(O)CC(=O)C1CCCCCCC(=O)OC,0.85,training
CCCCCCCCOC(=O)c1ccccc1C(=O)OCCCCCCCC,0.9767,training
CC1=C(C(=O)O)N2C(=O)C(NC(=O)C(N)c3ccc(O)cc3)C2SC1,0.2,training
Cc1noc(NS(=O)(=O)c2ccc(N)cc2)c1C,0.92,training
COC(=O)N(C(=O)N1COC2(C(=O)OC)C(=N1)Cc1cc(Cl)ccc12)c1ccc(OC(F)(F)F)cc1,0.995,training
COC1=CC(=O)CC(C)C12Oc1c(Cl)c(OC)cc(OC)c1C2=O,0.8,training
CC(C)N1C(=O)N(c2ccccc2)CS/C1=N/C(C)(C)C,0.995,training
CC[N+](C)(C)Cc1ccccc1Br,0.07,training
COC1CC2CCC(C)C(O)(O2)C(=O)C(=O)N2CCCCC2C(=O)OC(C(C)CC2CCC(OCCO)C(OC)C2)CC(=O)C(C)=CC(C)C(O)C(OC)C(=O)C(C)CC(C)/C=C/C=C/C=C/1C,0.74,training
CC(=O)N=c1sc(S(N)(=O)=O)nn1C,0.55,training
C=CCC1=CC(C)CC(C)CC(OC)C2OC(O)(C(=O)C(=O)N3CCCCC3C(=O)OC(/C(C)=C/C3CCC(O)C(OC)C3)C(C)C(O)CC1=O)C(C)CC2OC,0.99,training
OCCN1CCN(CCC=C2c3ccccc3Sc3ccc(C(F)(F)F)cc32)CC1,0.95,training
COC(=O)C1=C(C)N=C(C)C(C(=O)OC)C1c1ccccc1[N+](=O)[O-],0.96,training
Nc1nc(=O)c2c([nH]1)NCC(CNc1ccc(C(=O)NC(CCC(=O)O)C(=O)O)cc1)N2C=O,0.91,training
CN1CCc2cccc3c2C1Cc1ccc(O)c(O)c1-3,0.94,training
Nc1n[n+]([O-])c2ccccc2[n+]1[O-],0.19,training
COC(=O)NC(C(=O)N1CC2(CC2)CC1c1nc(-c2ccc3c(c2)C(F)(F)c2cc(-c4ccc5[nH]c(C6C7CCC(C7)N6C(=O)C(NC(=O)OC)C(C)C)nc5c4)ccc2-3)c[nH]1)C(C)C,1,training
CC=CCC(C)C(=O)C1C(=O)NC(C(C)C)C(=O)N(C)CC(=O)N(C)C(CC(C)C)C(=O)NC(C(C)C)C(=O)N(C)C(CC(C)C)C(=O)NC(C)C(=O)NC(C)C(=O)N(C)C(CC(C)C)C(=O)N(C)C(CC(C)C)C(=O)N(C)C(C(C)C)C(=O)N1C,0.98,training
C=CC1=C(C)C(Cc2[nH]c(Cc3[nH]c(CC4=NC(=O)C(=C)C4=CC)c(C)c3CCC(=O)O)c(CCC(=O)O)c2C)=NC1=O,1,training
CC(=O)NCCCS(=O)(=O)O,0.03,training
CC(C)NCC(O)c1ccc(O)c(O)c1,0.29,training
CCC1OC(=O)C(C)C(OC2CC(C)(OC)C(O)C(C)O2)C(C)C(OC2OC(C)CC(N(C)C)C2O)C(C)(O)CC(C)C(=NOCOCCOC)C(C)C(O)C1(C)O,0.78,training
COc1cc2cc(c1Cl)N(C)C(=O)CC(OC(=O)C(C)N(C)C(=O)CCS)C1(C)OC1C(C)C1CC(O)(NC(=O)O1)C(OC)C=CC=C(C)C2,0.93,training
Cc1noc(C)c1S(=O)(=O)Nc1c(N2CCC(Cc3ccccc3)CC2)c(=O)c1=O,0.995,training
Cc1cnc(C(=O)O)c[n+]1[O-],0.02,training
CC1CCC2C(C)C(O)OC3OC4(C)CCC1C32OO4,0.89,training
CCC1=CC(C)CC(C)CC(OC)C2OC(O)(C(=O)C(=O)N3CCCCC3C(=O)OC(C(C)=CC3CCC(Cl)C(OC)C3)C(C)C(O)CC1=O)C(C)CC2OC,0.8,training
COc1cccc(C2(O)CCCCC2CN(C)C)c1,0.16,training
CCC(C)CCCCC(=O)NC(CCN)C(=O)NC(C(=O)NC(CCN)C(=O)NC1CCNC(=O)C(C(C)O)NC(=O)C(CCN)NC(=O)C(CCN)NC(=O)C(CC(C)C)NC(=O)C(Cc2ccccc2)NC(=O)C(CCN)NC1=O)C(C)O,0.1,training
COC12CCC3(CC1C(C)(O)C(C)(C)C)C1Cc4ccc(O)c5c4C3(CCN1CC1CC1)C2O5,0.96,training
COC(=O)c1ccc(I)cc1S(=O)(=O)NC(=O)Nc1nc(C)nc(OC)n1,0.993,training
CC(NC(CCc1ccccc1)C(=O)O)C(=O)N1C(C(=O)O)CC2CCCCC21,0.94,training
Fc1ccc(C(c2ccc(F)cc2)N2CCN(CC=Cc3ccccc3)CC2)cc1,0.95,training
CON=C(C(=O)NC1C(=O)N2C(C(=O)O)=C(C[N+]3(C)CCCC3)CSC12)c1csc(N)n1,0.21,training
CCOC(=O)C1=C(C)N=C(C)C(C(=O)OCC)C1c1ccccc1/C=C/C(=O)OC(C)(C)C,0.95,training
CC(C)=CCCC(C)(OC1OC(CO)C(O)C(O)C1O)C1CCC2(C)C1C(O)CC1C3(C)CCC(O)C(C)(C)C3C(OC3OC(CO)C(O)C(O)C3OC3OCC(O)C(O)C3O)CC12C,0.31,training
CCCCCC/C(C=O)=C\c1ccccc1,0.9902,training
C1=CCCC=CCCC=CCC1,0.9586,training
COc1ccc2c3c1OC1C(O)C=CC4C(C2)N(C)CCC341,0.21,training
CCCCCOc1ccc(-c2ccc(-c3ccc(C(=O)N4CC(O)C(O)NC(=O)C5C(O)C(C)CN5C(=O)C(C(C)O)NC(=O)C(C(O)C(O)c5ccc(O)cc5)NC(=O)C5CC(O)CN5C(=O)C(C(C)O)NC4=O)cc3)cc2)cc1,0.84,training
C=CCOC(=O)c1ccccc1C(=O)OCC=C,0.0379,training
CCN(CC)C(=O)C1(c2ccccc2)CC1CN,0.13,training
C=C1C(=CC=C2CCCC3(C)C2CCC3C(C)CCCC(C)(C)O)CC(O)CC1O,0.99,training
CN1CCC(=C2c3ccccc3CC(=O)c3sccc32)CC1,0.8,training
CCCOCC(=Nc1ccc(Cl)cc1C(F)(F)F)n1ccnc1,0.9958,training
Cc1c(F)c(F)c(COC(=O)C2C(C=C(Cl)C(F)(F)F)C2(C)C)c(F)c1F,0.995,training
C#CCN(C)C(C)Cc1ccccc1,0.9,training
CNC(=O)Oc1cccc2ccccc12,0.3079,training
COC1C=COC2(C)Oc3c(C)c(O)c4c(O)c(c(C=NN5CCN(C)CC5)c(O)c4c3C2=O)NC(=O)C(C)=CC=CC(C)C(O)C(C)C(O)C(C)C(OC(C)=O)C1C,0.82,training
COc1ccc(C(=CC(=O)N2CCOCC2)c2ccc(Cl)cc2)cc1OC,0.9057,training
N=C(N)NCCCCC1NC(=O)CCSSCC(C(N)=O)NC(=O)C2CCCN2C(=O)C(Cc2c[nH]c3ccccc23)NC(=O)C(CC(=O)O)NC(=O)CNC1=O,0.25,training
CC1(C)SC2C(/N=C/N3CCCCCC3)C(=O)N2C1C(=O)O,0.14,training
Cc1nn(C(F)F)cc1S(=O)(=O)Nc1c(N2CCC(Cc3ccccc3)CC2)c(=O)c1=O,0.995,training
CCCCCCC(C=O)=Cc1ccccc1,0.9902,training
Cn1nnnc1SCC1=C(C(=O)O)N2C(=O)C(NC(=O)C(O)c3ccccc3)C2SC1,0.74,training
CSc1ccc(C=C2C(C)=C(CC(=O)O)c3cc(F)ccc32)cc1,0.94,training
CC1c2cccc(O)c2C(=O)C2C(=O)C3(O)C(=O)C(C(N)=O)C(=O)C(N(C)C)C3C(O)C21,0.89,training
COC(=O)C(c1ccccc1)C1CCCCN1,0.18,training
Cc1ccc(C(=CCN2CCCC2)c2cccc(C=CC(=O)O)n2)cc1,0.5,training
CC(CN(C)C)CN1c2ccccc2CCc2ccccc21,0.95,training
C[N+](C)(C)CC(O)CC(=O)O,0,training
CCCCCC(O)C=CC1C(O)CC(=O)C1CCCCCCC(=O)O,0.92,training
CCCC1CC(C(=O)NC(C(C)O)C2OC(SC)C(O)C(O)C2O)N(C)C1,0.76,training
CCCCCCCN(CC)CCCC(O)c1ccc(NS(C)(=O)=O)cc1,0.4,training
CC(=O)NC1C(N=C(N)N)C=C(C(=O)O)OC1C(O)C(O)CO,0.09,training
CNC1C(OC2C(OC3C(O)C(O)C(N=C(N)N)C(O)C3N=C(N)N)OC(C)C2(O)C=O)OC(CO)C(O)C1O,0.37,training
O=C(O)C1CC1C(=O)Nc1ccc(Cl)cc1Cl,0.016,training
CN(C)C(=O)CCSC(SCCC(=O)O)c1cccc(C=Cc2ccc3ccc(Cl)cc3n2)c1,1,training
CCOC(=O)C1=C(COCCN)N=C(C)C(C(=O)OC)C1c1ccccc1Cl,0.97,training
COCCN1CCN(CCn2ccc([N]c3ncc4c(n3)-c3c(nn(C)c3-c3ccccc3)CC4C)n2)CC1,0.924,training
NC(=O)N1c2ccccc2C2OC2c2ccccc21,0.2226,training
CC(C)(C)NCC(O)COc1nsnc1N1CCOCC1,0.1,training
Cc1ccc(/N=C\N(C)/C=N\c2ccc(C)cc2C)c(C)c1,0.995,training
Cc1nnc(C(C)C)n1C1CC2CCC(C1)N2CCC(NC(=O)C1CCC(F)(F)CC1)c1ccccc1,0.755,training
CC(C)(C)C(O)C(=Cc1ccc(Cl)cc1Cl)n1cncn1,0.9805,training
CC(=O)OC1CC2CCC3C(CCC4(C)C3CC([N+]3(C)CCCCC3)C4OC(C)=O)C2(C)CC1N1CCCCC1,0.75,training
CN1CCc2nc(C(=O)NC3CC(C(=O)N(C)C)CCC3NC(=O)C(=O)Nc3ccc(Cl)cn3)sc2C1,0.55,training
CC(=O)Nc1ccccc1,0.07,training
CC1(C)OC2CC3C4CC=C5CC(=O)C=CC5(C)C4(F)C(O)CC3(C)C2(C(=O)CO)O1,0.8,training
N=C(N)N1CCc2ccccc2C1,0.85,training
C=CC1(C)OC(=O)N(c2cc(Cl)cc(Cl)c2)C1=O,0.4062,training
CCCCCCCCCC(=O)NC(Cc1c[nH]c2ccccc12)C(=O)NC(CC(N)=O)C(=O)NC(CC(=O)O)C(=O)NC1C(=O)NCC(=O)NC(CCCN)C(=O)NC(CC(=O)O)C(=O)NC(C)C(=O)NC(CC(=O)O)C(=O)NCC(=O)NC(CO)C(=O)NC(C(C)CC(=O)O)C(=O)NC(CC(=O)c2ccccc2N)C(=O)OC1C,0.92,training
CC(=O)C1CC[C@H]2[C@@H]3CC=C4CC(=O)CC[C@]4(C)[C@H]3CC[C@]12C,0.9769,training
CCOC(=O)C1=C(C)N=C(C)C(C(=O)OC)C1c1cccc([N+](=O)[O-])c1,0.98,training
CC(C)c1nc(CN(C)C(=O)NC(CCN2CCOCC2)C(=O)NC(CCC(Cc2ccccc2)NC(=O)OCc2cncs2)Cc2ccccc2)cs1,0.97,training
NC1CN(c2c(F)cc3c(=O)c(C(=O)O)cn(C4CC4F)c3c2Cl)CC12CC2,0.49,training
CNc1nc(C)nc(NC2CCCC(C(=O)NCc3ccc(C#N)cc3C(F)(F)F)C2)n1,0.872,training
CCOC(=O)C(CCc1ccccc1)NC(C)C(=O)N1C(C(=O)O)CC2CCCC21,0.61,training
CC(CCC(=O)O)C1CCC2C3C(O)CC4CC(O)CCC4(C)C3CCC12C,0.97,training
Cn1cc(NC(=O)c2cc(NC(=O)c3cc(NC(=O)c4nsc(Cl)c4Cl)cn3C)cn2C)cc1C(=O)NCCC(=N)N,0.89,training
CCOC(=O)C=C(C)C=CC=C(C)C=Cc1c(C)cc(OC)c(C)c1C,0.99,training
CC1(C)CCC(=Cc2ccc(Cl)cc2)C1(O)Cn1cncn1,0.8627,training
COCCOc1c(OC)cc(Cc2cnc(N)nc2N)cc1OC,0.15,training
COc1cc(C(=O)O)ccc1O,0.56,training
CN(C)CCCN1c2ccccc2Sc2ccc(Cl)cc21,0.97,training
CNC(=O)Oc1cccc(N=CN(C)C)c1,0.1147,training
CSc1ccc2c(c1)N(CCC1CCCCN1C)c1ccccc1S2,0.98,training
Cc1cccc(C(C)c2c[nH]cn2)c1C,0.94,training
CC(=O)NC(Cc1ccc2ccccc2c1)C(=O)NC(Cc1ccc(Cl)cc1)C(=O)NC(Cc1cccnc1)C(=O)NC(CO)C(=O)NC(Cc1ccc(O)cc1)C(=O)NC(CCCNC(N)=O)C(=O)NC(CC(C)C)C(=O)NC(CCCN=C(N)N)C(=O)N1CCCC1C(=O)NC(C)C(N)=O,0.86,training
CCCNCC(O)COc1ccccc1C(=O)CCc1ccccc1,0.93,training
CC(=O)CC(c1ccccc1)c1c(O)c2ccccc2oc1=O,0.99,training
Cc1cn([C@H]2C[C@H](N=[N+]=[N-])[C@@H](CO)O2)c(=O)[nH]c1=O,0.086,training
COCC1=C(C(=O)OC(C)OC(=O)OC(C)C)N2C(=O)C(=NC(=O)C(NOC)c3csc(N)n3)C2SC1,0.29,training
COc1c(C)c2c(c(O)c1CC=C(C)CCC(=O)O)C(=O)OC2,0.97,training
CC(C)NCC(O)COc1ccc(COCCOC(C)C)cc1,0.32,training
CC1/C=C/C=C/C=C/C=C/C=C/C=C/C=C/C(OC2OC(C)C(O)C(N)C2O)CC2OC(O)(CC(O)CC(O)C(O)CCC(O)CC(O)CC(=O)OC(C)C(C)C1O)CC(O)C2C(=O)O,0.94,training
CC(c1ncncc1F)C(O)(Cn1cncn1)c1ccc(F)cc1F,0.58,training
CC(=O)OC1(C(C)=O)CCC2C3CC(C)=C4CC(=O)CCC4(C)C3CCC21C,0.9,training
CCC(C)C1OC2(C=CC1C)CC1CC(CC=C(C)C(OC3CC(OC)C(OC4CC(OC)C(O)C(C)O4)C(C)O3)C(C)C=CC=C3COC4C(O)C(C)=CC(C(=O)O1)C34O)O2,0.9331,training
CCOc1nc2cccc(C(=O)O)c2n1Cc1ccc(-c2ccccc2-c2nn[nH]n2)cc1,0.99,training
CCCC(=O)Nc1ccc(OCC(O)CNC(C)C)c(C(C)=O)c1,0.24,training
CCc1c2c(nc3ccc(OC(=O)N4CCC(N5CCCCC5)CC4)cc13)-c1cc3c(c(=O)n1C2)COC(=O)C3(O)CC,0.57,training
CC(=O)OC1CC2(C)C(CC(O)C3C4(C)CCC(O)C(C)C4CCC32C)C1=C(CCC=C(C)C)C(=O)O,0.97,training
ClC1=C(Cl)[C@]2(Cl)[C@H]3[C@H]([C@@H]4C=C[C@H]3C4)[C@@]1(Cl)C2(Cl)Cl,0.9866,training
C=C1c2cccc(O)c2C(=O)C2C(=O)C3(O)C(=O)C(C(N)=O)C(=O)C(N(C)C)C3C(O)C12,0.84,training
Cc1ccc(N=CN(C)C=Nc2ccc(C)cc2C)c(C)c1,0.995,training
COC1(NC(=O)C(C(=O)O)c2ccc(O)cc2)C(=O)N2C(C(=O)O)=C(CSc3nnnn3C)COC21,0.53,training
O=C1NCCN1c1ncc([N+](=O)[O-])s1,0.85,training
CCCCC(CC)COC(=O)c1ccccc1C(=O)OCC(CC)CCCC,0.067,training
CC1=C(CC(=O)O)c2cc(F)ccc2C1=Cc1ccc([S+](C)[O-])cc1,0.93,training
N#Cc1cc(Br)c(O)c(Br)c1,0.5,training
CN1COCN(Cc2cnc(Cl)s2)C1=N[N+](=O)[O-],0.1714,training
Cc1noc(C)c1S(=O)(=O)Nc1c(N2CCC(c3ccccc3)CC2)c(=O)c1=O,0.995,training
NCCCC(O)(P(=O)(O)O)P(=O)(O)O,0.79,training
C/C(=N/C#N)N(C)Cc1ccc(Cl)nc1,0.427,training
CN(C)C1C(=O)C(C(=O)NCNCCCCC(N)C(=O)O)C(=O)C2(O)C(=O)C3C(=O)c4c(O)cccc4C(C)(O)C3CC12,0.45,training
CC1=NNC(=O)N(N=Cc2cccnc2)C1,0.0054,training
CC(C)(C)C(O)/C(=C\c1ccc(Cl)cc1Cl)n1cncn1,0.981,training
CC(CCc1ccccc1)NCC(O)c1ccc(O)c(C(N)=O)c1,0.5,training
CC(C)(O)c1ccccc1CCC(SCC1(CC(=O)O)CC1)c1cccc(C=Cc2ccc3ccc(Cl)cc3n2)c1,0.99,training
CC12CC3CC(C)(C1)CC(N)(C3)C2,0.45,training
CCCCCCCCC[CH-][N+](C)(C)CCCCCCCCCC,1,training
CCOC(=O)C1=C(C)N=C(C)C(C(=O)OCC)C1c1ccccc1C=CC(=O)OC(C)(C)C,0.95,training
CC(C)=CCCC(C)(OC1OC(COC2OC(CO)C(O)C2O)C(O)C(O)C1O)C1CCC2(C)C1C(O)CC1C3(C)CCC(OC4OC(CO)C(O)C(O)C4OC4OC(CO)C(O)C(O)C4O)C(C)(C)C3CCC12C,0.99,training
Cc1c(COC(=O)C2C(C=C(Cl)C(F)(F)F)C2(C)C)cccc1-c1ccccc1,0.995,training
O=C(O)COCCN1CCN(C(c2ccccc2)c2ccc(Cl)cc2)CC1,0.55,training
COc1ccc2c3c1OC1C(=O)CCC4(O)C(C2)N(C)CCC314,0.45,training
COC(=O)C1C(OC(=O)c2ccccc2)CC2CCC1N2C,0.89,training
CC(C(=O)O)c1ccc2c(c1)[nH]c1ccc(Cl)cc12,0.99,training
C[N+]1(C)C2CC(OC(=O)C(O)(c3cccs3)c3cccs3)CC1C1OC12,0.75,training
COc1ncc2ncc(=O)n(CCN3CCC(NCc4cc5c(cn4)OCCO5)CC3)c2n1,0.04,training
CCN(CCO)CCCC(C)Nc1ccnc2cc(Cl)ccc12,0.46,training
CN(C)C1C(=O)C(C(N)=O)C(=O)C2(O)C(=O)C3C(=O)c4c(O)ccc(Cl)c4C(C)(O)C3CC12,0.49,training
O=C1Nc2ccc(Cl)cc2C(C#CC2CC2)(C(F)(F)F)O1,0.99,training
CC=CC1C(C(=O)OCc2coc(Cc3ccccc3)c2)C1(C)C,0.995,training
CC(=O)OC1CC2CCC3C(CCC4(C)C3CC(N3CC[N+](C)(C)CC3)C4OC(C)=O)C2(C)CC1N1CC[N+](C)(C)CC1,0.02,training
O=C1CCC2(O)C3Cc4ccc(O)c5c4C2(CCN3CC2CC2)C1O5,0.2,training
CC(COc1ccccc1)NC(C)C(O)c1ccc(O)cc1,0,training
CC1(C)C(C(=O)O)N2C(=O)CC2S1(=O)=O,0.38,training
CCC(C)(C)C(=O)OC1CC(C)C=C2C=CC(C)C(CCC3CC(O)CC(=O)O3)C21,0.945,training
CC(C)CC(NC(=O)C(COC(C)(C)C)NC(=O)C(Cc1ccc(O)cc1)NC(=O)C(CO)NC(=O)C(Cc1c[nH]c2ccccc12)NC(=O)C(Cc1c[nH]cn1)NC(=O)C1CCC(=O)N1)C(=O)NC(CCCN=C(N)N)C(=O)N1CCCC1C(=O)NNC(N)=O,0.2,training
C[C@]12CCC(=O)C=C1CC[C@@H]1[C@@H]2CC[C@]2(C)C(=O)CC[C@@H]12,0.8256,training
CC(O)C1C(=O)N2C(C(=O)O)=C(SC3Cn4cnc[n+]4C3)C(C)C12,0.08,training
CCNC1CC(N)C(OC2OC(CN)=CCC2N)C(O)C1OC1OCC(C)(O)C(NC)C1O,0.05,training
Cc1cnc(NC(=O)C2C(=O)c3ccccc3S(=O)(=O)N2C)s1,1,training
NCC(O)c1ccc(O)c(O)c1,0.5,training
OCC1OC(n2cnc3c2N=CNCC3O)CC1O,0.03,training
CCn1cc(C(=O)O)c(=O)c2cc(F)c(N3CCNC(C)C3)c(F)c21,0.12,training
CN1CCc2c(c3ccccc3n2Cc2ccccc2)C1,0.04,training
N=C(N)c1ccc(CNC(=O)C2CCN2C(=O)C(NCC(=O)O)C2CCCCC2)cc1,0.07,training
CNC1CCc2[nH]c3ccc(C(N)=O)cc3c2C1,0.15,training
CCN(CC)CCNC(=O)c1cc(S(C)(=O)=O)ccc1OC,0,training
CC(=O)Oc1ccc2c3c1OC1C(OC(C)=O)C=CC4C(C2)N(C)CCC341,0,training
O=P1(NCCCl)OCCCN1CCCl,0,training
C=CC(=O)NCNC(=O)C=C,0,training
C=CC(N)CCC(=O)O,0,training
CCC(C)C1NC(=O)C(Cc2ccc(O)cc2)NC(=O)C(N)CSSCC(C(=O)N2CCCC2C(=O)NC(CC(C)C)C(=O)NCC(N)=O)NC(=O)C(CC(N)=O)NC(=O)C(CCC(N)=O)NC1=O,0,training
CN(C)C(N)=NC(=N)N,0,training
CCO,0,training
CCOCCOCCOCCO,0,training
O=C(N[C@H]1CN2CCC1CC2)c1ccc2c(c1)OCCO2,0,training
O=C(O)O,0,training
Cc1cn[nH]c1,0,training
Cn1cc[nH]c1=S,0,training
COc1cccc(-c2ccc(-n3c(Cl)cc4[nH]c(=O)c(C#N)c(O)c43)cc2)c1O,99.900002,val
CC1N=C(N)Nc2cccc(Cl)c21,84,val
O=C1CCC(N2C(=O)c3ccccc3C2=O)C(=O)N1,60,val
Cn1cnc(-c2ccccc2)c1-c1cc2c(N)ncnc2s1,95.5,val
Cc1ccc2c(c1)c(-c1ccnc3c(S(C)(=O)=O)cccc13)c(C)n2CC(=O)O,93.599998,val
CNC(=O)c1ccccc1Sc1ccc2c(C=Cc3ccccn3)[nH]nc2c1,99,val
O=C(CN1C(=O)C(NC(=O)c2cc3cc(Cl)sc3[nH]2)Cc2ccccc21)NC(CO)CO,2.6300001,val
Cc1ccc([C@H]2C[C@@H](C(F)(F)F)n3ncc(C(=O)NCc4ccc(F)cn4)c3N2)nc1,81.900002,val
CCCc1cnc(N2CCC(Oc3ccn(-c4ccc(S(C)(=O)=O)cc4F)c(=O)c3)CC2)nc1,99,val
O=C(O)c1cn(Cc2ccc(-n3cccn3)cc2)c2cccc(F)c2c1=O,89.900002,val
Cc1c(C(=O)N2CCOc3ccc(-c4ccc(N)nc4)cc3C2)ccc(S(C)(=O)=O)c1F,86,val
N=C(N)[N]CCCC(NC(=O)C1CCCN1C(=O)C1CSSCC(N)C(=O)NC(Cc2ccc(O)cc2)C(=O)NC(c2ccccc2)C(=O)NC(CCC(N)=O)C(=O)NC(CC(N)=O)C(=O)N1)C(=O)NCC(N)=O,2,val
CCOc1cc2ncc(C(N)=O)c(Nc3ccc(C)cc3F)c2cc1N1CCN(C)CC1,94,val
Cc1ccc(-n2nccn2)c(C(=O)N2CCCN(c3ncc4ccccc4n3)CC2)c1,97.599998,val
N=C(N=C(N)[N]CCCCCC[N]C(N)=NC(=N)Nc1ccc(Cl)cc1)Nc1ccc(Cl)cc1,87,val
Nc1nc(Cl)nc2c1ncn2[C@@H]1O[C@H](CO)[C@@H](O)[C@@H]1F,47,val
CCCS(=O)(=O)Nc1ccc(F)c(NC(=O)c2csc3c(N)ncnc23)c1F,98.400002,val
C[C@@H](Nc1cc(F)cc(F)c1F)c1cc(C(=O)N(C)C)cc2c(=O)cc(N3CCOCC3)oc12,73,val
CCNC(=O)Nc1cc(-c2nc(C(F)(F)F)cs2)c(-c2cncc(C(N)=NO)c2)cn1,65,val
CC(C)(C(=O)O)c1ccc(C(=O)CCCN2CCC(OC(c3ccccc3)c3ccccc3)CC2)cc1,98,val
Nc1ncnc2c1C(=O)N(c1ccc(-c3ccc(Cn4cccnc4=O)cc3Cl)cc1)CCO2,77.5,val
Cn1cc(NC(=O)c2cnn3cccnc23)c(-c2cccc(Cl)c2)n1,99.400002,val
O=C(C(c1ccc(Cl)cc1)c1cccnc1)N1CCN(c2ccc(C(F)(F)F)cc2)CC1,97.5,val
CC(C)CN1CCC([S+]([O-])c2ccc(CNC(=O)c3cc4ccncc4o3)cc2)CC1,80,val
Cn1ncc2c(Oc3ccc(S(C)(=O)=O)cc3)cc(-c3cccc4[nH]ncc34)nc21,98.800003,val
COc1ccccc1N1CCN(C(=O)c2cc(-c3ccc(Cl)cc3)nn2C)CC1,99.5,val
Cc1ccc(Nc2nc3cc(N4CCN(C)CC4)ccc3[nH]2)nc1,81.699997,val
C[C@@]1(C(=O)Nc2ccc(F)nc2)CCCN1c1nc(Nc2cc(C3CC3)[nH]n2)c2cccn2n1,95.900002,val
Cc1ccc(-c2cc(-c3ccc(S(C)(=O)=O)cc3)cnc2N)cn1,74.400002,val
C1CCC(C(CC2CCCCN2)C2CCCCC2)CC1,90,val
O=C(O)C[C@H](CCCCCCc1ccc2c(n1)NCCC2)c1cncnc1,94,val
CCNC(=O)Nc1nc2cc(-c3cccnc3)c(=O)n(C(C)C(=O)O)c2s1,78,val
C[C@@H]1C[C@H]2[C@@H]3CC=C4CC(=O)C=C[C@]4(C)[C@@]3(Cl)[C@@H](O)C[C@]2(C)[C@@]1(OC(=O)c1ccco1)C(=O)CCl,98.5,val
Cc1nc(C2CCN(C(=O)C3C[C@@](C)(N(C)C)C[C@H]3c3ccc(F)cc3F)CC2)n(-c2cc(Cl)ccc2Cl)n1,67,val
O=[N+]([O-])c1ccc(C2=NOC(c3ccc(N4CC[S+]([O-])CC4)cc3)C2)o1,77.699997,val
Cc1[nH]c(C(=O)N[C@@H]2CCN(c3ncc(C(=O)O)s3)CC23OCCCO3)c(Cl)c1Cl,97,val
O=C(O)c1cn(Cc2ccc(-n3cnc(-c4ccccc4)c3)cc2)c2cccc(F)c2c1=O,99.099998,val
CCc1c(CCN2CC(C(=O)O)C2)cccc1-c1nsc(-c2ccc(CC(C)C)c(C#N)c2)n1,99.290001,val
CN(C)CC[C@@H](c1ccccc1)n1cc(NC(=O)c2[nH]nc3c2CCC(C)(C)C3)cn1,93,val
CC(C)(O)c1cncc(-c2ccc3c(c2)CCc2nnc(C(F)(F)F)n2-3)c1,30,val
CC(C(=O)[O-])c1ccc2c(c1)[N+]c1ccc(Cl)cc1-2,99,val
O=C(O)C1(Sc2ccnc3ccccc23)CCC1,99.800003,val
O=C(O)c1ccc(Oc2ccc(CN3CCC(N4C(=O)N(C5CCOCC5)C[C@H]4c4ccccc4)CC3)cc2)cc1,90.199997,val
CC(=O)c1sc(NC(=O)N[C@@H]2CCCC[C@H]2CN2CCC[C@@H](Cc3ccc(F)cc3)C2)nc1C,96.900002,val
O=C(Nc1ccccc1)Nc1c[nH]nc1-c1nc2cc(CN3CCOCC3)ccc2[nH]1,95.300003,val
CCCC(=O)Nc1ccc(OC[C@H](O)CNC(C)C)c(C(C)=O)c1,26,val
O=C(O)CCC(=O)N1CCc2cc(-c3noc(-c4cc(C(F)(F)F)cc(C(F)(F)F)c4)n3)ccc21,99.400002,val
O=C(NCc1ccc(F)cc1)c1cnn2c1N[C@@H](c1ccc(OC3COC3)cc1)C[C@H]2C(F)(F)F,97.300003,val
N#CC1(c2ccccc2)CCN(Cc2cc3c(c4ccccc24)CN([C@H]2CCCC[C@@H]2O)C3=O)CC1,99.400002,val
N#Cc1ccc(-c2ccc(O[C@H]3O[C@H](CO)[C@@H](O)[C@H](O)[C@@H]3O)c(Cl)c2)cc1,89,val
Cc1cc(NC(=O)c2cnn3ccc(N)nc23)n(-c2cccc(Cl)c2)n1,99.5,val
Cc1nc(-c2cn3c(n2)-c2ccc(-c4cnn(C(C)(C)C(N)=O)c4)cc2OCC3)n(C(C)C)n1,76,val
CC(=O)NC(Cc1ccc2ccccc2c1)C(=O)NC(Cc1ccc(Cl)cc1)C(=O)NC(Cc1cccnc1)C(=O)NC(CO)C(=O)NC(Cc1ccc(NC(=O)C2CC(=O)NC(=O)N2)cc1)C(=O)NC(Cc1ccc(NC(N)=O)cc1)C(=O)NC(CC(C)C)C(=O)NC(CCCCNC(C)C)C(=O)N1CCCC1C(=O)NC(C)C(N)=O,90,val
CC(C)[N]C(N)=NC(=N)Nc1ccc(Cl)cc1,80,val
O=C(O)c1cc(C(F)(F)F)ccc1N1CC[C@H](Oc2ccc(F)cc2)C1,97.900002,val
O=C(NC[C@@H](O)CN1CCC(Oc2ccc(Cl)c(Cl)c2)CC1)c1c[nH]c(=O)cc1C(F)(F)F,89,val
CC[C@@H]([C@H](C)O)n1ncn(-c2ccc(N3CCN(c4ccc(OC[C@@H]5CO[C@@](Cn6cncn6)(c6ccc(F)cc6F)C5)cc4)CC3)cc2)c1=O,98,val
O=C(O[C@H]1C[N+]2(CCOc3ccccc3)CCC1CC2)C1(C2=CC=CC2)CCCCCC1,96,val
CN(C)C(C)(C)c1nc(=O)c(O)c(C(=O)NCc2ccc(F)cc2)[nH]1,50.150002,val
CCc1ccc(CCOc2ccc(Cc3sc(=O)[nH]c3O)cc2)nc1,99,val
O[C@@H](CNC[C@H](O)[C@H]1CCc2cc(F)ccc2O1)[C@@H]1CCc2cc(F)ccc2O1,98,val
COc1cccc2c1c(NCC(C)(C)c1ccccc1)nn2C,99.900002,val
N#Cc1cc2c(cn1)[nH]c1ncc(-c3ccc(CN4CCCCC4)cc3)cc12,95,val
C#CCO[C@H]1CN(c2ncc(C(=O)O)s2)CC[C@H]1NC(=O)c1[nH]c(C)c(Cl)c1Cl,97,val
CCOC(=O)N1CCN(C(=O)C(CCC(=O)O)NC(=O)c2cc([C@H]3C[C@@H]3COC)nc(-c3ccccc3)n2)CC1,96.599998,val
CC(C)(C)N1CC(C(=O)N2CCC(c3nnnn3-c3ccc(Cl)cc3)CC2)[C@H](c2ccc(F)cc2F)C1,68,val
C[C@@](C(=O)O[C@H]1C[N+]2(CCCCc3ccccc3)CCC1CC2)(c1cccs1)N1CCCCC1,97.900002,val
O=C(O)C[C@H](NC(=O)Cn1c(C2CC2)cnc(NCc2ccc3c(n2)NCCC3)c1=O)c1ccc2c(c1)OCO2,97.5,val
C[C@@H](O)c1nc2cnc3[nH]ccc3c2n1[C@H]1CC[C@@H](NCC(F)(F)F)C1,59,val
O=C(C1CC12CCN(C1CCCCC1)CC2)N1CCN(C2CCCCC2)CC1,19,val
O=C(NCCN1CCOCC1)c1ccc(Cl)cc1,50,val
COc1ccc(-c2ccc(S(=O)(=O)NC(C(=O)O)C3CCC4(CC3)OCCCO4)cc2)cc1,96.5,val
Cc1c(Cc2ccc(=O)n(Cc3ccc(F)cc3F)n2)c2cc(F)cc(F)c2n1CC(=O)O,98,val
Cc1ccccc1-c1ccc(N2CCOc3ncnc(N)c3C2=O)cc1,93.099998,val
O=C(NC1CCCS(=O)(=O)C1)c1ccc(Oc2ccc(C#C[C@]3(O)CN4CCC3CC4)cc2)cc1,75,val
CC12CCC(=O)C=C1CCC1C2C(O)CC2(C)C1CCC2(O)C(=O)CO,87.5,val
Cc1nnc2n1-c1ccc(-c3cncc([C@](C)(O)C(F)(F)F)c3)cc1CC2,31,val
O=C(O[C@H]1C[N+]2(Cc3cc(-c4ccccc4)on3)CCC1CC2)C1(C2=CC=CC2)CCCCCC1,99.5,val
O=C(N[C@@H]1C2CCN(CC2)[C@H]1Cc1cccnc1)c1cc2ccccc2o1,60,val
COc1ccc(S(=O)(=O)N2CCCC2C(=O)Nc2cc(C)cc(C)c2)cc1,99.300003,val
Cc1ccc(CC[N+]23CCC(CC2)[C@@H](OC(=O)[C@](C)(c2ccccc2)N2CCCCC2)C3)s1,98.900002,val
Cc1ccnc(C2(C#N)CCN(Cc3cc4c(c5ccccc35)CN([C@H]3CCCC[C@@H]3O)C4=O)CC2)c1,99.300003,val
O=C(NCc1cccnc1OCC(F)(F)F)c1cncc(-c2ccc(Cl)cc2)c1,98.699997,val
COCCOc1cc2ncc(C(N)=O)c(Nc3ccc(F)cc3F)c2cc1N1CCN(C)CC1,54,val
Cc1cc(C(=O)NC2CCC(NC(=O)c3cc(F)cnc3Oc3cccc(-c4ccc(CCN5CCC(N6CCCC6)CC5)cc4)c3)CC2)nn1C,95.800003,val
C[C@@]1(C(=O)NC(Cc2ccc(-c3ccccc3C#N)cc2)C(=O)O)CCCN1S(=O)(=O)c1cc(Cl)cc(Cl)c1,99.5,val
O=C(Nc1cc(F)cc(F)c1)N1CCC2(CC1)C(=O)N(c1cccc(Cl)c1)C2c1ccccn1,99.699997,val
CC(C)(ON=C(C(=O)NC1C(=O)N(S(=O)(=O)O)[C@@H]1COC(=O)CNC(=O)c1cc(=O)c(O)cn1O)c1csc(N)n1)C(=O)O,43,val
C=CC1=C(C(=O)O)N2C(=O)C(=NC(=O)C(NOCC(=O)O)c3csc(N)n3)[C@H]2SC1,65,val
CCNC(=O)Nc1cc(-c2nc(C(F)(F)F)cs2)c(-c2cncc(-c3nc(C)no3)c2)cn1,93.699997,val
O=C(C1=C(c2ccc(CCCOc3c(F)ccc(F)c3Cl)cc2)C[C@@H]2CNC[C@H]1N2)N(Cc1cccc(Cl)c1Cl)C1CC1,99,val
CCC1OC2(CCC1C)CC1CC(C/C=C(/C)CC(C)/C=C/C=C3\COC4C(O)C(C)=CC(C(=O)O1)C34O)O2,99.5,val
C[C@H](O)CONC(=O)c1ncc2cncn2c1Nc1ccc(I)cc1F,90,val
Cc1cc(C)c(CNC(=O)c2c(C)n([C@H](C)c3ccccc3)c3ccccc23)c(=O)[nH]1,99,val
O=C(O)COc1ccc(Cl)cc1C#Cc1cccc(Cl)c1,99.699997,val
CC1(C)O[C@@H]2C[C@H]3[C@@H]4CC=C5CC(=O)C=C[C@]5(C)[C@@]4(F)[C@@H](O)C[C@]3(C)[C@]2(C(=O)CO)O1,80,val
O=C(C[N+]12CCC(CC1)[C@@H](OC(=O)C1(C3=CC=CC3)CCCCCC1)C2)Nc1ccc(F)cn1,97.599998,val
CONC(=O)C1[C@@H](O)[C@@]2(O)c3c(OC)cc(OC)cc3O[C@@]2(c2ccc(OC)cc2)[C@@H]1c1ccccc1,82,val
CCc1c(CCN2CC(C(=O)O)C2)cccc1-c1nsc(-c2ccc(OC(C)C)c(Cl)c2)n1,99.330002,val
O=c1ncn2nc(Sc3ccc(F)cc3F)ccc2c1-c1c(Cl)cccc1Cl,98,val
CNc1nc(Nc2cc(OC)c(C(=O)N3CCOCC3)cc2Cl)ncc1C(F)(F)F,90.800003,val
N=C(N)[N]CC1COC2(CCCCC2)O1,20,val
CCC(=O)c1ccc2c(c1)N(CC(C)N(C)C)c1ccccc1S2,81,val
O=C(NC1CCN(CCCCC2(C(=O)NCC(F)(F)F)c3ccccc3-c3ccccc32)CC1)c1ccccc1-c1ccc(C(F)(F)F)cc1,99.800003,val
CCOC(=O)C(N)Cc1ccc(-c2cc(O[C@H](c3ccc(Cl)cc3-n3ccc(C)n3)C(F)(F)F)nc(N)n2)cc1,99,val
O=C(O)CCCc1ccccc1,89,val
Cc1c(F)c(N2CCNC(C)C2)cc2c1c(=O)c(C(=O)O)cn2C1CC1,50,val
Cc1[nH]c(C(=O)N[C@@H]2CCN(c3ncc(C(=O)O)s3)C[C@@H]2S(C)(=O)=O)c(Cl)c1Cl,87,val
CCCCc1nc(Cl)c(CO)n1Cc1ccc(-c2ccccc2-c2nn[nH]n2)cc1,98.849998,val
Nc1ncnc2c1C(=O)N(c1ccc(-c3cc(Cl)ccc3Cl)cc1)CCO2,98.800003,val
CC[C@@H](C)[C@H]1O[C@]2(CC[C@@H]1C)C[C@@H]1C[C@@H](C/C=C(/C)[C@@H](O[C@H]3C[C@H](OC)[C@@H](O[C@H]4C[C@H](OC)[C@@H](O)[C@H](C)O4)[C@H](C)O3)[C@@H](C)/C=C/C=C3\CO[C@@H]4[C@H](O)C(C)=CC(C(=O)O1)[C@]34O)O2,93,val
CC1(C)CC(=O)c2c(SC3CCCC3)sc(-c3cc[nH]n3)c2C1,99.300003,val
CS(=O)(=O)OCCCCOS(C)(=O)=O,32,val
CC(C)Cn1c(=O)n(C)c(=O)c2c(C(=O)N3CC[C@@H](O)C3)c(Oc3cccc4ccccc34)sc21,99,val
C[C@H]1C[C@H]2[C@@H]3CC=C4CC(=O)C=C[C@]4(C)[C@@]3(Cl)[C@@H](O)C[C@]2(C)[C@@]1(O)C(=O)CO,87,val
COC1(CCC(C)COC2OC(CO)C(O)C(O)C2O)OC2CC3C4CC=C5CC(OC6OC(CO)C(OC7OC(C)C(O)C(O)C7O)C(O)C6OC6OC(C)C(O)C(O)C6O)CCC5(C)C4CCC3(C)C2C1C,84.75,val
CN1CCN(C(=O)c2cc(F)ccc2CNC(=O)c2nc(C(C)(C)C)n(C)c(=O)c2O)CC1,66,val
C[C@H](CO)Nc1nc(SCc2cccc(F)c2F)nc2nc(NS(C)(=O)=O)sc12,98.900002,val
CCNC(=O)Nc1cc(-c2nc(C(F)(F)F)cs2)c(-c2cncc(-c3nnc(C)o3)c2)cn1,89,val
N[C@H]1CN(c2ncnc(N3CCC(F)(F)C3)n2)C[C@@H]1N1CC(F)(F)CCC1=O,17,val
CC#CCOc1ccc(S(=O)(=O)N2CCNCCC2C(O)=NO)cc1,64.330002,val
Cc1cc(C2CCN(C(=O)C3C[C@@](C)(N)C[C@H]3c3ccc(F)cc3F)CC2)n(-c2cc(Cl)ccc2Cl)n1,92.900002,val
Cc1cc(Nc2nc(Sc3ccc(NC(=O)CN4CCC(C(=O)NC5CCCC5)C4)cc3)nn3cccc23)[nH]n1,99,val
CNC(=O)c1cc2c(Oc3ccc(I)cc3)cncc2s1,99.800003,val
CC1c2c(cc(CN3CCC(C#N)(c4ccccn4)CC3)c3ccccc23)C(=O)N1[C@H]1CCCC[C@@H]1O,98.599998,val
CON=C(C(=O)NC1C(=O)N2C(C(=O)O)=C(CSc3nnnn3C)CS[C@H]12)c1csc(N)n1,60,val
CC(C)c1cccc(C(C)C)c1OCOP(=O)(O)O,98,val
CN1CCC(=C2c3ccccc3CCn3c(C(=O)O)cnc32)CC1,62.700001,val
CCOC(=O)Nc1ccc(NCc2ccc(F)cc2)cc1N,80,val
COc1cc2c(cc1OC)[C@H]1C[C@@H](O)[C@H](CC(C)C)CN1CC2,64,val
CC(C)CC1C(=O)N2CCC[C@H]2[C@]2(O)O[C@](NC(=O)C3C=C4c5cccc6[nH]c(Br)c(c56)C[C@H]4N(C)C3)(C(C)C)C(=O)N12,93,val
CS(=O)(=O)c1cc(Cl)c(NC(=O)N2CCn3c(c(O)n([C@H]4C[C@@H]4c4ccccc4)c3=O)C2)c(Cl)c1,99.300003,val
CC(C)[C@@](O)(C(=O)N1CCC(C2CCN(c3ccc(C(=O)N(C)C)c(Cl)c3)CC2)CC1)C(F)(F)F,98.199997,val
CCNC(=O)Nc1ccc(-c2nc3c(c(N4CCOC[C@@H]4C)n2)CCN(c2ncccn2)C3)cc1,98,val
C[C@]12C=CC(=O)N[C@@H]1CC[C@@H]1[C@@H]2CC[C@]2(C)C(C(=O)Nc3cc(C(F)(F)F)ccc3C(F)(F)F)CC[C@@H]12,99,val
COc1ccc2c(c1C)[N+]=C(c1nc(C(C)C)cs1)C=C2OC1CC2C(=O)NC3(/C([O-])=N/S(=O)(=O)C4CC4)CC3/C=C/CCCCN(C)C(=O)C2C1,100,val
CCCNC(=O)c1c(NC(=O)C23CC4CC(CC(C4)C2)C3)sc2c1CCOC2,99,val
Cc1cccc2nc(C(=O)NC3CCC(NC(=O)c4cc(F)cnc4Oc4cccc(-c5ccc(CN6C[C@@H](C)N[C@@H](C)C6)cc5)c4)CC3)cn12,98.800003,val
CCN(CC)CCS(=O)(=O)[C@@H]1CCN2C(=O)c3coc(n3)CC(=O)C[C@H](O)/C=C(C)/C=C/CNC(=O)/C=C/[C@@H](C)[C@@H](C(C)C)OC(=O)C12,50,val
CN(C)CCN(C)[C@H]1COc2ccccc2-c2c(C3CCCCC3)c3ccc(C(=O)O)cc3n2C1,97.100006,val
Clc1ccc(C(Cn2ccnc2)OCc2csc3c(Cl)cccc23)c(Cl)c1,99,val
O=C(CSc1nnc(Br)n1-c1ccc(C2CC2)c2ccccc12)Nc1ccc(C(=O)O)cc1Cl,99,val
O=C(OC1C[C@@H]2CC3C[C@H](C1)N2C[C@@H]3O)c1c[nH]c2ccccc12,77,val
CCOc1cc2ncc(C(N)=O)c(Nc3cccc(Cl)c3Cl)c2cc1N1CCCN(C)CC1,98.099998,val
COc1cc2c(cc1O)CCN[C@]21CS[C@@H]2c3c(OC(C)=O)c(C)c4c(c3[C@H](COC1=O)N1[C@@H]2[C@H]2c3c(cc(C)c(OC)c3O)C[C@@H]([C@@H]1O)N2C)OCO4,94.199997,val
Cn1cnc(S(=O)(=O)N2C[C@@H]3[C@H](C2)C3(CNC(=O)c2ccccc2C(F)(F)F)CC2CC2)c1,93,val
Cc1cccc(NC(=O)c2ccc(-c3ccc(C#N)cc3)o2)c1,98.300003,val
CCCc1cc(I)cc(CNCCCN(C)C)c1O,15.9,val
CC(=O)N=S(=O)(O)c1ccc(N)cc1,82,val
CCc1cnc(NCc2ccc3c(n2)NCCC3)c(=O)n1CC(=O)N[C@@H](CC(=O)O)c1cccc(F)c1,97.199997,val
CC(C)(CO)NC(=O)c1nn(-c2ccc(F)cc2F)c2c1C[C@H]1C[C@@H]21,96,val
Nc1ncnc2c1C(=O)N(c1ccc(-c3c(F)cccc3F)c(F)c1)CCO2,96,val
CCNC(=O)Nc1nc2cc(-c3cccnc3)c(=O)n(CC3CCCCC3)c2s1,98,val
CC(=O)Nc1ccc2ccn(-c3cc(NCCCN4CCCC4)n4ncc(C#N)c4n3)c2c1,93.300003,val
Cc1ccc(Oc2cncc3sc(C(N)=O)cc23)cc1,97.199997,val
CCS(=O)(=O)c1ccc(-c2cc(C(F)(F)F)ccc2OCC(=O)O)c(C)c1,95.400002,val
COc1ccc(N2CCN(C(=O)C3CCCCC3C(=O)NC3(C#N)CC3)CC2)cc1OC,55,val
CC(C)[C@]1(C)SC(=N[C@H]2C[C@@H]3CC[C@H]2C3)NC1=O,85,val
COC1(OC)CN(c2ncc(C(=O)O)s2)CC[C@H]1NC(=O)c1[nH]c(C)c(Cl)c1Cl,98.199997,val
Cc1ccc(C(=O)Nc2cccc(C(F)(F)F)c2)cc1-c1ccc2nc(NCCN3CCOCC3)ncc2c1,95,val
COc1ccc(F)cc1C1CCN(c2ccn3c(CC4CC4)nnc3c2Cl)CC1,99,val
CC(C)(C)c1cc(C(C)(C)C)c(NC(=O)c2c[nH]c3ccccc3c2=O)cc1O,99,val
CCN(CC)CCOC(=O)C1(C2CCCCC2)CCCCC1,99,val
C=C1C=C[N-]C(C2(C#N)CCN(CC3=C[C+](C(=O)[O-])C(=O)[n+]4ccccc43)CC2)=C1,76.5,val
O=C(CO)NC1CCN(Cc2ccc(Oc3nc4ccccc4s3)cc2)CC1,95,val
O=[N+]([O-])c1cn2c(n1)OC[C@@H](OCc1ccc(N3CCCCC3)c(F)c1)C2,85.599998,val
NC(=O)C(c1ccccc1)(c1ccccc1)[C@@H]1CCN(CCc2ccc3c(c2)C(O)CO3)C1,87,val
NC1CCC(CNC(=O)C2CCCN2C(=O)C(N)C(C2CCCCC2)C2CCCCC2)CC1,98,val
CCNC(=O)COc1ccc(Cl)cc1CNC(=O)C1CCCN1C(=O)C(N)C1CCCCC1,85,val
Cc1ccn(-c2cc(Cl)ccc2[C@@H](Oc2cc(-c3ccc(CC(N)C(=O)O)cc3)nc(N)n2)C(F)(F)F)n1,99,val
CN1CCN(c2nc(C(=O)NCc3ccc(F)cc3)c(O)c3ncccc23)CC1,97.900002,val
COc1cnc(COc2cc(F)c(F)cc2C)cc1-c1cc2c([nH]1)CCNC2=O,99.199997,val
O=C1Nc2ccc(F)c(F)c2C(CC(F)F)(c2ccc(F)cc2)N1CC(F)(F)F,98.5,val
CN1CCN(c2ccc(C3CC(c4ccc([N+](=O)[O-])o4)=NO3)cc2F)C(=O)C1,60.900002,val
COc1cnc(NS(=O)(=O)c2ccc(N)cc2)nc1,83,val
CC(C)C(N)C(=O)OCC(CO)OCn1cnc2c(=O)[nH]c(N)nc21,1.25,val
O=C(O)/C=C1/CN(C(C(=O)C2CC2)c2ccccc2F)CC[C@H]1S,98,val
O=[N+]([O-])c1cn2c(n1)OC[C@@H](OCc1ccc(N3CCSCC3)c(F)c1)C2,83.199997,val
C[C@@H](OC(=O)N1CCC(OC2CCC(Oc3cnc(S(C)(=O)=O)cn3)CC2)CC1)C(F)(F)F,96,val
O=C(Nc1c[nH]nc1-c1nc2cc(CN3CCOCC3)ccc2[nH]1)NC1CC1,81.5,val
Cc1cc(C(=O)NC2CCC(NC(=O)c3cc(F)cnc3Oc3cccc(-c4ccc(CN5C[C@@H](C)N[C@@H](C)C5)cc4)c3)CC2)nn1C,89,val
CCC[C@@H](C)C1(CC)C(=O)NC(=S)NC1=O,85,val
COc1ccc(CNCC23CC4CC(CC(C4)C2)C3)c(O)c1,4.4000001,val
COc1ncnc(Cn2cc(C(=O)NCCO)c3ncc(C)cc32)c1C,78,val
CN=C(C=[N+]([O-])[O-])NCCSCc1ccc(C[N+](C)C)o1,15,val
O=c1[nH]c(=O)c2c[nH]nc2[nH]1,0.5,val
COc1cc2ncnc(Nc3cccc(Cl)c3F)c2cc1CN1CCCC1C(N)=O,95,val
COc1cc2c(Nc3cc(CC(=O)Nc4cccc(F)c4)[nH]n3)ncnc2cc1OCCCN1CCC(CO)CC1,94,val
COC(=O)N1CC2(CC2)CC(C(O)=NO)C1C(=O)N1CC=C(c2ccccc2)C1,66,val
C=C[C@@H]1C[C@]1(NC(=O)C1C[C@@H]2CN1C(=O)C(C(C)(C)C)NC(=O)O[C@@H]1C[C@H]1CCCCCc1nc3ccc(OC)cc3nc1O2)C(=O)NS(=O)(=O)C1CC1,98.800003,val
COC1C(=O)C(C)C[C@H](C)/C=C/C=C/C=C(\C)[C@@H](OC)C[C@@H]2CC[C@@H](C)[C@@](O)(O2)C(=O)C(=O)N2CCCCC2C(=O)O[C@H]([C@H](C)C[C@@H]2CC[C@@H](O)[C@H](OC)C2)CC(=O)C(C)=CC(C)[C@H]1O,92,val
N=C(N)N=c1[nH]ccc2c(Cl)cc(-c3cccc(C(=O)O)c3)cc12,99.800003,val
CCC[C@@H]1CC(C(=O)N[C@@H]([C@H]2O[C@H](SC)[C@H](O)[C@@H](O)[C@H]2O)[C@H](C)Cl)N(C)C1,94,val
CSc1ccc(CC2(O)c3ccccc3C3=NCCN32)cc1,90,val
COc1cc2ncc(C(N)=O)c(Nc3ccc(Cl)c(Cl)c3)c2cc1N1CCN(C)CC1,96.400002,val
CN1CCN(C(=O)O[C@H]2c3nccnc3C(=O)N2c2ccc(Cl)cn2)CC1,55,val
CCOc1cc2ncc(C(N)=O)c(Nc3ccc(F)cc3F)c2cc1N1CCN(C2CC2)CC1,98.599998,val
CN1C(C(=O)Nc2ccccn2)C(=O)c2sc(Cl)cc2S1(=O)=O,99,val
CC(C)c1cccc(C(C)C)c1O,97.950005,val
N#Cc1cnc(Nc2cc(CN3CCN(C(N)=O)CC3)ccn2)s1,90.800003,val
O=C(C[N+]12CCC(CC1)[C@@H](OC(=O)C1(C3=CC=CC3)CCCCCC1)C2)Nc1cccnn1,90,val
Cc1ccc(C(=O)Nc2cccc(C(F)(F)F)c2)cc1-c1ccc2nc(N)ncc2c1,98.699997,val
CO[C@H]1CN(c2nc(-c3nc(C)no3)c(C(=O)O)s2)CC[C@H]1NC(=O)c1[nH]c(C)c(Cl)c1Cl,98.5,val
OC[C@H]1O[C@H](Oc2ccc(-n3ccc4cc(C(F)(F)F)ccc43)cc2Cl)[C@@H](O)[C@@H](O)[C@@H]1O,99,val
CC(C)(C)C1NC(=O)O[C@@H]2CCC[C@H]2OC/C=C/C(F)(F)c2nc3ccccc3nc2O[C@@H]2CC(C(=O)N[C@]3(C(=O)NS(=O)(=O)C4(C)CC4)C[C@H]3C(F)F)N(C2)C1=O,97.5,val
C[C@H](CO)Nc1nc(SCc2cccc(F)c2F)nc2[nH]c(=O)c(C#N)cc12,98.300003,val
CC1CC2C3CC=C4CC(=O)C=CC4(C)C3(F)C(O)CC2(C)C1(O)C(=O)CO,68,val
Cc1cc(C)c(CNC(=O)c2c(C)n([C@H](C)C3CCOCC3)c3ccccc23)c(=O)[nH]1,94,val
Cc1cc(C(=O)NC2CCC(NC(=O)c3cc(F)cnc3Oc3cccc(-c4ccc(O)cc4CN4CCOCC4)c3)CC2)nn1C,94.400002,val
C[C@H](CCC(=O)O)[C@H]1CC[C@H]2[C@@H]3[C@@H](O)C[C@@H]4C[C@H](O)CC[C@]4(C)[C@H]3CC[C@]12C,97,val
Cc1ccc2c(-c3cnc4[nH]cc(C(=O)NC5(C)CCNC5)c4n3)nn(C)c2c1,96,val
O=C(N1CCCC1)N1CCc2nc(C#Cc3ccccc3)sc2C1,97.599998,val
CCc1nn(C2CCCC2)c2c1CCn1c(-c3cccs3)nnc1-2,98,val
COc1ccc(NC(=O)c2ccc(C(=N)N(C)C)cc2F)c(C(=O)Nc2ccc(Cl)cn2)c1,36.599998,val
Cc1ccc(-c2ncc[nH]2)cc1NC(=O)c1ccc(OCc2ccccn2)cc1,94.400002,val
C[C@@H]1CCN(C(=O)Nc2nc3c(s2)-c2cc(C(C)(C)C(F)(F)F)ncc2OC3)C1C(N)=O,96.699997,val
COc1cc(C)c(/C=C/C(C)=C/C=C/C(C)=C\C(=O)O)c(C)c1C,99,val
CC(C)N1CCN(C(=O)C2CC23CCN(C2CCOCC2)CC3)CC1,13,val
CCN1C(=O)CCCc2c1ccc(Nc1ncc(Cl)c(N[C@H]3C(C(N)=O)[C@@H]4C=C[C@H]3C4)n1)c2OC,92,val
CC(Oc1ccc2nc(N)n(CC(O)c3ccc(C(F)(F)F)cc3Cl)c2n1)C(F)(F)F,99,val
O=c1[nH]ccc2nc(-c3ccc(CN4CCC(c5n[nH]c(-c6ccccn6)n5)CC4)cc3)c(-c3ccccc3)cc12,97.300003,val
OC[C@H]1O[C@H](Oc2ccc(-n3ccc4ccccc43)cc2Cl)[C@@H](O)[C@@H](O)[C@@H]1O,98,val
O=C1NCCc2nc(OCc3cccc(F)c3)ccc21,95.300003,val
Cn1cnc(S(=O)(=O)N2C[C@@H]3[C@H](C2)C3(CNC(=O)c2ccccc2C(F)(F)F)c2ccccn2)c1,92.400002,val
COc1ccccc1OC[C@@H](O)COC(N)=O,50,val
COCCOC(=O)N(C)C1CCCC(C(NS(=O)(=O)c2ccc(-c3ccc(OC)cc3)cc2)C(=O)O)C1,97.599998,val
COc1cc(Nc2ncc(F)c(Nc3ccc4c(n3)NC(=O)C(C)(C)O4)n2)cc(OC)c1OC,98.300003,val
CC(C)N(CC[C@@](C(N)=O)(c1ccccc1)c1ccccn1)C(C)C,60,val
OC[C@H]1O[C@H](Oc2ccc(-n3ccc4cc(Cl)cnc43)cc2Cl)[C@@H](O)[C@@H](O)[C@@H]1O,96,val
COP(=O)(OC)O/C(C)=C/C(=O)N(C)C,15.4269,val
Cc1ccoc1C(=O)Nc1ccc(N2Cc3c(Cl)cccc3C2=O)c(Cl)c1,99,val
C[C@@](N)(CCc1ccc(-c2nc3ccc(C4(c5ccccc5)CC4)nc3s2)c(F)c1)C(=O)O,96.300003,val
Cc1ccc(-c2ccccn2)cc1NC(=O)c1ccc(OCc2ccccn2)cc1,98.900002,val
C[C@@](C(=O)O[C@H]1C[N+]2(Cc3cc(-c4ccccc4)no3)CCC1CC2)(c1cccs1)N1CCCCC1,97.699997,val
COc1ccc([C@H](CC(=O)O)N2CCN(CCCc3ccc4c(n3)N[C@H](C)CC4)C2=O)cn1,93.5,val
CC(C)(C)C(O)/C(=C/c1ccc(Cl)cc1Cl)n1cncn1,98.0532,val
Nc1nc2ccc(OC(F)(F)F)cc2s1,96,val
CCNC(=O)OC1CCC(CNc2[nH]nc3cccc(OC)c23)(c2ccccc2)CC1,99.699997,val
CC=C(C(=CC)c1ccc(O)cc1)c1ccc(O)cc1,69,val
CC(=O)C[C@@H](c1ccccc1)c1c(O)c2ccccc2oc1=O,98,val
CC(=O)NC(Cc1ccc2ccccc2c1)C(=O)NC(Cc1ccc(Cl)cc1)C(=O)NC(Cc1cccnc1)C(=O)NC(CO)C(=O)NC(Cc1ccc(O)cc1)C(=O)NC(CCCNC(N)=O)C(=O)NC(CC(C)C)C(=O)NC(CCC[N]C(=N)N)C(=O)N1CCCC1C(=O)NC(C)C(N)=O,86,val
O=C(Nc1ccccc1Cl)N1CCC(c2nc(-c3ccc4ccccc4n3)no2)CC1,99.5,val
COC(=O)N1CC(C(=O)Nc2ccc(Cl)cn2)C(C(=O)Nc2ccc(-n3ccccc3=O)cc2F)C1,93.199997,val
COc1cc(N)c(Cl)cc1C(=O)N[C@H]1CCN(CCCOc2ccc(F)cc2)C[C@@H]1OC,97.5,val
Cc1c([O-])c(N)cc[n+]1C,21.5,val
Cc1ccc2c(c1)c(-c1ccnc3c(C#N)cccc13)c(C)n2CC(=O)O,98.300003,val
Nc1nc2ccc(C(F)(F)F)cc2n1CC(O)c1ccc(C(F)(F)F)cc1Cl,99,val
CN1CC(C(=O)N[C@]2(C)O[C@@]3(O)[C@@H]4CCCN4C(=O)C(Cc4ccccc4)N3C2=O)C[C@@H]2c3cccc4[nH]cc(c34)C[C@H]21,93,val
N#Cc1cccc(C(=O)N[C@@H]2CCC[C@@H](NC(=O)c3ccccn3)C2)c1,84.300003,val
CON=C(C(=O)NC1C(=O)N2C(C(=O)[O-])=C(C[N+]3(C)CCCC3)CS[C@H]12)c1csc(N)n1,20,val
N#Cc1cnc(Nc2cc(CN3CCOCC3)ccn2)s1,90.900002,val
CC(=O)OC12COC1CC(O)C1(C)C(=O)C(=O)C3C(C)C(OC(=O)C(O)C(NC(=O)OC(C)(C)C)c4ccccc4)CC(O)(C(OC(=O)c4ccccc4)C21)C3(C)C,94,val
C=CCC1(C(C)CCC)C(=O)NC(=O)NC1=O,50,val
CCOc1cc2ncc(C(N)=O)c(Nc3cccc(Cl)c3F)c2cc1N1CCN(C)CC1,92.900002,val
COc1ccc(N(Cc2cnccc2C)C2CCN([C@H](C)CCNC(=O)c3c(C)cc(C(=O)NC(C)C)nc3C)CC2)cc1,89,val
Nc1nc(C(CCC(=O)O)C(=O)N=C2C(=O)N3C(C(=O)O)=CCSC23)cs1,30,val
O=C(CSc1nnc(-c2ccccc2)c(-c2ccccc2)n1)N1CCc2ccccc21,95,val
Cc1cc(Nc2ccc(C3CC3)cc2)n2ncnc2n1,86.800003,val
Cc1cc2c(cc1CC(=O)c1sccc1S(=O)(O)=Nc1onc(C)c1Cl)OCO2,99,val
Cn1c(C(C)(C)C)nc(C(=O)NCc2ccc(F)cc2C(=O)NCC(F)(F)F)c(O)c1=O,99,val
N[C@@H]1CN(c2c(F)cc3c(=O)c(C(=O)O)cn([C@@H]4C[C@@H]4F)c3c2Cl)CC12CC2,49,val
COc1cc(C(=O)N2CCOCC2)ccc1Nc1ncc(Br)c(OC)n1,96.599998,val
Cc1cc(C2CCN(C(=O)C3CN(C(C)(C)C)C[C@H]3c3ccc(F)cc3F)CC2)n(-c2ccc(Cl)c(Cl)c2)n1,98,val
O=[N+]([O-])c1cn2c(n1)OC[C@@H](OCc1ccc(N3CCSCC3)cc1)C2,74.5,val
CNC(=O)c1nn(C)c2c1C(C)(C)Cc1cnc(Nc3ccc(N4CCN(C)CC4)cc3)nc1-2,98,val
CCCCCOc1ccc(-c2cc(-c3ccc(C(=O)NC4C[C@@H](O)[C@@H](O)NC(=O)C5[C@@H](O)[C@@H](C)CN5C(=O)C([C@H](O)CC(N)=O)NC(=O)C([C@H](O)[C@@H](O)c5ccc(O)c(OS(=O)(=O)O)c5)NC(=O)C5C[C@@H](O)CN5C(=O)C([C@@H](C)O)NC4=O)cc3)no2)cc1,99.385002,val
COc1cc2nccc(Oc3ccc4c(C(=O)Nc5ccc(Cl)cc5)cccc4c3)c2cc1OC,99.300003,val
COc1ccc(N(Cc2cnccc2C)C2CCN([C@H](C)CCNC(=O)c3c(C)cc(C#N)nc3C)CC2)cc1,98,val
COc1ccc(S(=O)(=O)Nc2nc(-c3cccc([N+](=O)[O-])c3)cs2)cc1OC,99,val
COCCOC(=O)N(C)C1CCC(C(NS(=O)(=O)c2ccc(-c3ccc(OC)cc3)cc2)C(=O)O)CC1,97.699997,val
CCCC1(C(=O)c2ccc(Cl)c(Cl)c2)CCCN1,86,val
C[C@@H]1CCCN1CCCOc1ccc(C2=NNC(=O)C3C[C@H]23)cc1,53,val
CCOC(=O)N1CCN(C(=O)C(CCC(=O)O)NC(=O)c2cc(NCCO)nc(-c3ccccc3)n2)CC1,86.5,val
Cc1cnc(NC(=O)C[N+]23CCC(CC2)[C@@H](OC(=O)C2(C4=CC=CC4)CCCCCC2)C3)cn1,96,val
CCCCCOc1ccc(C(=O)c2cccc3ccccc23)c2ccccc12,99,val
Nc1ncnc2c(C(=O)Nc3c(Cl)ccc(NS(=O)(=O)CCCF)c3F)csc12,97,val
O=C(NCC1(O)CCCCCC1)c1cc(-n2ncc(=O)[nH]c2=O)ccc1Cl,82,val
C[C@H](CO)Nc1nc(SCc2ccccc2F)nc2[nH]c(=O)sc12,99.839996,val
CCCOCCn1c(=O)c(N2CCNCC2)nc2cnc(-c3ccc(OC)nc3)cc21,81.599998,val
COCc1noc2c(F)c3c(cc12)CC1(C(=O)NC(=O)NC1=O)C1C(C)OC(C)CN31,90.400002,val
COc1ccc(CC2c3cc(OC)c(OC)cc3CC[N+]2(C)CCC(=O)OCCCCCOC(=O)CC[N+]2(C)CCc3cc(OC)c(OC)cc3C2Cc2ccc(OC)c(OC)c2)cc1OC,82,val
CCCCCOc1ccc(-c2cc(-c3ccc(C(=O)NC4CC(O)C(O)NC(=O)C5C(O)C(C)CN5C(=O)C(C(O)CC(N)=O)NC(=O)C(C(O)C(O)c5ccc(O)c(OS(=O)(=O)O)c5)NC(=O)C5CC(O)CN5C(=O)C(C(C)O)NC4=O)cc3)no2)cc1,99,val
O=C(Cn1c(Cl)cnc(NCC(F)(F)c2cccc[n+]2[O-])c1=O)NCc1ncccc1F,70,val
N=C(N)[N]CCCC(NC(=O)C1CCCN1C(=O)C1CSSCCC(=O)NC(Cc2ccc(O)cc2)C(=O)NC(Cc2ccccc2)C(=O)NC(CCC(N)=O)C(=O)NC(CC(N)=O)C(=O)N1)C(=O)NCC(N)=O,50,val
CCNC(=O)Nc1ccc(-c2nc(N3C[C@H]4CC[C@@H](C3)O4)c3c(n2)[C@](C)(CCO)OC3)cc1,73,val
Cc1[nH]c(C(=O)N[C@@H]2CCN(c3ncc(C(=O)O)s3)C[C@@H]2Cl)c(Cl)c1Cl,99.199997,val
COC(=O)C(NC(=O)C(C)c1ccc(CC(C)C)cc1)C(C)C,45,val
NC(=O)c1cccc(-c2ccc3c(c2)sc2c(N)ncnc23)c1,96.300003,val
Cc1ncc([N+](=O)[O-])n1CCO,20,val
CN(C(=O)C(N)=O)c1nc(C(=O)NCc2ccc(F)cc2)c(O)c2ncccc12,98.199997,val
O=C(NC[C@@H](O)CN1CCC(Oc2ccc(Cl)c(Cl)c2)CC1)c1c[nH]c(=O)c2ccccc12,98,val
C[C@H]1CN(c2cc(=O)c3cc(C(=O)N(C)C)cc([C@@H](C)Nc4cc(F)cc(F)c4)c3o2)CCO1,86,val
CC(=O)NC[C@H]1CN(c2cc(F)c(N3CC[Si](C)(C)CC3)c(F)c2)C(=O)O1,99.599998,val
C=C[C@H]1CN2CCC1C[C@@H]2[C@@H](O)c1ccnc2ccc(OC)cc12,84,val
CCc1c(CCN(C)CC(=O)O)cccc1-c1nsc(-c2ccc(OC(C)C)c(C(F)(F)F)c2)n1,99.790001,val
COc1ccc(-c2ccc(S(=O)(=O)NC(C(=O)O)C3CCC(N4CCNC4=O)CC3)cc2)cc1,99,val
CN(C(=O)Cc1ccc(-n2cnnn2)cc1)C1CCN(Cc2ccc(C(F)(F)F)cc2)CC1,92.400002,val
CC(=O)CCCCC[C@H](NC(=O)C1CCN(C)CC1)c1nc(-c2ccc3ccccc3c2)c[nH]1,96,val
CO/C=C(\C(=O)OC)c1ccccc1Oc1cc(Oc2ccccc2C#N)ncn1,95.236603,val
Cc1nc(N)ccc1CNC(=O)Cn1c(C)cc(S(=O)(=O)Cc2ccccc2)c(N)c1=O,22,val
CCNC(=O)Nc1nc2cc(-c3cnc(N4CCC(C)(C(=O)O)CC4)nc3)cc(-c3ccccn3)c2s1,99.300003,val
C=C1[C@H](CO)[C@@H](O)C[C@@H]1n1cnc2c(=O)[nH]c(N)nc21,13,val
C[n+]1ccccc1C=NO,0,val
CC(C)C[C@H](CN)CC(=O)O,0,val
C[C@@H]1CCCN1CCCOc1ccc(C2=NNC(=O)C(C)(C)C2)cc1,26,val
C=CC[N+]1([C@H]2C[C@H]3[C@@H]4CC[C@H]5C[C@H](OC(C)=O)[C@@H](N6CCCCC6)C[C@]5(C)[C@H]4CC[C@]3(C)[C@H]2OC(=O)CC)CCCCC1,69,val
CCNC(=O)c1cc2c(Oc3ccc(Cl)cc3)cncc2s1,99.300003,val
CON=C(C(=O)NC1C(=O)N2C(C(=O)OCOC(=O)C(C)(C)C)=C(C=Cc3scnc3C)CSC12)c1csc(N)n1,0.88,val
C=CC[N+]1(C2CC3C4CCC5CC(OC(C)=O)C(N6CCCCC6)CC5(C)C4CCC3(C)C2OC(=O)CC)CCCCC1,0.68,val
Cc1nn(-c2cc(NS(C)(=O)=O)c(Cl)cc2Cl)c(=O)n1C(F)F,0.0068,val
O=C(O)c1cc(N=Nc2ccc(O)c(C(=O)O)c2)ccc1O,0.99,val
COc1cc2c3cc1Oc1cc(ccc1O)CC1c4c(cc(OC)c(O)c4Oc4ccc(cc4)CC3N(C)CC2)CC[N+]1(C)C,0.43,val
CS(=O)(=O)c1ccc(C(O)C(CF)NC(=O)C(Cl)Cl)cc1,0.12,val
Cc1nc(N(C)C)nc(OC(=O)N(C)C)c1C,0.8368,val
CC(=O)NCC1CN(c2ccc(N3CCOCC3)c(F)c2)C(=O)O1,0.31,val
CCC(=C(c1ccccc1)c1ccc(OCCN(C)C)cc1)c1ccccc1,0.99,val
CCC=CCC=CCC=CCC=CCC=CCC=CCCC(=O)OC(C(=O)OC1CC2(O)C(OC(=O)c3ccccc3)C3C4(OC(C)=O)COC4CC(O)C3(C)C(=O)C(OC(C)=O)=C(C1C)C2(C)C)C(NC(=O)c1ccccc1)c1ccccc1,0.9981,val
OCCN1CCN(CCCN2c3ccccc3Sc3ccc(Cl)cc32)CC1,0.92,val
CCC1OC(=O)C(C)C(OC2CC(C)(OC)C(O)C(C)O2)C(C)C(OC2OC(C)CC(N(C)C)C2O)C(C)(O)CC(C)C(=O)C(C)C(O)C1(C)O,0.83,val
CC(C)(C)NCC(O)c1ccc(O)c(CO)c1,0.09,val
CN(C)c1ccc(C(=C2C=CC(=[N+](C)C)C=C2)c2ccc(N(C)C)cc2)cc1,0.9862,val
CO/C=C(/C(=O)OC)c1ccccc1Oc1cc(Oc2ccccc2C#N)ncn1,0.952,val
CN(C)CCC=C1c2ccccc2CSc2ccccc21,0.85,val
CC(CO)Nc1nc(SCc2cccc(F)c2F)nc2nc(N)sc12,0.974,val
CCC(C)C1OC2(CCC1C)CC1CC(C/C=C(\C)C(OC3CC(OC)C(OC4CC(OC)C(O)C(C)O4)C(C)O3)C(C)/C=C/C=C3\COC4C(O)C(C)=CC(C(=O)O1)C34O)O2,0.93,val
CCCC(=O)OCOC(=O)C1=C(C)N=C(C)C(C(=O)OC)C1c1cccc(Cl)c1Cl,1,val
CCC1OC2(CCC1C)CC1CC(C/C=C(\C)CC(C)/C=C/C=C3\COC4C(O)C(C)=CC(C(=O)O1)C34O)O2,0.995,val
CN(C)CC(c1ccc(O)cc1)C1(O)CCCCC1,0.3,val
NC1CCN(c2c(F)cc3c(=O)c(C(=O)O)cn(C4CC4)c3c2Cl)C1,0.04,val
CCC1OC(=O)C(C)C(OC2CC(C)(OC)C(O)C(C)O2)C(C)C(OC2OC(C)CC(N(C)C)C2O)C(C)(O)CC(C)CN(C)C(C)C(O)C1(C)O,0.23,val
CN(CC=CC#CC(C)(C)C)Cc1cccc2ccccc12,0.99,val
CCC(C)C1OC2(CCC1C)CC1CC(CC=C(C)C(OC3CC(OC)C(OC4CC(OC)C(O)C(C)O4)C(C)O3)C(C)C=CC=C3COC4C(O)C(C)=CC(C(=O)O1)C34O)O2,0.93,val
Clc1ccc(COC(Cn2ccnc2)c2ccc(Cl)cc2Cl)c(Cl)c1,0.95,val
CN(C)CC=CC(=O)Nc1cc2c(Nc3ccc(F)c(Cl)c3)ncnc2cc1OC1CCOC1,0.95,val
CC(C)(ON=C(C(=O)NC1C(=O)N2C(C(=O)O)=C(C[n+]3ccccc3)CSC12)c1csc(N)n1)C(=O)O,0.18,val
OCc1cc(C(O)CNCCCCCCOCCCCc2ccccc2)ccc1O,0.96,val
CC1(C)CC1C(=O)N=C(CCCCCSCC(N)C(=O)O)C(=O)O,0.37,val
CNC1C(O)C(OC2C(N)CC(N)C(OC3OC(CN)=CCC3N)C2O)OCC1(C)O,0.85,val
CNC(=O)c1cccc2c(Nc3ccc(NS(C)(=O)=O)cc3OC)c3cccc(C)c3nc12,1,val
CN(C)C1C(=O)C(C(=O)NCN2CCCC2)C(=O)C2(O)C(=O)C3C(=O)c4c(O)cccc4C(C)(O)C3CC12,0.5,val
CCC1(O)CC2CN(CCc3c([nH]c4ccccc34)C(C(=O)OC)(c3cc4c(cc3OC)N(C=O)C3C(O)(C(=O)OC)C(OC(C)=O)C5(CC)C=CCN6CCC43C65)C2)C1,0.6,val
CCSC(=O)N1CCCCC1,0.903,val
COC1/C=C/OC2(C)Oc3c(C)c(O)c4c(O)c(c(C=NN5CCN(C6CCCC6)CC5)c(O)c4c3C2=O)NC(=O)C(C)=CC=CC(C)C(O)C(C)C(O)C(C)C(OC(C)=O)C1C,0.93,val
CC(C)c1c(C(=O)Nc2ccccc2)c(-c2ccccc2)c(-c2ccc(F)cc2)n1CCC(O)CC(O)CC(=O)O,0.98,val
COc1cc(OC)nc(C2CCCCC2C(=O)[N]Cc2ccc(Cl)c(Cl)c2)n1,0.997,val
Cc1noc(C)c1S(=O)(=O)Nc1c(N2CCCC(Cc3ccccc3)C2)c(=O)c1=O,0.995,val
CNC1C(=O)NC2Cc3ccc(cc3)Oc3cc4cc(c3OC3OC(C(=O)O)C(O)C(O)C3NC(=O)CCCCCCCCC(C)C)Oc3ccc(cc3Cl)C(O)C3NC(=O)C(NC(=O)C4NC(=O)C(NC2=O)c2cc(cc(O)c2Cl)Oc2cc1ccc2O)c1ccc(O)c(c1)-c1c(OC2OC(CO)C(O)C(O)C2O)cc(O)cc1C(C(=O)NCCCN(C)C)NC3=O,0.98,val
O=C(NCC1CN(c2ccc(N3CCOCC3=O)cc2)C(=O)O1)c1ccc(Cl)s1,0.93,val
COc1cc2c(cc1Cc1cccc(Cl)c1F)c(=O)c(C(=O)O)cn2C(CO)C(C)C,0.98,val
COc1ccc(C(CC(=O)O)N2CCN(CCCc3nc4c(cc3C)CCCN4)C2=O)cn1,0.78,val
Cc1cccc(C)c1OCC(C)N,0.63,val
Nc1nc(Cl)nc2c1ncn2C1CC(O)C(CO)O1,0.2,val
CNCC(O)c1ccc(O)c(OC)c1,0.05,val
Cc1c(O)c(=N)ccn1C,0.33,val
COc1ccc(-c2cc(=O)n3c4c(c(Cl)ccc24)OCC3)cc1OC,0.906,val
O=C(O)CCNC(=O)c1ccccc1,0.83,val
O=C(O)c1cc(N=Nc2ccc(S(=O)(=O)Nc3ccccn3)cc2)ccc1O,0.99,val
COc1c(C)c2c(c(O)c1CC=C(C)CCC(=O)OCCN1CCOCC1)C(=O)OC2,0.97,val
N#CN=C1SCCN1Cc1ccc(Cl)nc1,0.7142,val
NCCCC(N)(C(=O)O)C(F)F,0,val
CO,0,val
COc1ccc2c(c1)c(CC(=O)O)c(n2C(=O)c1ccc(cc1)Cl)C,1,CHEMBL6
N1CCc2c(C1)[nH]c1c2cccc1,10,CHEMBL269236
CN(CCCN1c2ccccc2CCc2c1cccc2)C,30,CHEMBL11
COc1cc(cc(c1OC)OC)Cc1c[nH]c(=N)[nH]c1=N,56,CHEMBL22
COc1ccc(cc1OC)CCN(CCCC(c1ccc(c(c1)OC)OC)(C(C)C)C#N)C,10,CHEMBL6966
CCN1CCCC1CN=C(c1cc(ccc1OC)S(=O)(=O)N)O,66,CHEMBL26
OC(COc1ccc(cc1)CCOCC1CC1)CNC(C)C,50,CHEMBL423
N[C@@H]1[C@@H]2[C@H]1CN(C2)c1nc2c(cc1F)c(=O)c(cn2c1ccc(cc1F)F)C(=O)O,20.3,CHEMBL428
CN1CCN(CC1)C1=Nc2cc(Cl)ccc2Nc2c1cccc2,3,CHEMBL42
CN=C1Nc2ccc(cc2C(=N(=O)C1)c1ccccc1)Cl,4.8,CHEMBL451
Cc1ccnc2c1N=C(O)c1c(N2C2CC2)nccc1,40,CHEMBL57
CCCCCc1cc(O)c2c(c1)OC([C@H]1[C@H]2C=C(C)CC1)(C)C,3,CHEMBL465
NNC(=O)c1ccncc1,95,CHEMBL64
OC1=Nc2ccc(cc2C(=NC1)c1ccccc1Cl)Cl,5,CHEMBL268254
CCN(CCCC(Nc1ccnc2c1ccc(c2)Cl)C)CC,46.5,CHEMBL76
Fc1ccc2c(c1)onc2C1CCN(CC1)CCc1c(C)nc2n(c1=O)CCCC2,10,CHEMBL85
O[C@H](COc1nsnc1N1CCOCC1)CNC(C)(C)C,90,CHEMBL499
O[C@@H]1CC[C@@H](O)[C@H](O)C[C@H](O)C[C@]2(O)C[C@H](O)[C@H]([C@@H](O2)C[C@H](/C=C/C=C/C=C/C=C/C=C/C=C/C=C/[C@@H]([C@H]([C@H]([C@@H](OC(=O)C[C@@H](C1)O)C)C)O)C)O[C@@H]1O[C@H](C)[C@H]([C@@H]([C@@H]1O)N)O)C(=O)O,4,CHEMBL267345
ClCCN(c1ccc(cc1)CCCC(=O)O)CCCl,33.66666667,CHEMBL515
ClCCN(c1ccc(cc1)C(=O)N[C@H](C(=O)O)CCC(=O)O)CCCl,8,CHEMBL276682
CC[C@H]1OC(=O)[C@H](C)[C@@H](O[C@@H]2O[C@@H](C)[C@@H]([C@](C2)(C)OC)O)[C@H](C)[C@@H](O[C@@H]2O[C@H](C)C[C@@H]([C@H]2O)N(C)C)[C@](C[C@H](C(=O)[C@@H]([C@H]([C@]1(C)O)O)C)C)(C)O,10,CHEMBL532
NC1CCN(C1)c1c(F)cc2c(c1Cl)n(cc(c2=O)C(=O)O)C1CC1,96,CHEMBL278255
CC(COc1c(C)cccc1C)N,45,CHEMBL558
OC(=O)C(c1ccc(c(c1)F)c1ccccc1)C,1,CHEMBL563
Cn1cnc2c1c(=O)n(C)c(=O)n2C,64,CHEMBL113
OCCN1CCN(CC1)CCCN1c2ccccc2Sc2c1cc(Cl)cc2,7,CHEMBL567
OC(=N)C[C@@H](C(=N[C@H]([C@@H](CN1C[C@H]2CCCC[C@H]2C[C@H]1C(=NC(C)(C)C)O)O)Cc1ccccc1)O)NC(=O)c1ccc2c(n1)cccc2,2,CHEMBL114
OC(c1ccc(cc1)C(C)(C)C)CCCN1CCC(CC1)C(c1ccccc1)(c1ccccc1)O,2,CHEMBL17157
OC(=N[C@@H]1C(=O)N2[C@@H]1SC([C@@H]2C(=O)O)(C)C)COc1ccccc1,45,CHEMBL615
CC(=NC[C@@H]1OC(=O)N(C1)c1ccc(c(c1)F)N1CCOCC1)O,69,CHEMBL126
CN(CCCNCc1cc(I)cc(c1O)C)C,51.7,CHEMBL279894
CCCNCC(COc1ccccc1C(=O)CCc1ccccc1)O,5,CHEMBL631
C=C[C@H]1CN2CCC1C[C@@H]2[C@H](c1ccnc2c1cc(OC)cc2)O,10,CHEMBL21578
COc1ccc(cc1)C(C1(O)CCCCC1)CN(C)C,73,CHEMBL637
CN(C(CN1c2ccccc2Sc2c1cccc2)C)C,7,CHEMBL643
CN(CC(CN1c2ccccc2CCc2c1cccc2)C)C,5,CHEMBL644
CCN1CCC[C@H]1CN=C(c1c(OC)ccc(c1OC)Br)O,22,CHEMBL22242
COc1ccc2c3c1O[C@@H]1[C@@]43CCN([C@H](C2)[C@]4(O)CCC1=O)C,55,CHEMBL656
Oc1ccc2c(c1)CC[C@@H]1[C@@H]2CC[C@]2([C@H]1CC[C@@H]2O)C,35,CHEMBL135
Oc1nc(=N)ccn1[C@@H]1CS[C@@H](O1)CO,77,CHEMBL141
OCc1cc(ccc1O)C(CNC(C)(C)C)O,90,CHEMBL714
OC(=NCc1ccc(=N)[nH]c1C)Cn1c(C)cc(c(c1=O)N)S(=O)(=O)c1cccs1,60,CHEMBL33839
OC(=NCc1ccc(=N)[nH]c1C)Cn1c(C)cc(c(c1=O)N)S(=O)(=O)NCC1CCC1,77,CHEMBL32661
OC(=NCc1ccc(=N)[nH]c1C)Cn1c(C)cc(c(c1=O)N)S(=O)(=O)NCC1CC1,47,CHEMBL32280
OC[C@H](Cn1ccc(=N)nc1O)OCP(=O)(O)O,94.8,CHEMBL152
CN(c1ccc(cc1)C(=O)N[C@H](C(=O)O)CCC(=O)O)Cc1cnc2c(n1)c(N)[nH]c(=N)n2,50,CHEMBL34259
OC(=NN1CCCCCC1)NS(=O)(=O)c1ccc(cc1)C,6,CHEMBL817
CS(=O)(=O)OCCCCOS(=O)(=O)C,67.6,CHEMBL820
CCOC(=O)[C@@H](N[C@H]1CCc2c(N(C1=O)CC(=O)O)cccc2)CCc1ccccc1,3.3,CHEMBL838
COc1cc(cc(c1O)OC)[C@H]1[C@H]2C(=O)OC[C@@H]2[C@@H](c2c1cc1OCOc1c2)O[C@@H]1O[C@@H]2CO[C@H](O[C@H]2[C@@H]([C@H]1O)O)C,3,CHEMBL44657
CCCN(S(=O)(=O)c1ccc(cc1)C(=O)O)CCC,13,CHEMBL897
Cc1o[nH]c(=NC(=O)C2=C(O)c3ccccc3S(=O)(=O)N2C)c1,3.5,CHEMBL53292
OC(=O)C[C@@H](c1cccc(c1)F)N=C(Cn1c(cnc(c1=O)NCc1ccc2c(n1)NCCC2)C1CC1)O,2.5,CHEMBL53122
CO/N=C(/c1csc(=N)[nH]1)\C(=N[C@@H]1C(=O)N2[C@@H]1SCC(=C2C(=O)O)CSc1nc(=O)c(=O)[nH]n1C)O,5,CHEMBL161
CC1CCCC(N1CCCC(c1ccccn1)(c1ccccc1)O)C,13,CHEMBL432103
COCCOC(=O)N(C1CCCC(C1)C(C(=O)O)NS(=O)(=O)c1ccc(cc1)c1ccc(cc1)OC)C,2.4,CHEMBL58834
COc1ccc(cc1)c1ccc(cc1)S(=O)(=O)N[C@@H]([C@@H]1CCCC2(C1)OCCO2)C(=O)O,0.7,CHEMBL432871
COc1ccc(cc1)c1ccc(cc1)S(=O)(=O)N[C@@H](C(=O)O)C1CCC(CC1)N1CCN=C1O,1,CHEMBL293411
OC(=O)C(c1ccc(cc1)C(=O)CCCN1CCC(CC1)OC(c1ccccc1)c1ccccc1)(C)C,2,CHEMBL67654
OC(=O)COCCN1CCN(CC1)C(c1ccc(cc1)Cl)c1ccccc1,7,CHEMBL1000
OC(=Nc1ccccn1)C1=C(O)c2sccc2S(=O)(=O)N1C,0.85,CHEMBL302795
Clc1ccc(cc1S(=O)(=O)N)C1(O)N=C(c2c1cccc2)O,25,CHEMBL1055
COc1ccc(cc1)C(=O)Nc1ccccc1CCC1CCCCN1C,20,CHEMBL315838
CCNCC(c1cccc(c1)O)O,77,CHEMBL86882
O=C(c1ccc(cc1)Cl)NCCN1CCOCC1,77,CHEMBL86304
OC(C1CC2CC1C=C2)(c1ccccc1)CCN1CCCCC1,9.7,CHEMBL1101
C[n+]1cccc(c1)OC(=O)N(C)C,100,CHEMBL1115
CCN(CCNC(=O)c1ccc(cc1)NS(=O)(=O)C)CC,96,CHEMBL95804
F[C@H]1C[C@H]1n1cc(C(=O)O)c(=O)c2c1c(Cl)c(N1C[C@H](C3(C1)CC3)N)c(c2)F,51,CHEMBL108821
COCCCOc1ccnc(c1C)CS(=O)c1nc2c([nH]1)cccc2,3.7,CHEMBL1219
CN1CCN(CC1)C(=O)OC1c2nccnc2C(=O)N1c1ccc(cn1)Cl,20,CHEMBL135400
C#CC[C@H](n1cccc(c1=O)NC(=O)c1noc(c1)C)C(=N[C@@H](C[C@@H]1CCN=C1O)/C=C/C(=O)OC1CCCC1)O,93,CHEMBL141919
CC[C@H](n1cccc(c1=O)NC(=O)c1noc(c1)C)C(=N[C@@H](C[C@@H]1CCN=C1O)/C=C/C(=O)OC1CCC1)O,67,CHEMBL140398
OC(=O)C[C@H](N1CCN(C1=O)CCCc1ccc2c(n1)NCCC2)c1ccc2c(c1)OCC2,2,CHEMBL142194
OC(=O)CC(c1cncnc1)N=C(CCCCc1ccc2c(n1)NCCC2)O,56,CHEMBL150678
O=N(=O)O[C@@H]1CO[C@H]2[C@@H]1OC[C@@H]2O,100,CHEMBL1311
N#Cc1ccc(cc1)c1ccc2c(c1)cc(o2)CCN1CCC[C@H]1C,3,CHEMBL351231
COc1ccc(cn1)[C@@H](N1CCN(C1=O)CCCc1ccc2c(n1)N[C@H](CC2)C)CC(=O)O,5,CHEMBL273443
CC(NC(C)(C)C)CC(c1ccccc1)c1ccccc1,8,CHEMBL363295
Cc1ccc(cc1NC(=O)c1ccc(cc1)OCc1cscn1)N=C(c1cccc(c1)N1CCOCC1)O,2,CHEMBL183630
CCCC1O[C@H]2[C@](O1)(C(=O)CO)[C@@]1([C@@H](C2)[C@@H]2CCC3=CC(=O)C=C[C@@]3([C@H]2[C@H](C1)O)C)C,11.5,CHEMBL1370
COC(=O)[C@H]1[C@H](C[C@H]2N([C@@H]1CC2)C)OC(=O)c1ccccc1,9,CHEMBL370805
COc1cc2nc[nH]c(=Nc3cccc(c3F)Cl)c2cc1CN([C@@H](C(=N)O)C)C,5,CHEMBL208118
COC[C@@H](Oc1cc(O[C@H](Cc2ccccc2)C)cc(c1)C(=Nc1ccc(cn1)C(=O)O)O)C,0.44,CHEMBL205627
Clc1ccc(cc1Cl)CC1(O)c2ccccc2C2=NCCN12,10,CHEMBL208338
OC1(Cc2ccc3c(c2)cccc3)N2CCN=C2c2c1cccc2,10,CHEMBL207179
N#C[C@@H]1CC[C@@H](N1C(=O)CNC1(CO)CCCC1)C#N,77,CHEMBL379522
Fc1ccc(cc1)CN=C(c1nc(N(C(=O)C(=O)N)C)c2c(c1O)nccc2)O,1.8,CHEMBL210233
CCN1CCN(C(=O)C1=O)c1nc(C(=NCc2ccc(cc2)F)O)c(c2c1cccn2)O,1.2,CHEMBL379658
CNC(=O)C(=O)N(c1nc(C(=NCc2ccc(cc2)F)O)c(c2c1cccn2)O)C,1.7,CHEMBL378029
CC(CCn1c(=O)c(C2=NS(=O)(=O)c3c(N2)ccc(c3)OCC(=N)O)c(c2c1nccc2)O)C,1,CHEMBL211874
Cc1ccc2c(c1)c(c1ccnc3c1cccc3F)c(n2CC(=O)O)C,0.9,CHEMBL213854
COc1ccc2c(c1)c(c1ccnc3c1ccc(c3)Cl)c(n2CC(=O)O)C,0.3,CHEMBL379828
Cc1ccc2c(c1)c(c1ccnc3c1ccc(c3)Cl)c(n2CC(=O)O)C,0.2,CHEMBL212777
Cc1ccc2c(c1)c(c1ccnc3c1cccc3C(F)(F)F)c(n2CC(=O)O)C,0.4,CHEMBL214350
COc1cc(Nc2nccc(n2)N(c2ccc(cc2OC)OC)C(=O)Oc2c(C)cccc2C)cc(c1OCCCN1CCN(CC1)C)OC,1.3,CHEMBL386760
Cc1ccc(cc1c1ccc2c(c1)c[nH]c(=N)n2)C(=Nc1cccc(c1C)C(F)(F)F)O,0.5,CHEMBL215813
CN(C(c1nc(O)c(c(n1)C(=NCc1ccc(cc1)F)O)O)C)C,7.5,CHEMBL216317
CN1CCN(CC1)CCOc1cc(OC2CCOCC2)c2c(c1)ncnc2Nc1c(Cl)ccc2c1OCO2,9,CHEMBL217092
OC[C@H]1CCCN1CCCOc1cc2ncnc(c2cc1OC)N=c1[nH][nH]c(c1)CC(=Nc1cccc(c1F)F)O,15,CHEMBL385049
OC[C@H]1CCCN1CCCOc1cc2ncnc(c2cc1OC)N=c1[nH][nH]c(c1)CC(=Nc1cccc(c1)F)O,5,CHEMBL424899
Clc1ccc2c(c1)nc(n2C1CCN(CC1)CCCn1c(O)nc2c1cccc2)O,8.1,CHEMBL219916
OCC(=O)[C@@]1(O)[C@H](C)C[C@@H]2[C@]1(C)C[C@H](O)[C@]1([C@H]2CCC2=CC(=O)C=C[C@]12C)F,23,CHEMBL384467
OCC(OCn1cnc2c1[nH]c(=N)nc2O)CO,98.5,CHEMBL182
CC(Cn1c2sc(c(c2c(=O)n(c1=O)C)C(=O)N1CC[C@H](C1)O)Oc1cccc2c1cccc2)C,1,CHEMBL219098
CCc1nn(c2c1CCn1c2nnc1c1cccs1)C1CCCC1,2,CHEMBL217899
CN=c1[nH]cnc(n1)c1cccnc1Oc1ccc(c(c1)C(=Nc1cc(ccc1N(CCCN(C)C)C)C(F)(F)F)O)F,7.8,CHEMBL373882
OC1=Nc2ccccc2CC1NC(=O)c1cc2c([nH]1)sc(c2)Cl,99.86,CHEMBL218287
CN(C(=N)NC(=N)N)C,100,CHEMBL1431
CC(=O)O[C@H]1C[C@]2([C@H](/C/1=C(/C(=O)O)\CCC=C(C)C)C[C@H]([C@@H]1[C@]2(C)CC[C@@H]2[C@]1(C)CC[C@H]([C@H]2C)O)O)C,5,CHEMBL374975
N#Cc1c[nH]c(=Nc2nccc(c2)CN2CCN(CC2)C(=O)C)s1,10.6,CHEMBL224036
CN([C@@H]1C(=C(C(=N)O)C(=O)[C@@]2([C@H]1C[C@H]1C(=C2O)C(=O)c2c([C@@]1(C)O)cccc2O)O)O)C,78,CHEMBL1440
FC([C@@]1(C#CC2CC2)OC(=Nc2c1cc(Cl)cc2)O)(F)F,0.24,CHEMBL223228
O=N(=O)c1cn2c(n1)OC[C@H](C2)OCc1ccc(cc1)OC(F)(F)F,50,CHEMBL227875
N#Cc1cc(c2ccncc2)c(nc1O)C,30,CHEMBL189
O=C1O[C@H](CN1c1ccc(c(c1)F)c1ccc(nc1)[C@@H](O)C)Cn1nncc1,33,CHEMBL230106
O=C(c1ccc(cn1)c1ccc(cc1F)N1C[C@@H](OC1=O)Cn1ccnn1)Cn1ccnc1C,25,CHEMBL388012
O[C@H]1CN([C@@H](C1)c1nc(C(=NCc2ccc(cc2)F)O)c(c(=O)n1C)O)C,28,CHEMBL242137
CN1CC(C[C@H]1c1nc(C(=NCc2ccc(cc2)F)O)c(c(=O)n1C)O)(F)F,12,CHEMBL244520
CN1CCN(CC1c1nc(C(=NCc2ccc(cc2)F)O)c(c(=O)n1C)O)C(=O)C,30,CHEMBL394786
Oc1ncc(c(=N)[nH]1)F,96.5,CHEMBL1463
OC(=N)CN1C(=O)C(NC(=O)c2cc3c([nH]2)sc(c3)Cl)Cc2c1cccc2,99.62,CHEMBL395955
OCCN=C(CN1C(=O)C(NC(=O)c2cc3c([nH]2)sc(c3)Cl)Cc2c1cccc2)O,99.03,CHEMBL233035
OC1CCN(CC1)C(=O)CN1C(=O)C(Cc2c1cccc2)NC(=O)c1cc2c([nH]1)sc(c2)Cl,98.17,CHEMBL397192
OCC(N=C(CN1C(=O)C(NC(=O)c2cc3c([nH]2)sc(c3)Cl)Cc2c1cccc2)O)CO,97.37,CHEMBL233238
OCCN1C(=O)C(N=C(c2cc3c([nH]2)c(c(s3)Cl)Cl)O)Cc2c1cccc2,99.97,CHEMBL395733
OCCCN1C(=O)C(NC(=O)c2cc3c([nH]2)sc(c3)Cl)Cc2c1cccc2,99.78,CHEMBL234950
CC(=O)CC(c1c(=O)oc2c(c1O)cccc2)c1ccccc1,1,CHEMBL1464
CCOc1ccc(nn1)n1ncc(c1C)c1ccc2c(n1)ccc(c2)CCN1CCC[C@H]1C,17,CHEMBL237394
C[C@@H]1CCCN1CCc1ccc2c(c1)ccc(n2)c1cnc(nc1C)N1CCCC1,19,CHEMBL237191
CC1(C)[C@H]2CC=C([C@@H]1C2)CN1CCC(CC1)N=c1s[nH]c(n1)c1cc(cc(c1)C(F)(F)F)C(F)(F)F,0.3,CHEMBL250483
CCCN1CCO[C@@H](C1)c1cccc(c1)O,35,CHEMBL250403
CCOC(=Nc1ccc(=NCc2ccc(cc2)F)[nH]c1N)O,15,CHEMBL255044
O[C@@H](C[C@H](CC(=O)O)O)/C=C/c1c(nc(nc1c1ccc(cc1)F)N(S(=O)(=O)C)C)C(C)C,3.8,CHEMBL1496
COC(=O)C1=C(C)NC(=C(C1c1ccccc1N(=O)=O)C(=O)OC)C,5,CHEMBL193
CCOc1ccc(cc1c1nc(=O)c2n([nH]1)c(CCC)nc2C)S(=O)(=O)N1CCN(CC1)CC,5,CHEMBL1520
OC(=NC1CCN(CC1)CC1CCN(CC1)C(=O)C(C)(C)C)Nc1cc(cc(c1)C(F)(F)F)C(F)(F)F,1,CHEMBL252503
Clc1cnn(c1)CCNc1ccnc(c1c1nc2c([nH]1)c(C)cc(c2)N1CCOCC1)O,1.05,CHEMBL401766
N#Cc1ccc(c(c1CC(=NCCONC(=N)N)O)F)NCC(c1cccc(c1)F)(F)F,15,CHEMBL258198
COc1c(cc(cc1NS(=O)(=O)C)C(C)(C)C)N=C(c1ccc(c(c1)N1NNC(=C1)C(=NCC(CN(C)C)(C)C)O)C)O,34,CHEMBL254992
CCCN=C(c1cc(F)ccc1CN=C(c1nc(n(c(=O)c1O)C)C(C)(C)C)O)O,2,CHEMBL430049
Oc1ccccc1C(=Nc1ncc(s1)N(=O)=O)O,5,CHEMBL1545
OC[C@H](Nc1nc(SCc2cccc(c2F)F)nc2c1sc(n2)O)C,0.29,CHEMBL446458
OC[C@H](Nc1nc(SCc2cccc(c2F)F)[nH]c2c1ncc(=O)n2)C,1.2,CHEMBL256668
CC(=O)N1C2CCCC1C=C(C2)CN1[C@@H]2CC[C@H]1C[C@@H](C2)N=c1ccc2c([nH]1)cc(cc2)C(F)(F)F,1.6,CHEMBL256851
CC(=O)N1C2CCCC1C=C(C2)CN1CCC(CC1)N=c1ccc2c([nH]1)cc(cc2)C(F)(F)F,2.7,CHEMBL271847
CN1CCN(CC1)c1ccc(cc1)Nc1ncc(cn1)N=C(c1cc(ccc1C)N=C(c1cccc(c1C)C(F)(F)F)O)O,1.9,CHEMBL271140
Clc1cccc(c1)OCC(=NC1CCN(CC1)Cc1ccn(c1)c1ccc(cc1)C(F)(F)F)O,1.2,CHEMBL472363
CN[C@H]([C@H](c1ccccc1)O)C,100,CHEMBL1590
O=C(N([C@@H]1CC[C@H](CC1)CC1(CC1)C(=N)O)C1CC1)c1ccc(cc1)[C@@](C(F)(F)F)(O)C,12,CHEMBL454620
CCN(C(=O)c1ccc(cc1)C1=CC2(CCNCC2)Oc2c1c(O)ccc2)CC,41.9,CHEMBL494480
N#Cc1ccc(cc1)c1cc(nc(=N)[nH]1)N1CCN(CC1)C,65,CHEMBL494678
N=c1nc(N2CCNCC2)c2c([nH]1)c1ccccc1CCC2,56,CHEMBL509540
CS(=O)(=O)N1CCN(CC1)Cc1cc2c(s1)c(nc(n2)c1cccc2c1cn[nH]2)N1CCOCC1,7,CHEMBL521851
CN1CCN(CC1)c1cc2c(cc1OC(C)C)[nH]cc(c2=Nc1cccc(c1Cl)Cl)C(=N)O,1.4,CHEMBL516758
CN1CCN(CC1)c1cc2c(cc1OC(C)C)[nH]cc(c2=Nc1ccc(cc1F)F)C(=N)O,1.7,CHEMBL481220
CN(CCN1CCn2c3cc(ccc3c(c2c2c(C1)cccc2)C1CCCCC1)C(=O)O)C,3,CHEMBL480816
CN1CCN(CC1)c1cc2c(cc1OC(C)C)[nH]cc(c2=Nc1cccc(c1F)Cl)C(=N)O,4.9,CHEMBL480027
COCCOc1cc2[nH]cc(c(=Nc3ccc(cc3F)F)c2cc1N1CCN(CC1)C)C(=N)O,46,CHEMBL479441
COCCOc1cc2[nH]cc(c(=Nc3cc(C)ccc3F)c2cc1N1CCN(CC1)C)C(=N)O,16,CHEMBL481206
COc1cc2c(cc1OC)[nH]cc(c2=Nc1ccc(cc1F)F)C(=N)O,5.6,CHEMBL479847
CCOc1cc2[nH]cc(c(=Nc3cccc(c3Cl)Cl)c2cc1N1CCN(CC1)C(C)C)C(=N)O,1.5,CHEMBL480031
CCOc1cc2[nH]cc(c(=Nc3cccc(c3Cl)Cl)c2cc1N1CCCN(CC1)C)C(=N)O,1.9,CHEMBL480032
COCCN1CCN(CC1)c1cc2c(cc1OCC)[nH]cc(c2=Nc1cccc(c1Cl)Cl)C(=N)O,1.7,CHEMBL481606
CCOc1cc2[nH]cc(c(=Nc3ccc(cc3F)F)c2cc1N1CCOCC1)C(=N)O,8.4,CHEMBL481557
CCOc1cc2[nH]cc(c(=Nc3cccc(c3F)Cl)c2cc1N1CCN(CC1)C)C(=N)O,7.1,CHEMBL520278
COc1ccc(c(c1)CN(c1ccccc1Oc1ccccc1)C(=O)C[18F])OC,0.7,CHEMBL480193
COc1c(C)cnc(c1C)Cn1cnc2c1nc(=N)[nH]c2Cl,11.4,CHEMBL467399
CN(Cc1ccccc1C(=O)N(C1CCC2(CC1)OCCO2)CCc1ccc(cc1)Cl)C,0.4,CHEMBL468626
CCOC(=O)C(N=C(C1CCn2c1ccc2C(=O)c1ccccc1)O)CC(C)C,55,CHEMBL457140
N[C@@H](C1CCN(CC1)C(=O)c1cnc2n(c1C)nc(c2)C)Cc1cc(F)c(cc1F)F,30,CHEMBL484528
CCN(C(=O)c1ccc(c(c1)O)C1=CC2(CCNCC2)Oc2c1cccc2)CC,36.5,CHEMBL561339
COc1cc(ccc1Cl)N=C(c1ccccn1)O,2.2,CHEMBL562551
CCCCCN(C(=O)[C@H](N=C(c1ccc(c(c1)Cl)Cl)O)CCC(=O)O)CCCOC,2.4,CHEMBL550781
OC(=O)Cc1c2cccnc2n(c1C)S(=O)(=O)c1ccc(c(c1)F)F,10.2,CHEMBL563949
OCC(COc1cc2Cc3c(c2cc1OC)[nH][nH]c3=NCc1c(Cl)cccc1Cl)O,13,CHEMBL574005
OCCn1nc(c(c1CC)Oc1cc(C#N)cc(c1)C#N)CC,49,CHEMBL571987
COc1cnc2c(c1)nccc2NCc1nnc2n1nc(cc2)c1cc(F)cc(c1)F,0.8,CHEMBL568138
Fc1cc(cc(c1)c1ccnc(n1)Nc1ccc(cc1)n1cnc(n1)N1CCOCC1)N1CCOCC1,8,CHEMBL585951
OC(=O)c1cn(Cc2ccc(cc2)n2cccc2)c2c(c1=O)c(F)ccc2,0.5,CHEMBL600419
Cc1ncn(c1)c1ccc(cc1)Cn1cc(C(=O)O)c(=O)c2c1cccc2F,10.2,CHEMBL602900
OC(=Nc1c(C)n[nH]c1C)OCC(c1ccccc1)Oc1cccc2c1cc(s2)C(=N)N,5,CHEMBL601019
CNCc1n(C)nc(c1N=C(OCC(c1ccccc1)Oc1cccc2c1cc(s2)C(=N)N)O)C,5,CHEMBL602082
CN=C(c1nn(c2c1CCc1c2nc(nc1)NC1CCN(CC1)C(=O)C1CCN(CC1)S(=O)(=O)C)C)O,31,CHEMBL597754
Clc1ccc(c(c1)Cl)Cn1cc(c2c1c(cc(c2)F)c1nnc(o1)NS(=O)(=O)c1ccc(c(c1)Cl)Cl)C,2.8,CHEMBL1081724
COC(=O)N1CCN(CC1)C1CCN(CC1)c1cc(C)c2c(c1)nc([nH]2)c1c(NCCn2ncc(c2)Cl)ccnc1O,3.3,CHEMBL1077340
Cc1ccc2c(c1)CCCN2C(=O)SCC(=Nc1ccc(cc1Cl)S(=O)(=O)N)O,1,CHEMBL1078535
Cc1ccc(c(c1)C(=O)N1CC2CN(C(C1)C2)c1ncc2c(n1)cccc2)n1nccn1,6.4,CHEMBL1091110
CCN1CCN(CC1)CC(=Nc1ccc(c2c1c1ccccc1s2)c1cccc2c1oc(cc2=O)N1CCOCC1)O,3.6,CHEMBL1086377
OC(=O)COCCN1CCN(CC1)[C@@H](c1ccc(cc1)Cl)c1ccccc1,10.35,CHEMBL1201191
CCC(N(C(=O)C1CCCCC1)Cc1cc2ccccc2n(c1=O)C)(CCN1CCOCC1)C,42.33333333,CHEMBL1210313
N#Cc1cccc(c1)N=C(N1CCC2(CC1)C(=O)N(C2c1ccccn1)c1cccc(c1)Cl)O,1.3,CHEMBL1210693
Clc1cccc(c1)N1C(=O)C2(C1c1ccccn1)CCN(CC2)C(=Nc1cc(F)cc(c1)F)O,0.3,CHEMBL1210766
COc1c(ccc2c1n(cc(c2=O)C(=O)O)C1CC1)N1C[C@@H](C)C[C@@H](C1)N,84,CHEMBL1213456
Clc1ccc(nc1)N=C([C@H]1CN(C[C@@H]1C(=Nc1ccc(cc1F)n1ccccc1=O)O)C(C)C)O,0.6,CHEMBL1221915
Clc1ccccc1NS(=O)(=O)c1ccc(cc1)N=C(c1nccs1)O,0.1,CHEMBL1223312
Clc1ccccc1N(S(=O)(=O)c1ccc(cc1)N=C(c1nccs1)O)C,0.5,CHEMBL1223315
CN(CCN([C@H]1COc2ccccc2c2n(C1)c1cc(ccc1c2C1CCCCC1)C(=O)O)C)C,3.1,CHEMBL1233524
OC(=NC1CCN(CC1)CCCN1C(=O)COc2c1cccc2)Cc1ccccc1,28,CHEMBL1242923
N#Cc1nc(CCCNC(C(=N)O)(C)C)cc(n1)c1cccc(c1)C(F)(F)F,25,CHEMBL1270269
OCc1c(c2ccccc2)c2c(n1C)ccc(c2)N(=O)=O,0.6,CHEMBL1609104
OC[C@@H](Cn1cnc2c(c1=O)c(Nc1ccc(cc1F)I)c(c(=O)n2C)F)O,3,CHEMBL1615025
CN(CCN(C1COc2ccccc2c2n(C1)c1cc(ccc1c2C1CCCCC1)C(=O)O)C)C,2.7,CHEMBL1651397
O/N=C(\c1[nH]sc(=N)n1)/C(=N[C@@H]1C(=O)N2[C@@H]1SCC(=C2C(=O)O)/C=C/1\CCN(C1=O)[C@@H]1CCN(C1)C(=O)OCc1oc(=O)oc1C)O,84,CHEMBL1652606
O[C@H]1CCC[C@H](C1)N=C(c1noc(c1Cl)c1ccc(cc1)C(F)(F)F)O,1,CHEMBL1669532
Fc1ccc(c(c1)C)[C@H]1C[C@H](CCN1C(=O)N([C@@H](c1cc(cc(c1)C(F)(F)F)C(F)(F)F)C)C)N1CCN(CC1)C(=O)C,0.5,CHEMBL1672054
Fc1ccc(nc1)c1ccc(cc1)C(Cc1ncc([nH]1)CC(C)(C)C)(O)C,0.4,CHEMBL1672352
COc1cc2c(cc1OC)nnc(c2Nc1ccc(cc1F)C)C(=N)O,3.3,CHEMBL1683026
CCOc1cc2nnc(c(c2cc1N1CCN(CC1)C)Nc1cccc(c1F)Cl)C(=N)O,1.9,CHEMBL1683033
COc1cc2nnc(c(c2cc1N1CCN(CC1)C)Nc1cccc(c1F)Cl)C(=N)O,7.8,CHEMBL1683038
Cc1ccc(cc1)C1CCN(CC1)Cc1cc(C(=O)O)c(=O)n2c1cccc2,9,CHEMBL1683358
OC(=O)c1cc(CN2CCC(CC2)c2nc3c([nH]2)cccc3)c2n(c1=O)cccc2,18,CHEMBL1683377
Clc1ccc2c(c1)CCN(C2)Cc1cc(C(=O)O)c(=O)n2c1cccc2,2,CHEMBL1683383
N#Cc1ccccc1N1CCN(CC1)C(=O)COCc1ccccc1,6,CHEMBL1688365
OC[C@H](N1C[C@H](C)[C@@H](CN(Cc2ccc(cc2)Oc2ccccc2)C)Oc2c(C1=O)cccc2NC(=O)c1ccncc1)C,1,CHEMBL1703737
OC(=Nc1ccc(c(c1)Cl)N1C(=O)CC2(C1=O)CCCCC2)c1ccccn1,0.62,CHEMBL1705230
Clc1cc(Cl)c(c(c1)OCCn1cccn1)c1nc(=N)[nH]c2c1CN(C2)C(=NCC(F)(F)C)O,25,CHEMBL1738805
OCC(CNCc1c(onc1C(=N[C@@H]1CCC[C@@H](C1)O)O)c1ccc(cc1)C(F)(F)F)(C)C,36.1,CHEMBL1761702
OCc1ccc(c(c1)N(c1ccnc(n1)Nc1cc(cc(c1)N1CCOCC1)N1CCOCC1)C)C,11,CHEMBL1762530
Cc1cccc(n1)Nc1ccc(cc1)c1ccc(nc1)N1CCNCC1,9.8,CHEMBL1770752
CCN=C(Nc1ccc(cc1)c1nc(N2CCOCC2)c2c(n1)C(C)(C)OC2=O)O,2,CHEMBL1774354
OCCN=C(Nc1ccc(cc1)c1nc(N2CCOC[C@@H]2C)c2c(n1)C(C)(C)OC2)O,28,CHEMBL1774355
CCN=C(Nc1ccc(cc1)c1nc(N2CCOC[C@@H]2C)c2c(n1)[C@](C)(CCN(C)C)OC2)O,41,CHEMBL1774371
CCS(=O)(=O)c1ccc(c(c1)C)c1cc(ccc1OCC(=O)O)C(F)(F)F,4.6,CHEMBL1778639
OC(=O)[C@H]1NC[C@H](C1)Oc1cccc(c1)Cl,7,CHEMBL1778764
OC(=O)[C@H]1NC[C@H](C1)Sc1cccc(c1)Cl,16,CHEMBL1778875
c1ccc(nc1)Nc1scc(n1)c1c[nH]nc1,3.5,CHEMBL1830693
Fc1cccc(c1CSc1nnc(n1c1ccc(cc1)OCc1ccccc1)c1ccco1)Cl,5,CHEMBL1834082
CCN=C(N1N=CC2(C1)CCNCC2)NS(=O)(=O)c1cccc(c1)Cl,34,CHEMBL1834350
Clc1ccc(cc1)c1cnn2c(c1c1ccncc1)nn(c2=O)Cc1ccc(nc1)C(F)(F)F,8,CHEMBL1911374
[18F]CCn1nc(c(c1)c1ccncc1)c1ccc(cc1)OCc1ccc2c(n1)cccc2,0.5,CHEMBL1915747
OCCS(=O)(=O)c1cccc(c1)C#Cc1cc(Cl)ccc1OCC(=O)O,4.7,CHEMBL1917577
OC(=O)COc1ccc(cc1C#Cc1cc(ccc1Cl)S(=O)(=O)C)Cl,0.7,CHEMBL1917580
CCCc1ccc(cc1C#Cc1cc(Cl)ccc1OCC(=O)O)S(=O)(=O)C,0.2,CHEMBL1917581
OC(=O)COc1ccc(cc1C#Cc1cc(ccc1C(C)C)S(=O)(=O)C)Cl,0.3,CHEMBL1917582
CCCS(=O)(=O)c1ccc(c(c1)C#Cc1cc(Cl)ccc1OCC(=O)O)Cl,0.3,CHEMBL1917594
Clc1cccc(c1)CC[N+]12CCC(CC1)[C@H](C2)OC(=O)[C@](c1ccccc1)(N1CCCCC1)C,3.5,CHEMBL1921905
Brc1cccc(c1)CC[N+]12CCC(CC1)[C@H](C2)OC(=O)[C@](c1ccccc1)(N1CCCCC1)C,2.6,CHEMBL1921907
O=C([C@](c1cccs1)(N1CCCCC1)C)O[C@H]1C[N+]2(CCCc3ccncc3)CCC1CC2,17.9,CHEMBL1921918
O=C([C@](c1ccccc1)(N1CCCCC1)C)O[C@H]1C[N+]2(CCCc3cncnc3)CCC1CC2,77.6,CHEMBL1921923
O=C([C@](c1ccccc1)(N1CCCCC1)C)O[C@H]1C[N+]2(CCCc3nc4c(o3)cccc4)CCC1CC2,13.2,CHEMBL1921924
O=C([C@](c1cccs1)(N1CCCCC1)C)O[C@H]1C[N+]2(CCCCc3ccccc3)CCC1CC2,2.1,CHEMBL1921928
O=C([C@](c1ccccc1)(N1CCCCC1)C)O[C@H]1C[N+]2(CCOc3ccccc3)CCC1CC2,4.4,CHEMBL1921929
OC(=N)C[N+]12CCC(CC1)[C@H](C2)OC(=O)[C@](c1ccccc1)(N1CCCCC1)C,36.2,CHEMBL1921940
OC(=Nc1ccccc1)C[N+]12CCC(CC1)[C@H](C2)OC(=O)[C@](c1cccs1)(N1CCCCC1)C,2.5,CHEMBL1921943
Fc1cccc(c1)N=C(C[N+]12CCC(CC1)[C@H](C2)OC(=O)[C@](c1cccs1)(N1CCCCC1)C)O,0.8,CHEMBL1921945
O=C1[C@@H]2[C@@H]3C=C[C@H]([C@@H]2C(=O)N1c1ccc(cc1Cl)N=C(c1ccccn1)O)C3,4.1,CHEMBL1921961
OC(=Nc1ccncn1)C[N+]12CCC(CC1)[C@H](C2)OC(=O)[C@](c1ccccc1)(N1CCCCC1)C,13,CHEMBL1922048
Cc1ccc2c(c1)oc(n2)C[N+]12CCC(CC1)[C@H](C2)OC(=O)[C@](c1ccccc1)(N1CCCCC1)C,7,CHEMBL1922054
O=C([C@](c1cccs1)(N1CCCCC1)C)O[C@H]1C[N+]2(CCC1CC2)Cc1noc(n1)c1ccccc1,2.2,CHEMBL1922058
O=C([C@](c1ccccc1)(N1CCCCC1)C)O[C@H]1C[N+]2(CCCOc3ccccc3)CCC1CC2,5.6,CHEMBL1924040
COc1ccc(cc1)N(C1CCN(CC1)[C@@H](CCN=C(c1c(C)ccnc1C)O)C)Cc1cnccc1C,5,CHEMBL1926890
COc1ccc(cc1)N(C1CCN(CC1)[C@@H](CCN=C(c1c(C)ccnc1Cl)O)C)Cc1cnccc1C,12,CHEMBL1926891
OC(=Nc1nccc(c1)c1cc2c([nH]1)C1(CCNCC1)CN=C2O)c1ccc2c(c1)cccc2,0.3,CHEMBL1933164
O=C(N1CCN(CC1)c1ccc(cc1)OC(F)(F)F)O[C@@H]1COc2n(C1)cc(n2)N(=O)=O,9,CHEMBL1945829
C[C@@H]1CCCN1CCCOc1ccc(cc1)c1cnn(c(=O)c1)c1ccccn1,56,CHEMBL1945843
N#CCCN1CC([C@H](C1=O)Oc1ccc(c(c1)C(F)(F)F)C#N)(C)C,22.6,CHEMBL1946811
CCCNC(=O)c1c(sc2c1CCOC2)NC(=O)C12CC3CC2CC(C1)C3,2,CHEMBL2010898
c1ccc(cc1)c1nc(N=c2[nH][nH]c(c2)C2CC2)c2c(n1)cccc2,1,CHEMBL2017711
c1ccc2c(c1)[nH]c(=NCC1CC1)nc2N=c1[nH][nH]c(c1)C1CC1,1,CHEMBL2017713
OC[C@@H](Cn1c(nn(c1=O)S(=O)(=O)N=C(N1[C@@H](C)[C@@H](C1=O)N=C(/C(=N\OC(C(=O)O)(C)C)/c1csc(=N)[nH]1)O)O)c1[nH]cc(c(=O)c1)O)O,4,CHEMBL2021695
Fc1ccc(c(c1)F)[C@@H]1CN(C[C@H]1C(=O)N1CCC(CC1)c1cc(nn1c1ccc(cc1Cl)Cl)C)C(C)(C)C,10,CHEMBL2022794
Fc1ccc(c(c1)F)[C@@H]1CN(C[C@H]1C(=O)N1CCC(CC1)c1cc(nn1c1cc(Cl)ccc1Cl)C)C(C)(C)C,11,CHEMBL2023202
Fc1ccc(c(c1)F)[C@@H]1CN(C[C@H]1C(=O)N1CCC(CC1)c1nc(nn1c1ccc(c(c1)C)Cl)C)C(C)(C)C,16,CHEMBL2024198
Fc1ccc(c(c1)F)[C@@H]1CN(C[C@H]1C(=O)N1CCC(CC1)c1nc(n(n1)c1ccc(c(c1)C)Cl)C)C(C)(C)C,11,CHEMBL2024200
Clc1ccc(cc1)n1nc(nc1C1CCN(CC1)C(=O)[C@@H]1CN(C[C@H]1c1ccc(cc1F)F)C(C)(C)C)C,25,CHEMBL2024201
Fc1ccc(c(c1)F)[C@@H]1C[C@@H](C[C@H]1C(=O)N1CCC(CC1)c1nc(nn1c1ccc(c(c1)C)Cl)C)N(C)C,22,CHEMBL2031367
Fc1ccc(c(c1)F)[C@@H]1C[C@](C[C@H]1C(=O)N1CCC(CC1)c1nc(nn1c1ccc(c(c1)C)Cl)C)(C)N(C)C,5,CHEMBL2031580
Fc1ccc(c(c1)F)[C@@H]1C[C@](C[C@H]1C(=O)N1CCC(CC1)c1nc(nn1c1cc(Cl)ccc1Cl)C)(C)N(C)C,33,CHEMBL2031582
Fc1ccc(c(c1)F)[C@@H]1C[C@](C[C@H]1C(=O)N1CCC(CC1)c1ncnn1c1ccc(c(c1)Cl)F)(C)N,21,CHEMBL2031587
Fc1ccc(c(c1)F)[C@@H]1C[C@@](C[C@H]1C(=O)N1CCC(CC1)c1cc(nn1c1ccc(c(c1)Cl)F)C)(C)N,6.9,CHEMBL2031593
Fc1ccc(c(c1)F)[C@H]1C[C@](C[C@@H]1C(=O)N1CCC(CC1)c1ccnn1c1ccc(c(c1)Cl)F)(C)N,6.5,CHEMBL2031597
Fc1cc(F)cc(c1)[C@]1(C)CNC2(C(=O)N1CC(=Nc1cnc3c(c1)C[C@@]1(C3)C(=Nc3c1cccn3)O)O)CCCC2,35,CHEMBL2035983
N#Cc1ccc(cc1)c1ccc(o1)C1=NOC(N1c1ccc(cc1)N1CCNCC1)c1ccccc1c1cncnc1,3.5,CHEMBL2036616
Nc1ncc(cc1c1ccc(nc1)C(F)(F)F)c1ccc(cc1)S(=O)(=O)C,13.9,CHEMBL2041980
Nc1ncc(cc1c1cccc(c1)C(F)(F)F)c1ccc(cc1)S(=O)(=O)C,5.9,CHEMBL2041985
Nc1ncc(cc1c1ccc(c2c1cccn2)C)c1ccc(cc1)S(=O)(=O)C,5.6,CHEMBL2041994
CCOC(=Nc1cccc(c1)N=C(c1ccccc1Br)O)O,5,CHEMBL2047286
O=C1CCCCN1c1cccc(c1)N=C(c1ccccc1Br)O,18,CHEMBL2047292
CCc1c(cccc1c1nsc(n1)c1ccc(c(c1)C#N)CC(C)C)CN1CC(C1)C(=O)O,1.28,CHEMBL2057284
CCc1c(CCNCC(=O)O)cccc1c1nsc(n1)c1ccc(c(c1)C(F)(F)F)OC(C)C,0.13,CHEMBL2059683
O=C(c1ccc(cc1)OCc1ccccn1)Nc1cc(ccc1C)c1ncc([nH]1)C(F)(F)F,1.2,CHEMBL2059863
Cn1cnc(c1)c1ccc(c(c1)NC(=O)c1ccc(cc1)OCc1ccccn1)C,9.5,CHEMBL2059866
O=C(c1ccc(cc1)OCc1ccccn1)Nc1cc(ccc1C)c1c(C)nn(c1C)C,1.8,CHEMBL2059870
O=C(c1ccc(cc1)OCc1ccccn1)Nc1cc(ccc1C)c1nccs1,1,CHEMBL2059873
N#Cc1cnn2c1nc(cc2NC1CC1)n1ccc2c1cc(cc2)N=C(O)C,1,CHEMBL2062563
N#Cc1cnn2c1nc(cc2NC1CC1)n1ccc2c1cc(cc2)N(C(=O)C)C,2.5,CHEMBL2062577
OC[C@H]1O[C@H](Oc2ccc(cc2Cl)n2ccc3c2cccc3)[C@H]([C@H]([C@@H]1O)O)O,2,CHEMBL2064304
OC[C@H]1O[C@H](Oc2ccc(cc2F)n2ccc3c2cccc3)[C@H]([C@H]([C@@H]1O)O)O,2,CHEMBL2064309
OC[C@H]1O[C@H](Oc2ccc(cc2F)n2ccc3c2ccc(c3)N(=O)=O)[C@H]([C@H]([C@@H]1O)O)O,5,CHEMBL2064310
OC[C@H]1O[C@H](Oc2ccc(cc2Cl)n2ccc3c2ccc(c3)C(=O)OC)[C@H]([C@H]([C@@H]1O)O)O,1,CHEMBL2064313
OC[C@H]1O[C@H](Oc2ccc(cc2)N2CCc3c2ccc(c3)N(=O)=O)[C@H]([C@H]([C@@H]1O)O)O,5,CHEMBL2064319
OC[C@H]1O[C@H](Oc2ccc(cc2)N2CCc3c2cccc3)[C@H]([C@H]([C@@H]1O)O)O,3,CHEMBL2064320
OC[C@H]1O[C@H](Oc2ccc(cc2Cl)c2c[nH]c3c(c2)ccn3)[C@H]([C@H]([C@@H]1O)O)O,10,CHEMBL2064324
N=c1[nH]n2c(n1)ccc(c2)c1cncc(c1)S(=O)(=O)Nc1cccc2c1cccc2,1,CHEMBL2064507
N[C@H](Cc1cc(F)c(cc1F)F)CC(=O)N1CCN(CC1)C(=O)c1ccccn1,49.7,CHEMBL2069850
Cc1nc(N)c2c(n1)n(nn2)C[C@@H]1OCCN(C1)Cc1nccs1,46,CHEMBL2070735
N#CC1(CC1)N=C([C@@H]1CCCC[C@H]1C(=O)N1CCN(CC1)c1nc2c(s1)ccnc2)O,35,CHEMBL2070951
N#CC1(CC1)N=C([C@@H]1CCCC[C@H]1C(=O)N1CCN(CC1)c1nc2c(s1)COCC2)O,49,CHEMBL2071097
N#Cc1cnccc1COc1cnc(nc1)N1CCN(C[C@H]1C)c1noc(n1)C(F)(F)F,0.7,CHEMBL2086693
Fc1ccc(c(c1)[C@H]1OC[C@@H](C[C@@H]1N)N1Cc2c(C1)cn(n2)S(=O)(=O)C)F,68,CHEMBL2105762
OC[C@@H](N1C[C@H](C)[C@@H](CN(Cc2ccc(cc2)Oc2ccccc2)C)Oc2c(C1=O)cccc2NC(=O)c1ccncc1)C,1,CHEMBL2133878
OC(=Nc1ncc(s1)c1cc(nn1c1c(Cl)cccc1Cl)C(F)F)C(C)C,2.9,CHEMBL2141887
CN1CCN(C(=O)C1)c1ccc(cn1)C1ON=C(C1)c1ccc(o1)N(=O)=O,51.1,CHEMBL2147098
CN1CCN(C(=O)C1)c1ccc(cc1F)C1ON=C(C1)c1ccc(o1)N(=O)=O,39.1,CHEMBL2147099
O=C1COCCN1c1ccc(cn1)C1ON=C(C1)c1ccc(o1)N(=O)=O,39.8,CHEMBL2147101
OC(=N[C@@H](c1ccc(cn1)OCC(F)(F)F)C)Cc1ccc(cc1)c1nccnc1C,3.2,CHEMBL2151147
C1CCN(CC1)[C@H]([C@H](c1ccccc1)N1CCCCC1)c1ccccc1,9.9,CHEMBL2152522
OC[C@H]1N(CCCCCCOc2cccc(c2)F)C[C@@H]([C@H]([C@@H]1O)O)O,22,CHEMBL2163419
OC[C@H]1N(CCCCCCOc2cccc(c2)C(F)(F)F)C[C@@H]([C@H]([C@@H]1O)O)O,7,CHEMBL2163425
OC[C@H]1N(CCCCCCC(CC)(CC)O)C[C@@H]([C@H]([C@@H]1O)O)O,67,CHEMBL2163427
CON=C(N(C1CCN(CC1)[C@@H](CCN=C(c1c(C)cc(n(=O)c1Cl)Cl)O)C)Cc1cscc1)O,31,CHEMBL2164209
COCC(=O)N(C1CCN(CC1)[C@@H](CCN=C(c1c(C)cc(nc1C)Cl)O)C)Cc1ccsc1,63,CHEMBL2164219
OCCNS(=O)(=O)c1ccc(cc1)c1ccnc2c1cc([nH]2)C1CC1,50.2,CHEMBL2164422
ON=C([C@](S(=O)(=O)C)(CCn1ncc(c1)c1ccccc1)C)O,4.8,CHEMBL2164513
Cc1cc([C@H](Nc2ccccc2C(=O)O)C)c2n(c1)c(=O)cc(n2)N1CCOCC1,8,CHEMBL2165191
OC[C@H]1N(CCCCCCOCc2ccccc2)C[C@@H]([C@H]([C@@H]1O)O)O,48,CHEMBL2165927
OC[C@H]1N(CCCCCCOC2CCCCCC2)C[C@@H]([C@H]([C@@H]1O)O)O,29,CHEMBL2165944
N#CCN=C([C@@H]1CCCC[C@H]1C(=O)N1CCN(CC1)c1ccc(cc1)F)O,39,CHEMBL2171984
N#CC1(CC1)N=C([C@@H]1CCCC[C@H]1C(=O)N1CCN(CC1)c1ccc(cc1)OC)O,46,CHEMBL2171992
N#CC1(CC1)N=C([C@@H]1CCCC[C@H]1C(=O)N1CCN(C[C@H]1C)c1ccc(c(c1)OC)C1CC1)O,8.1,CHEMBL2172003
Clc1cccc(c1)c1nn(cc1N=C(c1cnn2c1[nH]c(=N)cc2)O)C,1.1,CHEMBL2178254
O=C(N1CCC(CC1)n1c(O)nc2c1cccn2)O[C@@H]1CC[C@H]([C@@H](c2c1nccc2)N)c1cccc(c1F)F,6.9,CHEMBL2178422
Fc1ccc(c(c1)C(=O)N1CCC(CC1)N(S(=O)(=O)c1cccc(c1)C(F)(F)F)C1CC1)S(=O)(=O)C,1.4,CHEMBL2180905
CCN=C(Nc1ccc(cc1)c1nc2CN(CCc2c(n1)N1CCOC[C@@H]1C)c1ncccn1)O,2,CHEMBL2181522
CCN=C(Nc1ccc(cc1)c1nc2CCN(Cc2c(n1)N1CCOC[C@@H]1C)c1ncccn1)O,2,CHEMBL2181651
CCN=C(Nc1ccc(cc1)c1nc2CCN(Cc2c(n1)N1CCOC[C@@H]1C)c1nccnc1)O,3,CHEMBL2181653
N#CC1(CCN(CC1)Cc1cc(C(=O)NC2CCCCC2)c(=O)n2c1cccc2)c1ccccn1,6.6,CHEMBL2204291
OC(=O)Cn1c(C)c(c2c1cccc2)Cc1ccc(=O)n(n1)Cc1ccc(cc1F)F,2,CHEMBL2204476
OC(=O)Cn1c(C)c(c2c1ccc(c2)F)CC1=NN(C(=O)CC1)Cc1ccccc1,2,CHEMBL2205147
O1CCN(CC1)C[C@@H]1C[C@@H](C1)c1ccc(cc1)CN1CCCC1,78,CHEMBL2206288
COc1ccc(cc1C1CCN(CC1)c1ccn2c(c1Cl)nnc2CC1CC1)F,1,CHEMBL2206441
COc1c(F)cccc1C1CCN(CC1)c1ccn2c(c1Cl)nnc2CC1CC1,1,CHEMBL2206443
COc1ccc(c(c1C1CCN(CC1)c1ccn2c(c1Cl)nnc2CC1CC1)F)F,1,CHEMBL2206446
Clc1ccc(c(c1)NS(=O)(=O)c1ccc(c(c1)Cl)Cl)Cn1ccnn1,0.25,CHEMBL2207081
O[C@@H](CN1CCC(CC1)Oc1ccc(cc1C)Cl)CN=C(c1c[nH]nc1C(F)(F)F)O,4,CHEMBL2207659
O[C@@H](CN1CCC(CC1)Oc1ccc(c(c1)Cl)Cl)CN=C(c1c[nH]nc1C1CC1)O,4,CHEMBL2207661
CCOC(=O)C1(CCC=CC1N(C)C)c1ccccc1,21,CHEMBL2220384
CCCS(=O)(=O)N1CCN(CC1)C1(CN=C(c2c(F)cccc2F)O)CCC(CC1)(F)F,13,CHEMBL2324491
OCC[C@@H](c1ccc(cc1)Cl)N=C(C1(N)CCN(CC1)c1ncnc2c1cc[nH]2)O,22.3,CHEMBL2325741
O=C(N1CCC(CC1)n1c(=O)n(c2c1c1nc(ccc1nc2)c1cccc2c1cn[nH]2)C)[C@@H](O)C,10.1,CHEMBL2331669
OC[C@H](c1cnc(cn1)N=C([C@@H](c1ccc(c(c1)Cl)S(=O)(=O)C)CC1CCCC1)O)O,10,CHEMBL2338347
OC(=O)C[C@@H]1O[C@@H](c2cccc(c2)Cl)[C@H](N(C1=O)CC1CC1)c1ccc(cc1)Cl,4.2,CHEMBL2347389
CN=C([C@H](N1CCn2c([C@@H]1CCc1ccc(cc1)C(F)(F)F)c(Cl)nc2CC)c1ccccc1)O,1,CHEMBL2347482
Clc1ccc2c(c1)n(C)nc2c1cnc2c(n1)c(c[nH]2)C(=NC(C)(C)C)O,0.3,CHEMBL2348853
COCCOc1ccc(cc1)[C@H]1C[C@H](n2c(N1)c(cn2)C(=NCc1ccc(cn1)F)O)C(F)(F)F,12.2,CHEMBL2386382
Fc1ccc(cc1)CN=C(c1cnn2c1N[C@H](C[C@H]2C(F)(F)F)c1ccc(o1)C)O,1,CHEMBL2386543
Fc1ccc(nc1)NC(=O)c1cc(Oc2cncnc2)cc(n1)C,8.6,CHEMBL2386850
N#Cc1cc(F)c(c(c1)Cl)C(=Nc1ccnc(c1)N=C([C@H]1C[C@H]1F)O)O,13.4,CHEMBL2387223
CN1CCC(CC1)N1CCN(CC1)C(=O)[C@H](N=C(N1CCC(CC1)c1cc2ccccc2nc1O)O)Cc1cc(C)c2c(c1)c[nH]n2,37,CHEMBL2397415
CCOC(=O)c1cnc(c(c1)Cl)N1CC(C1)N=C(NS(=O)(=O)c1ccccc1)O,1.5,CHEMBL2402256
CCOC(=O)c1cc(C#N)c(nc1C)N1CC(C1)N=C(NS(=O)(=O)Cc1ccccc1)O,1.5,CHEMBL2402259
CN=C(CN1CCC(CC1)Oc1cc2c(ncnc2cc1OC)Nc1cccc(c1F)Cl)O,6.7,CHEMBL2408045
FC(c1ccc(o1)COc1cnc(nc1)N1CCN(CC1)S(=O)(=O)C[C@@]1(C)N=C(N=C1O)O)(F)F,6,CHEMBL2409676
OC(=NCc1cc(=O)c(cn1O)O)NC[C@@H]1[C@H](N=C(/C(=N\OC(C(=O)O)(C)C)/c2csc(=N)[nH]2)O)C(=O)N1S(=O)(=O)O,100,CHEMBL2407118
Fc1cc(F)cc(c1)S(=O)(=O)c1ccc(cc1)CNC(=O)c1cc2c([nH]1)ccnc2,2.8,CHEMBL2420620
Fc1cc(F)cc(c1)S(=O)(=O)c1ccc(cc1)CN=C(c1cnc2n(c1)ccn2)O,12.2,CHEMBL2420632
OC(=N)C[C@@H]1N=C(c2ccc(=N)[nH]c2)c2c(c3c1onc3C)sc(c2C)C,0.6,CHEMBL2431082
Clc1cccc(c1)[C@@H]1CN(C(=O)N1C1CCN(CC1)Cc1cnc(nc1C)Nc1ccc(cc1)C(=O)O)C1CCOCC1,11,CHEMBL2435845
O=C1N(C[C@H](N1C1CCN(CC1)Cc1ccc(nc1C)Oc1ccc(cc1)C(=O)O)c1ccccc1)C1CCOCC1,6.7,CHEMBL2435852
Nc1cccc(c1)c1cc(=O)oc2c1c(C)c(c(c2)C)c1ccc(cc1)CN1CCOCC1,1.3,CHEMBL2443146
O=C(C1(CCCCCC1)C1=CC=CC1)O[C@H]1C[N+]2(CCCc3nc4c(o3)cccc4)CCC1CC2,4,CHEMBL3087235
Cc1o[n-]c(=[NH+]C(=O)C[N+]23CCC(CC2)[C@H](C3)OC(=O)C2(CCCCCC2)C2=CC=CC2)c1,3,CHEMBL3087241
OC(=Nc1ncco1)C[N+]12CCC(CC1)[C@H](C2)OC(=O)C1(CCCCCC1)C1=CC=CC1,15,CHEMBL3087245
OC(=Nc1ccccn1)C[N+]12CCC(CC1)[C@H](C2)OC(=O)C1(CCCCCC1)C1=CC=CC1,4,CHEMBL3087362
OC(=Nc1cccnc1)C[N+]12CCC(CC1)[C@H](C2)OC(=O)C1(CCCCCC1)C1=CC=CC1,4,CHEMBL3087364
OC(=Nc1ncccc1F)C[N+]12CCC(CC1)[C@H](C2)OC(=O)C1(CCCCCC1)C1=CC=CC1,6,CHEMBL3087370
O=C(C1(CCCCCC1)C1=CC=CC1)O[C@H]1C[N+]2(CCC1CC2)Cc1onc(n1)c1ccccc1,1,CHEMBL3087953
O=C(C1(CCCCCC1)C1=CC=CC1)O[C@H]1C[N+]2(CCC1CC2)Cc1onc(c1)c1ccccc1,1,CHEMBL3087954
O=C(C1(CCCCCC1)C1=CC=CC1)O[C@H]1C[N+]2(CCC1CC2)Cc1noc(c1)c1ccccc1,0.5,CHEMBL3087957
O=C(C1(CCCCCC1)c1ccccc1)O[C@H]1CN2CCC1CC2,5,CHEMBL3087961
Cc1ccc(s1)CC[N+]12CCC(CC1)[C@H](C2)OC(=O)C1(CCCCCC1)C1=CC=CC1,1,CHEMBL3088081
O=C(C1(CCCCCC1)C1=CC=CC1)O[C@H]1C[N+]2(CCOCc3ccccc3)CCC1CC2,3,CHEMBL3088085
OC(=Nc1cccnc1Oc1ccccc1C1CCN(CC1)CC(C)(C)C)Nc1ccc(cc1)OC(F)(F)F,0.1,CHEMBL3092631
Fc1ccc(cc1)O[C@H]1CCN(C1)c1ccc(cc1C(=O)O)C(F)(F)F,2.1,CHEMBL3093302
OC(=Nc1ccccc1N1CC2(c3c1cccc3)CCN(CC2)CC(C)(C)C)Nc1ccc(cc1)OC(F)(F)F,0.1,CHEMBL3104636
Cc1c(Cn2cc(c3c2cccn3)C(=NCCF)O)ncnc1OC,9.8,CHEMBL3109799
CCN=C(Nc1sc2c(n1)cc(c(=O)n2C(C(=O)O)C)c1cccnc1)O,22,CHEMBL3114195
CCN=C(Nc1nc2c(s1)n(C(C)C)c(=O)c(c2)c1cncnc1)O,15,CHEMBL3114197
CCN=C(Nc1sc2c(n1)cc(c(=O)n2C(C)C)c1ccn(c(=O)c1)CC)O,42,CHEMBL3114205
CCN=C(Nc1nc2c(s1)n(CC(C)C)c(=O)c(c2)c1cccnc1)O,7,CHEMBL3114219
C=CCN=C(Nc1nc2c(s1)n(CCC(C)C)c(=O)c(c2)c1cccnc1)O,3,CHEMBL3114220
CCN=C(Nc1nc2c(s1)n(CC1CCOCC1)c(=O)c(c2)c1cccnc1)O,14,CHEMBL3114223
COc1cc(cc(c1O)N(=O)=O)C(P(=O)(CC[C@@H](C(=O)O)N)O)O,73,CHEMBL3114672
Clc1ccc(cc1)C(=O)NC[C@]1(CC2CC2)[C@H]2[C@@H]1CN(C2)S(=O)(=O)c1ncn(c1)C,3,CHEMBL3114791
Clc1ccc(c(c1)Cl)C(=NC[C@]1(c2ccccn2)[C@H]2[C@@H]1CN(C2)S(=O)(=O)c1ncn(c1)C)O,14,CHEMBL3114967
O=C(C1CC21CCN(CC2)C1CCOCC1)N1CCN(CC1)C1CCC1,91,CHEMBL3127700
O=C(C1CC21CCN(CC2)C1CCOCC1)N1CCN(CC1)C1CCCC1,50,CHEMBL3127701
COCCN=c1[nH]c2c(n1c1cc[nH]c(=N)n1)cc(cc2)C#CC1(O)CCCCC1,4,CHEMBL3128042
OC(=O)Cc1ccc(c(c1)Cl)c1ccc(cc1Cl)c1nc(C(=N)O)c(nc1C)C,0.3,CHEMBL3133091
Clc1cc(ccc1c1ccc(cc1)N1CCOc2c(C1=O)c(N)ncn2)Cn1cccnc1=O,22.5,CHEMBL3222240
O[C@H]1CCN(C1=O)Cc1ccc(c(c1)Cl)c1ccc(cc1)N1CCOc2c(C1=O)c(N)ncn2,12.3,CHEMBL3222241
NCCC(=O)N(Cc1ccc(c(c1)Cl)c1ccc(cc1)N1CCOc2c(C1=O)c(N)ncn2)C,48,CHEMBL3222243
Fc1cc(ccc1c1ccccc1Cl)N1CCOc2c(C1=O)c(N)ncn2,5.6,CHEMBL3222257
Fc1ccccc1c1ccc(cc1)N1CCOc2c(C1=O)c(N)ncn2,8,CHEMBL3222262
N#Cc1ccc(cc1)CCN=C([C@@H]1CCN1c1nc(nc(c1)c1ccc(cc1)[C@@H]1CC[C@H](CC1)C(=O)O)C(F)(F)F)O,0.1,CHEMBL3234871
CCN=C(Nc1ncc(c(c1)c1scc(n1)C(F)(F)F)c1cncc(c1)C(=O)O)O,8.2,CHEMBL3235085
CN[C@H](C(=N[C@H]1CCC[C@@H]2N(C1=O)[C@@H]1CN(CC[C@@H]1C2)CCc1ccccc1)O)C,51,CHEMBL3233043
CN[C@H](C(=N[C@H]1CCC[C@@H]2N(C1=O)[C@@H]1CN(CC[C@@H]1C2)CCc1ccc(cc1)F)O)C,48,CHEMBL3236073
CN[C@H](C(=N[C@H]1CCC[C@@H]2N(C1=O)[C@@H]1CN(CC[C@@H]1C2)CCc1cccc(c1)C)O)C,47,CHEMBL3236079
N#C[C@@H]1CCCN1C(=O)[C@@H]1CCCN1C(=O)CCCc1ccc(cc1)[123I],93.7,CHEMBL3236274
CN[C@H](C(=N[C@H]1CCC[C@@H]2N(C1=O)[C@@H]1CN(CC[C@@H]1C2)CC(c1ccccc1)C)O)C,18,CHEMBL3236368
CN[C@H](C(=N[C@H]1CCC[C@@H]2N(C1=O)[C@@H]1CN(CC[C@@H]1C2)S(=O)(=O)c1ccccc1)O)C,20,CHEMBL3236389
N[C@H]1CCCC[C@H]1N=c1[nH]nc(c(c1)Nc1cccc(n1)C)C(=O)N,9.6,CHEMBL3233058
Cc1ccc(c(c1)C(=O)N1CCN(CC[C@H]1C)c1ncc2c(n1)scc2C)n1nccn1,0.6,CHEMBL3260828
CC(CN(S(=O)(=O)Cc1ccccc1)Cc1ccc(cc1)c1ccc(cc1)S(=O)(=O)C)C,1,CHEMBL3263710
CN=c1[nH]c(nc2c1CCNCC2)C(c1ccccc1)(F)F,38,CHEMBL3286557
C[C@@H]1N[C@H](C)CN(C1)Cc1ccc(cc1)c1cccc(c1)Oc1ncc(cc1C(=O)N[C@@H]1CC[C@@H](CC1)N=C(c1cc2n(n1)cccc2)O)F,4.5,CHEMBL3288010
C[C@@H]1CN(C[C@@H](N1)C)Cc1cccc(c1O)c1cccc(c1)Oc1ncc(cc1C(=O)N[C@@H]1CC[C@@H](CC1)NC(=O)c1nn(c(c1)C)C)F,9.1,CHEMBL3288026
C[C@@H]1CN(CCCc2ccc(cc2)c2cccc(c2)Oc2ncc(cc2C(=O)N[C@@H]2CC[C@@H](CC2)NC(=O)c2nn(c(c2)C)C)F)C[C@@H](N1)C,4.5,CHEMBL3288027
Fc1cccc(c1)COc1ccc2c(n1)CCN=C2O,4.7,CHEMBL3298273
CC[C@H](c1ccc(c(c1)Cl)OC)N=C(N1CCc2c(C1)nc(nc2)N[C@H](CO)C)O,8.1,CHEMBL3298312
OC(=N[C@@H](c1ccc(c(c1)Cl)Cl)C)N1CCc2c(C1)nc(nc2)N=c1cc[nH]c(c1)C,0.6,CHEMBL3298418
Fc1ccc(nc1)N1CCc2c(C1=O)ccc(n2)OCc1cccc(c1)F,1,CHEMBL3298453
OC(=N[C@@H](c1ccc(c(c1)F)Cl)C)N1CCc2c(C1)nc(nc2)NC1CCOCC1,9.5,CHEMBL3298984
Fc1ccc(cc1)C1CCn2c(C1=O)cc(n2)COc1ccccc1,0.8,CHEMBL3309851
OCCCNc1ccc2c(c1)nc(n1c2ncn1)c1ccc2c(c1)OCO2,8,CHEMBL3309997
Cl[C@H]1CN(CC[C@H]1N=C(c1[nH]c(c(c1Cl)Cl)C)O)c1ncc(s1)C(=O)O,0.8,CHEMBL3314537
OC(=N[C@@H]1CCN(CC21OCCCO2)c1ncc(s1)C(=O)O)c1[nH]c(c(c1Cl)Cl)C,3,CHEMBL3314543
COCc1nc(sc1C(=O)O)N1CC[C@H]([C@H](C1)OC)N=C(c1[nH]c(c(c1Cl)Cl)C)O,3.4,CHEMBL3314557
CO[C@H]1CN(CC[C@H]1N=C(c1[nH]c(c(c1Cl)Cl)C)O)c1sc(c(n1)C(=O)O)C(=N)O,0.5,CHEMBL3314561
COCC(N=C(c1nc(sc1C(=O)O)N1CC[C@H]([C@H](C1)OC)N=C(c1[nH]c(c(c1Cl)Cl)C)O)O)(COC)COC,4.7,CHEMBL3314568
CO[C@H]1CN(CC[C@H]1N=C(c1[nH]c(c(c1Cl)Cl)C)O)c1nc(c(s1)C(=O)O)c1nc(OC)cc(n1)OC,3.6,CHEMBL3314579
CO[C@H]1CN(CC[C@H]1N=C(c1[nH]c(c(c1Cl)Cl)C)O)c1sc(c(n1)c1ncn(c1)C)C(=O)O,1.9,CHEMBL3314583
CO[C@H]1CN(CC[C@H]1N=C(c1[nH]c(c(c1Cl)Cl)C)O)c1sc(c(n1)c1ncc[nH]1)C(=O)O,1,CHEMBL3314585
N#Cc1ccccc1SC1=C(O)CC(CC1=O)c1ccccc1,0.1,CHEMBL3318423
OC1=C(Sc2ccccc2Cl)C(=O)CC(C1)c1c(Cl)cccc1Cl,0.5,CHEMBL3318469
CN(CCN=C(c1cc(C(Nc2cccc(c2F)Cl)C)c2n(c1)c(=O)cc(n2)N1CCOCC1)O)C,3.3,CHEMBL3319485
Fc1cc(cc(c1)F)N[C@@H](c1cc(cn2c1nc(cc2=O)N1CCOCC1)C(=O)N(C)C)C,12,CHEMBL3319490
CN1CCN(CC1)c1ccc2c(c1)[nH]c(n2)Nc1ccc(cn1)Br,11.5,CHEMBL3321871
CC(C(=O)N1CCC(CC1)N=C(Nc1ccc(cc1)C(F)(F)F)O)C,15,CHEMBL3327064
OCCON=C(c1ccn2c(c1Nc1ccc(cc1F)I)cnc2)O,1.5,CHEMBL3330652
OC(=O)[C@@H]1CC[C@H](CC1)OC1CCN(CC1)c1ccc(cn1)c1nc2c([nH]1)cc(cc2)C(F)(F)F,7.8,CHEMBL3342775
COc1ccc(cc1C)[C@@]12N(CCN1C(=O)c1c2cccc1)C(=O)c1cc(F)c(c(c1)F)F,1.3,CHEMBL3353291
C=CC(=Nc1cc(Nc2ncc(c(n2)c2cnn3c2cccc3)Cl)c(cc1N1CC[C@H](C1)N(C)C)OC)O,2.7,CHEMBL3353403
COC1COC2(OC1)CN(CC[C@H]2N=C(c1[nH]c(c(c1Cl)Cl)C)O)c1ncc(s1)C(=O)O,5.3,CHEMBL3353959
COc1cnc2c(c1)n(C[C@H]([C@@H]1CC[C@H](CC1)NCc1ccc3c(n1)N=C(CO3)O)N)c(=O)cc2,70,CHEMBL3355578
CC1OC(C)C2N(C1)c1c(CC32C(=NC(=O)N=C3O)O)cc2c(c1F)onc2C,6.3,CHEMBL3357561
C[C@H]1O[C@@H](C)[C@H]2N(C1)c1c(CC32C(=NC(=O)N=C3O)O)cc2c(c1F)onc2C(F)(F)F,1,CHEMBL3357985
OC1=C(Sc2ccccc2Cl)C(=NC(C1)c1ccccc1)O,0.3,CHEMBL3358863
O=C(c1ccc2c(c1)[nH]c(n2)C)N1CCC2(CC1)CC(=O)c1c(C2)cnn1C(C)C,1.3,CHEMBL3359265
COc1ccc(cc1)NC(=O)[C@H](N=c1nc(O)c2c([nH]1)n(nc2)C1CCCC1)C,5.7,CHEMBL3360415
Cc1ccc(c(n1)CNCC12CC3CC(C2)CC(C1)C3)O,87.8,CHEMBL3393867
Fc1ccc(cc1)N1CCc2n(C1=O)cc(n2)COc1ccccc1,9.7,CHEMBL3401195
CN=C([C@]12C[C@@H]2[C@H]([C@@H]([C@@H]1O)O)n1cnc2c1nc(C#Cc1ccco1)nc2NC)O,24.2,CHEMBL3407778
Fc1cc(cc(c1)Cl)N[C@@H](c1cc(cc2c1oc(cc2=O)N1CCOCC1)C(=O)N(C)C)C,6,CHEMBL3408252
Fc1cc(N[C@@H](c2cc(cc3c2oc(cc3=O)N2CCOCC2)C(=O)N(C)C)C)c(c(c1)F)F,27,CHEMBL3408257
C[C@@H]1OCCN(C1)c1cc(=O)c2c(o1)c(cc(c2)C(=O)N(C)C)[C@H](Nc1cc(F)cc(c1)F)C,14,CHEMBL3408270
OCCN(C(=O)c1cc([C@H](N(c2cc(F)cc(c2)F)C)C)c2c(c1)c(=O)cc(o2)N1CCOCC1)C,17,CHEMBL3408277
OC(=N)c1ccccc1OCCCN1CCN(CC1)c1cccc2c1ccn2S(=O)(=O)c1ccccc1,1,CHEMBL3409256
Oc1cc(O)nc(c1)C1=NN(C(=O)CN1)S(=O)(=O)N=C(N1[C@@H](C)[C@@H](C1=O)N=C(/C(=N\OC(C(=O)O)(C)C)/c1csc(=N)[nH]1)O)O,16,CHEMBL3410960
C[C@H]1[C@H](N=C(/C(=N\OC(C(=O)O)(C)C)/c2csc(=N)[nH]2)O)C(=O)N1C(=NS(=O)(=O)N1C[C@H](CC1=O)NCc1[nH]cc(c(=O)c1)O)O,40,CHEMBL3410966
C[C@H]1[C@H](N=C(/C(=N\OC(C(=O)O)(C)C)/c2csc(=N)[nH]2)O)C(=O)N1C(=NS(=O)(=O)N1C[C@H](CC1=O)N=C(c1cc(=O)c(cn1O)O)O)O,8,CHEMBL3410974
OC(=O)C[C@@H](C(=N[C@H]1CC(=O)N(C1)S(=O)(=O)N=C(N1[C@@H](C)[C@@H](C1=O)N=C(/C(=N\OC(C(=O)O)(C)C)/c1csc(=N)[nH]1)O)O)O)N=C(c1cc(=O)c(cn1O)O)O,43,CHEMBL3410977
OC(=NCc1cc(=O)c(cn1O)O)N([C@H]1CC(=O)N(C1)S(=O)(=O)N=C(N1[C@@H](C)[C@@H](C1=O)N=C(/C(=N\OC(C(=O)O)(C)C)/c1csc(=N)[nH]1)O)O)C,27,CHEMBL3410978
OC(=NCc1cc(=O)c(cn1O)O)N[C@H]1CC(=O)N(C1)S(=O)(=O)N=C(N1C(=O)[C@H](C1(C)C)N=C(/C(=N\OC(C(=O)O)(C)C)/c1csc(=N)[nH]1)O)O,23,CHEMBL3410981
OC1=NN=C([C@H]2[C@@H]1C2)c1ccc(cc1)OCCCN1CCC[C@H]1C,39,CHEMBL3417586
O=S1CCC(CC1)[C@H](n1ncc(c1)NC(=O)c1n[nH]c2c1CCC(C2)(C)C)c1ccccc1,6,CHEMBL3426305
O=C(c1n[nH]c2c1C[C@@H]1C[C@@]1(C2)C)Nc1cnn(c1)[C@H](c1ccccc1)C1CCS(=O)(=O)CC1,3,CHEMBL3426308
OC(=O)/C=C/c1ccc(cc1)Oc1c(c(=O)oc2c1ccc(c2)O)c1ccc(cc1C)F,0.25,CHEMBL3427401
FC(Oc1ccc(cc1)CN(C1CCN(CC1)C1=C(C(=O)C1=O)NS(=O)(=O)c1c(C)noc1C)C)F,6.2,CHEMBL3427516
CN1CCC[C@H]1c1cccnc1,95,CHEMBL3
CN1CCN(CC1)c1c(F)cc2c3c1OCC(n3cc(c2=O)C(=O)O)C,68,CHEMBL4
FCCn1cc(C(=O)O)c(=O)c2c1c(F)c(N1CCN(CC1)C)c(c2)F,73,CHEMBL6273
Fc1cc2c(cc1N1CCNCC1)n(cc(c2=O)C(=O)O)C1CC1,70,CHEMBL8
CCn1cc(C(=O)O)c(=O)c2c1cc(N1CCNCC1)c(c2)F,86.2,CHEMBL9
CCOC(=O)c1ncn2c1CN(C)C(=O)c1c2ccc(c1)F,50,CHEMBL407
Clc1ccc2c(c1)C(=NCC(=O)N2C)c1ccccc1,3.5,CHEMBL12
COCCc1ccc(cc1)OCC(CNC(C)C)O,88,CHEMBL13
C=CCc1ccccc1OCC(CNC(C)C)O,22,CHEMBL266195
OC1=NC(=NC1(c1ccccc1)c1ccccc1)O,10,CHEMBL16
CN(CCCN1c2ccccc2CCc2c1cc(Cl)cc2)C,3,CHEMBL415
COc1ccc(cc1)[C@@H]1Sc2ccccc2N(C(=O)[C@@H]1OC(=O)C)CCN(C)C,20,CHEMBL23
OC(COc1ccc(cc1)CC(=N)O)CNC(C)C,52,CHEMBL24
CC(=O)Oc1ccccc1C(=O)O,30,CHEMBL25
OC(=O)c1ccccc1O,11.65,CHEMBL424
OC(COc1cccc2c1cccc2)CNC(C)C,10,CHEMBL27
OC(=N[C@@H]1C(=O)N2[C@@H]1SC([C@@H]2C(=O)O)(C)C)Cc1ccccc1,42.5,CHEMBL29
N#CNC(=NC)NCCSCc1[nH]cnc1C,80,CHEMBL30
COc1c(N2CCNC(C2)C)c(F)cc2c1n(cc(c2=O)C(=O)O)C1CC1,80,CHEMBL31
CC(CCc1ccccc1)NCC(c1ccc(c(c1)C(=N)O)O)O,50,CHEMBL429
COc1c(N2C[C@@H]3[C@H](C2)CCCN3)c(F)cc2c1n(cc(c2=O)C(=O)O)C1CC1,50,CHEMBL32
CN1CCN(CC1)c1c(F)cc2c3c1OC[C@@H](n3cc(c2=O)C(=O)O)C,69,CHEMBL33
Clc1cc2NCNS(=O)(=O)c2cc1S(=O)(=O)N,60,CHEMBL435
OC(=O)c1cc(c(cc1NCc1ccco1)Cl)S(=O)(=O)N,34.3,CHEMBL35
Nc1ccc(cc1)S(=O)(=O)Nc1ncccn1,45,CHEMBL439
OC(=N[C@]1(C)O[C@@]2(N(C1=O)[C@@H](Cc1ccccc1)C(=O)N1[C@H]2CCC1)O)[C@H]1CN(C)[C@H]2C(=C1)c1cccc3c1c(C2)c[nH]3,2,CHEMBL442
CCC1(c2ccccc2)C(=NC(=O)N=C1O)O,49.5,CHEMBL40
Nc1ccc(cc1)S(=O)(=O)Nc1noc(c1)C,23,CHEMBL443
CNCCC=C1c2ccccc2CCc2c1cccc2,12,CHEMBL445
CCCC(C1(CC)C(=NC(=O)N=C1O)O)C,45,CHEMBL448
CCN(CCCC(N=c1c2cc(OC)ccc2[nH]c2c1ccc(c2)Cl)C)CC,10.3,CHEMBL7568
CCC1(CCC(C)C)C(=NC(=O)N=C1O)O,45,CHEMBL267894
OC(=O)CN[C@@H](C(=O)N1CC[C@H]1C(=NCc1ccc(cc1)C(=N)N)O)C1CCCCC1,54.15,CHEMBL266349
OC1=Nc2ccc(cc2C(=NC1)c1ccccc1Cl)N(=O)=O,15,CHEMBL452
Nc1ccc(cc1)S(=O)(=O)Nc1onc(c1C)C,7.9,CHEMBL453
O=C1C(CCc2c1c1ccccc1n2C)Cn1ccnc1C,27,CHEMBL46
Fc1ccc(cc1)C(=O)C1CCN(CC1)CCn1c(O)nc2c(c1=O)cccc2,5.5,CHEMBL51
OC(=O)[C@](Cc1ccc(c(c1)O)O)(N)C,85,CHEMBL459
Fc1ccc(cc1)C(=O)CCCN1CCC(CC1)(O)c1ccc(cc1)Cl,24.4,CHEMBL54
ONC(=N)O,100,CHEMBL467
OC(=O)C1CCn2c1ccc2C(=O)c1ccccc1,1.6,CHEMBL469
CC(NCC(c1ccc(cc1)NS(=O)(=O)C)O)C,99.9,CHEMBL471
C1CCC(CC1)(N1CCCCC1)c1ccccc1,35,CHEMBL275528
O[C@H]1C=C[C@@H]2[C@@]34[C@H]1Oc1c4c(C[C@H]2N(CC3)C)ccc1O,67.5,CHEMBL70
Nc1ncnc2c1ncn2CCOCP(=O)(O)O,96,CHEMBL484
COc1ccc2c3c1O[C@@H]1[C@@]43CCN([C@H](C2)[C@@H]4C=C[C@@H]1O)C,84,CHEMBL485
CN(CCCN1c2ccccc2Sc2c1cc(Cl)cc2)C,3.866666667,CHEMBL71
CNCCCN1c2ccccc2CCc2c1cccc2,16.33333333,CHEMBL72
Fc1ccc(cc1)[C@@H]1CCNC[C@H]1COc1ccc2c(c1)OCO2,7,CHEMBL490
CCN(CC(=Nc1c(C)cccc1C)O)CC,30,CHEMBL79
C=CCN1CC[C@@]23[C@@]4([C@H]1Cc1c3c(O[C@H]2C(=O)CC4)c(cc1)O)O,55.5,CHEMBL80
CCN(CCN=C(c1cc(Cl)c(cc1OC)N)O)CC,70,CHEMBL86
CC(=O)O[C@H]1C(=O)[C@]2(C)[C@@H](O)C[C@@H]3[C@]([C@H]2[C@@H]([C@]2(C(C1=C(C)[C@@H](OC(=O)[C@@H]([C@H](c1ccccc1)N=C(c1ccccc1)O)O)C2)(C)C)O)OC(=O)c1ccccc1)(CO3)OC(=O)C,2.5,CHEMBL428647
ClCCN(P1(=O)NCCCO1)CCCl,80,CHEMBL88
CCCN=C(NS(=O)(=O)c1ccc(cc1)Cl)O,3,CHEMBL498
OC(COc1cccc2c1cc[nH]2)CNC(C)C,60,CHEMBL500
N=c1c2CCCCc2[nH]c2c1cccc2,45,CHEMBL95
CC[C@@H](C(=O)O[C@H]1C[C@@H](C)C=C2[C@H]1[C@@H](CC[C@@H]1C[C@@H](O)CC(=O)O1)[C@H](C=C2)C)C,5,CHEMBL503
CN(CCC(c1ccccn1)c1ccc(cc1)Cl)C,37.6,CHEMBL505
CC(N(C(C)C)CCC(c1ccccn1)(c1ccccc1)C(=N)O)C,42.5,CHEMBL517
CCn1cc(C(=O)O)c(=O)c2c1cc(N1CCN(CC1)C)c(c2)F,75,CHEMBL267648
CC(Cc1ccc(cc1)C(C(=O)O)C)C,7,CHEMBL521
OC1=Nc2ccc(cc2C(=NC1)c1ccccc1)N(=O)=O,13,CHEMBL13209
Clc1ccc2c(c1)C(=NCC(=N2)O)c1ccccc1,3,CHEMBL523
CC(c1cccc(c1O)C(C)C)C,2.1,CHEMBL526
OC(=Nc1ccccn1)C1=C(O)c2ccccc2S(=O)(=O)N1C,1,CHEMBL527
CC[C@H]1OC(=O)[C@H](C)[C@@H](O[C@@H]2O[C@@H](C)[C@@H]([C@](C2)(C)OC)O)C(C)[C@@H](O[C@@H]2O[C@H](C)C[C@@H]([C@H]2O)N(C)C)[C@](C[C@H](CN([C@@H]([C@H]([C@]1(C)O)O)C)C)C)(C)O,49,CHEMBL529
Fc1ccc(c(c1)F)C(Cn1cncn1)(Cn1cncn1)O,88.5,CHEMBL106
CCOc1ccccc1OC(c1ccccc1)C1OCCNC1,1.9,CHEMBL14370
N#Cc1ccc2c(c1)COC2(CCCN(C)C)c1ccc(cc1)F,18,CHEMBL549
CCCC(C(=O)O)CCC,11.875,CHEMBL109
CN1CC(c2ccccc2)c2c(C1)c(N)ccc2,40,CHEMBL273575
CCn1cc(C(=O)O)c(=O)c2c1c(F)c(N1CCNC(C1)C)c(c2)F,71.6,CHEMBL561
COC1=CC(=O)C[C@H]([C@@]21Oc1c(C2=O)c(OC)cc(c1Cl)OC)C,16,CHEMBL562
CN(CCCN1c2ccccc2Sc2c1cccc2)C,11,CHEMBL564
Oc1ccc(cc1)N=C(O)C,88,CHEMBL112
Clc1ccc2c(c1)C(=NC(C(=N2)O)O)c1ccccc1,4,CHEMBL568
OC(=O)C(c1cccc(c1)C(=O)c1ccccc1)C,1,CHEMBL571
OC(=O)[C@@H](N[C@H](C(=O)N1CCC[C@H]1C(=O)O)C)CCc1ccccc1,62,CHEMBL577
CCOC(=O)[C@@H](N[C@H](C(=O)N1CCC[C@H]1C(=O)O)C)CCc1ccccc1,45,CHEMBL578
Clc1ccc2c(c1)C(=NC(C(=N2)O)O)c1ccccc1Cl,15,CHEMBL580
Brc1ccc2c(c1)C(=NCC(=N2)O)c1ccccn1,39,CHEMBL277062
O[C@H](CN1CCN(C[C@H]1C(=NC(C)(C)C)O)Cc1cccnc1)C[C@H](C(=N[C@@H]1[C@H](O)Cc2c1cccc2)O)Cc1ccccc1,39,CHEMBL115
CCC(=O)N(c1ccccc1)C1CCN(CC1)CCc1ccccc1,17.5,CHEMBL596
Cc1cnc(s1)N=C(C1=C(O)c2ccccc2S(=O)(=O)N1C)O,0.285,CHEMBL599
COc1nc(C)nc(c1NC1=NCCN1)Cl,93,CHEMBL19236
COc1ccc(cc1OC)Cc1nccc2c1cc(OC)c(c2)OC,7.3,CHEMBL19224
CCOC(=O)C1(CCN(CC1)C)c1ccccc1,42,CHEMBL607
CC(=N)N1CC[C@@H](C1)Oc1ccc(cc1)[C@@H](C(=O)O)Cc1ccc2c(c1)cc(cc2)C(=N)N,40,CHEMBL19902
COc1cc2nc([nH]c(=N)c2cc1OC)N1CCN(CC1)C(=O)C1CCCO1,10,CHEMBL611
OC(=N)c1cnccn1,90,CHEMBL614
Clc1cccc(c1)N1CCN(CC1)CCCn1nc2n(c1=O)cccc2,8,CHEMBL621
CCC1(OCCc2c1[nH]c1c2cccc1CC)CC(=O)O,1,CHEMBL622
CCc1nn(c(=O)n1CCOc1ccccc1)CCCN1CCN(CC1)c1cccc(c1)Cl,1,CHEMBL623
CN(CCCNCc1cc(I)cc(c1O)C(C)(C)C)C,93.93,CHEMBL21174
CCCCSc1cc(I)cc(c1O)CNCCCN(C)C,92.38,CHEMBL20504
CCCc1cc(I)cc(c1O)CNCCCN(C)C,84.1,CHEMBL21615
CN(CCCNCc1cc(I)cc(c1O)C1CCCCC1)C,94.83,CHEMBL22076
CON=C(Nc1ccc(cc1)c1sc2c(c1CN(Cc1ccccc1)C)c(=O)n(c(=O)n2Cc1c(F)cccc1F)c1ccccc1)O,2,CHEMBL22055
O=c1cc(n(n1c1ccccc1)C)C,90,CHEMBL277474
CN(=O)(CCC=C1c2ccccc2CCc2c1cccc2)C,20,CHEMBL627
Clc1ccc2c(c1)C(=NC(C(=O)N2C)O)c1ccccc1Cl,12,CHEMBL22097
CN(CCC=C1c2ccccc2CCc2c1cccc2)C,6.333333333,CHEMBL629
CNS(=O)(=O)Cc1ccc2c(c1)c(CCN(C)C)c[nH]2,82.5,CHEMBL128
OCC(=O)[C@@]1(O)[C@@H](C)C[C@@H]2[C@]1(C)C[C@H](O)[C@]1([C@H]2CCC2=CC(=O)C=C[C@]12C)F,36,CHEMBL632
CCCCc1oc2c(c1C(=O)c1cc(I)c(c(c1)I)OCCN(CC)CC)cccc2,4,CHEMBL633
COCC1(CCN(CC1)CCn1nnn(c1=O)CC)N(c1ccccc1)C(=O)CC,8,CHEMBL634
OCC(=O)[C@@]1(O)CC[C@@H]2[C@]1(C)CC(=O)[C@H]1[C@H]2CCC2=CC(=O)C=C[C@]12C,25.5,CHEMBL635
CCN(C(=O)Oc1cccc(c1)[C@@H](N(C)C)C)C,62,CHEMBL636
OC(COc1ccccc1C)CNCCOc1ccc(cc1)C(=O)N,9,CHEMBL418192
OC[C@H]1O[C@H](C[C@@H]1N=[N+]=[N-])n1cc(C)c(nc1=O)O,62,CHEMBL129
Fc1ccc(c(c1)F)[C@]([C@H](c1ncncc1F)C)(Cn1cncn1)O,42,CHEMBL638
CN1CCCC(CC1)n1nc(Cc2ccc(cc2)Cl)c2c(c1=O)cccc2,12,CHEMBL639
OC[C@H]([C@@H](c1ccc(cc1)N(=O)=O)O)N=C(C(Cl)Cl)O,43.75,CHEMBL130
CCN(CCNC(=O)c1ccc(cc1)N)CC,81.5,CHEMBL640
CNCC[C@H](c1ccccc1)Oc1ccccc1C,2,CHEMBL641
CCCC(=Nc1ccc(c(c1)C(=O)C)OCC(CNC(C)C)O)O,74,CHEMBL642
OCC(=O)[C@@]1(O)CC[C@@H]2[C@]1(C)C[C@H](O)[C@H]1[C@H]2CCC2=CC(=O)C=C[C@]12C,20,CHEMBL131
OC(COc1ccc(cc1)COCCOC(C)C)CNC(C)C,71,CHEMBL645
Clc1ccc2c(c1)C(=NCc1n2c(C)nn1)c1ccccc1Cl,10,CHEMBL646
OC(COc1cccc2c1C[C@@H](O)[C@H](C2)O)CNC(C)(C)C.OC(COc1cccc2c1C[C@H](O)[C@@H](C2)O)CNC(C)(C)C,72,CHEMBL649
OCC(=O)[C@@]1(O)CC[C@@H]2[C@]1(C)C[C@H](O)[C@H]1[C@H]2C[C@@H](C2=CC(=O)C=C[C@]12C)C,22,CHEMBL650
CCC(=O)C(c1ccccc1)(c1ccccc1)CC(N(C)C)C,16,CHEMBL651
CN/C(=C\N(=O)=O)/NCCSCc1csc(n1)CN(C)C,65,CHEMBL653
Clc1cccc(c1NC1=NCCN1)Cl,70,CHEMBL134
CN1CCN2C(C1)c1ccccc1Cc1c2nccc1,15,CHEMBL654
Clc1ccc2c(c1)C(=NCc1n2c(C)nc1)c1ccccc1F,3.9,CHEMBL655
CN(CCOC(c1ccccc1)c1ccccc1)C,15.33333333,CHEMBL657
COCC1(CCN(CC1)CCc1cccs1)N(c1ccccc1)C(=O)CC,9.3,CHEMBL658
COc1ccc2c3c1O[C@@H]1[C@@]3(CCN(C2)C)C=C[C@@H](C1)O,82,CHEMBL659
NC12CC3CC(C2)CC(C1)C3,33,CHEMBL660
Clc1ccc2c(c1)C(=NCc1n2c(C)nn1)c1ccccc1,20,CHEMBL661
CNCCCC12CCC(c3c1cccc3)c1c2cccc1,12,CHEMBL21731
OC(=O)P(=O)(O)O,85,CHEMBL666
OCCn1c(C)ncc1N(=O)=O,80,CHEMBL137
CCC(O[C@@H]1C=C(C[C@@H]([C@H]1N=C(O)C)N)C(=O)O)CC,97,CHEMBL674
COC(=Nc1nc2c([nH]1)cc(cc2)C(=O)c1ccccc1)O,7.5,CHEMBL685
OC(=O)Cc1ccccc1Nc1c(Cl)cccc1Cl,0.5,CHEMBL139
OC1=N[C@H]2[C@@](C=C1)(C)[C@H]1CC[C@]3([C@H]([C@@H]1CC2)CC[C@@H]3C(=NC(C)(C)C)O)C,10,CHEMBL710
O=C1CC[C@]2(C(=C1)[C@@H](C)C[C@@H]1[C@@H]2CC[C@]2([C@H]1CC[C@]2(OC(=O)C)C(=O)C)C)C,10,CHEMBL717
COc1ccccc1OCCNCC(COc1cccc2c1c1ccccc1[nH]2)O,2,CHEMBL723
OC(=NCc1ncccc1F)Cn1c(Cl)c[nH]c(=NCC(c2ccccn2)(F)F)c1=O,86,CHEMBL30054
OC(=NCc1ncccc1Cl)Cn1c(Cl)c[nH]c(=NCC(c2ccccn2=O)(F)F)c1=O,59,CHEMBL29019
OC(=NCc1ncccc1F)Cn1c(Cl)c[nH]c(=NCC(c2ccccn2=O)(F)F)c1=O,30,CHEMBL29657
COC(=O)CCc1ccc(cc1)OCC(CNC(C)C)O,45,CHEMBL768
C[C@H]([C@@H]1[C@H]2CC(=C(N2C1=O)C(=O)O)SCCNC=N)O,86,CHEMBL148
OC(=O)[C@@H]1N2[C@H](O/C/1=C\CO)CC2=O,91,CHEMBL777
Oc1ccc2c(c1)[C@]13CCCC[C@]3([C@@H](C2)N(CC1)CC1CCC1)O,20,CHEMBL33986
CCCCN=C(NS(=O)(=O)c1ccc(cc1)C)O,5,CHEMBL782
OC(=NCc1ccc(=N)[nH]c1C)Cn1c(C)cc(c(c1=O)N)S(=O)(=O)CC1CCCC1,71,CHEMBL33480
OC(=NCc1ccc(=N)[nH]c1C)Cn1c(C)cc(c(c1=O)N)S(=O)(=O)c1ccccc1,81,CHEMBL32531
OC(=NCc1ccc(=N)[nH]c1C)Cn1c(C)cc(c(c1=O)N)S(=O)(=O)Cc1ccccc1,78,CHEMBL32471
OC(=NCc1ccc(=N)[nH]c1C)Cn1c(C)cc(c(c1=O)N)S(=O)(=O)CC1CCC1,55,CHEMBL32541
OC(=NCc1ccc(=N)[nH]c1C)Cn1c(C)cc2c(c1=O)NCN(S2(=O)=O)CC1CC1,75,CHEMBL32549
OC(=O)CC1(CS[C@@H](c2cccc(c2)/C=C/c2ccc3c(n2)cc(cc3)Cl)CCc2ccccc2C(O)(C)C)CC1,0.4,CHEMBL787
OC(=NCc1ccc(=N)[nH]c1C)Cn1c(C)cc(c(c1=O)N)S(=O)(=O)CC1CC1,30,CHEMBL32752
OC(=NCc1ccc(=N)[nH]c1C)Cn1c(C)cc(c(c1=O)N)S(=O)(=O)C1CCCCC1,62,CHEMBL32881
OC(=NCc1ccc(=N)[nH]c1C)Cn1c(C)cc(c(c1=O)N)S(=O)(=O)NC1CCC1,55,CHEMBL32931
OC[C@H]1Oc2ccc(cc2O[C@@H]1c1ccc(c(c1)OC)O)[C@H]1Oc2cc(O)cc(c2C(=O)[C@@H]1O)O,5,CHEMBL431701
Nc1cc([nH]c(=N)n1=O)N1CCCCC1,100,CHEMBL802
COc1ccc2c(c1)ccc(c2)[C@@H](C(=O)O)C,1,CHEMBL154
CC/C(=C(\c1ccccc1)/c1ccc(cc1)/C=C/C(=O)O)/c1ccccc1,0.2,CHEMBL33899
CN(CCC(c1ccccn1)c1ccc(cc1)Br)C,28,CHEMBL811
CCCCc1ncc(n1Cc1ccc(cc1)C(=O)O)/C=C(/C(=O)O)\Cc1cccs1,2.15,CHEMBL813
CN1[C@@H]2CCC[C@H]1CC(C2)NC(=O)c1nn(c2c1cccc2)C,35,CHEMBL289469
OC(=O)[C@@H]1N2C(=O)[C@H]([C@H]2SC1(C)C)N=C(c1c(C)onc1c1ccccc1)O,7,CHEMBL819
Clc1ccc(cc1)[C@](c1cncn1C)(c1ccc2c(c1)c(cc(=O)n2C)c1cccc(c1)Cl)N,0.66,CHEMBL289228
Clc1ccc(cc1)C(c1cncn1C)(c1cc2CCn3c2c(c1)c(cc3=O)c1cccc(c1)Cl)N,0.25,CHEMBL39324
CCn1cc(C(=O)O)c(=O)c2c1nc(N1CCNCC1)c(c2)F,65,CHEMBL826
NC1CCC(CC1)CN=C([C@@H]1CCCN1C(=O)[C@@H](C(C1CCCCC1)C1CCCCC1)N)O,2,CHEMBL289395
O=C1N(c2ccccc2)N(C(=O)C1CCS(=O)c1ccccc1)c1ccccc1,1.7,CHEMBL832
CCOc1ccccc1OCCN[C@@H](Cc1ccc(c(c1)S(=O)(=O)N)OC)C,1,CHEMBL836
COc1ccc2c(c1)nc(cc2O[C@@H]1C[C@@H]2N(C1)C(=O)[C@H](CCCCC/C=C\[C@H]1[C@](N=C2O)(C1)C(=O)O)N=C(OC1CCCC1)O)c1csc(=NC(C)C)[nH]1,0.9,CHEMBL297884
C[C@H]1[C@H](N=C(/C(=N\OC(C(=O)O)(C)C)/c2csc(=N)[nH]2)O)C(=O)N1S(=O)(=O)O,44,CHEMBL158
CCc1cccc2c1oc(c2)C(CNC(C)(C)C)O,19,CHEMBL296035
Clc1ccc(c(c1)CN=C([C@@H]1CCCN1C(=O)[C@@H](C1CCCCC1)N)O)Cl,4,CHEMBL42495
CCN=C(COc1ccc(cc1CN=C([C@@H]1CCCN1C(=O)[C@@H](C1CCCCC1)N)O)Cl)O,15,CHEMBL42039
C[C@@H]1N[C@H](C)CN(C1)c1c(F)c(N)c2c(c1F)n(cc(c2=O)C(=O)O)C1CC1,61.2,CHEMBL850
Cc1ccc(cc1)/C(=C\CN1CCCC1)/c1ccccn1,10,CHEMBL855
COc1ccc(cc1)CCN1CCC(CC1)N=c1[nH]c2c(n1Cc1ccc(cc1)F)cccc2,2.3,CHEMBL296419
OC(=NC(=N)N)Cc1c(Cl)cccc1Cl,32,CHEMBL862
COc1c(C/C=C(/CCC(=O)O)\C)c(O)c2c(c1C)COC2=O,2,CHEMBL866
COc1cc2N(C)[C@@H]3[C@@]4(c2cc1[C@]1(C[C@H]2CN(CCc5c1[nH]c1c5cccc1)C[C@](C2)(O)CC)C(=O)OC)CCN1[C@H]4[C@@]([C@H]([C@]3(O)C(=O)OC)OC(=O)C)(CC)C=CC1,14,CHEMBL159
Clc1ccc(c(c1)Cl)[C@@]1(OC[C@H](O1)COc1ccc(cc1)N1CCN(CC1)C(=O)C)Cn1cncc1,1,CHEMBL295698
CC1Nc2cc(Cl)c(cc2C(=O)N1c1ccccc1C)S(=O)(=O)N,5,CHEMBL878
OC(=O)[C@@H]1N2C(=O)[C@H]([C@H]2SC1(C)C)N=C(c1c(C)onc1c1c(Cl)cccc1Cl)O,3.3,CHEMBL893
CN(CCOC(c1ccccc1C)c1ccccc1)C,80,CHEMBL900
N=C(NS(=O)(=O)N)CCSCc1csc(n1)NC(=N)N,82.5,CHEMBL902
OCC(=O)[C@@]1(O)C[C@H](O[C@H]2C[C@H](N)[C@@H]([C@@H](O2)C)O)c2c(C1)c(O)c1c(c2O)C(=O)c2c(C1=O)cccc2OC,25,CHEMBL53463
OC(=O)C[C@@H](c1cccc(c1)F)N=C(Cn1c(ccc(c1=O)NCc1ccc2c(n1)NCCC2)C1CC1)O,0.6,CHEMBL415956
OC(=O)C[C@@H](c1ccc2c(c1)OCO2)N=C(Cn1c(cnc(c1=O)NCc1ccc2c(n1)NCCC2)C1CC1)O,2.5,CHEMBL51391
OC(=O)C[C@@H](c1cccnc1)N=C(Cn1c(C)ccc(c1=O)NCc1ccc2c(n1)NCCC2)O,8.8,CHEMBL298706
OC(=O)C[C@@H](c1cccnc1)N=C(CN1CC[C@@H](C1=O)CCc1ccc2c(n1)NCCC2)O,44.6,CHEMBL300008
CCc1cnc(c(=O)n1CC(=N[C@H](c1cccc(c1)F)CC(=O)O)O)NCc1ccc2c(n1)NCCC2,2.8,CHEMBL54259
OC(=O)C[C@@H](c1cccc(c1)F)N=C(Cn1c(C)c(Cl)nc(c1=O)NCc1ccc2c(n1)NCCC2)O,1.5,CHEMBL301301
Cc1ccc(cc1)c1nc2n(c1CC(=O)N(C)C)cc(cc2)C,7.5,CHEMBL911
OP(=O)(C(P(=O)(O)O)(Cc1cccnc1)O)O,76,CHEMBL923
OCCN(c1nc(N2CCCCC2)c2c(n1)c(nc(n2)N(CCO)CCO)N1CCCCC1)CCO,10,CHEMBL932
NCC1(CCCCC1)CC(=O)O,97,CHEMBL940
CO/N=C\1/CCCC(C1)C(C(=O)O)NS(=O)(=O)c1ccc(cc1)c1ccc(cc1)OC,0.3,CHEMBL294405
COc1ccc(cc1)c1ccc(cc1)S(=O)(=O)NC(C1CCCC(C1)N1CCOC1=O)C(=O)O,2.4,CHEMBL60179
COCCOC(=NC1CCC(CC1)[C@H](C(=O)O)NS(=O)(=O)c1ccc(cc1)c1ccc(cc1)OC)O,5.8,CHEMBL59104
OC(=O)C(c1ccc(cc1)C(=O)c1cccs1)C,1,CHEMBL956
COc1ccc(cc1)c1ccc(cc1)S(=O)(=O)N[C@@H](C(=O)O)C1CCC2(CC1)OCCCO2,3.5,CHEMBL58553
COCCOC(=O)N(C1CCC(CC1)[C@H](C(=O)O)NS(=O)(=O)c1ccc(cc1)c1ccc(cc1)OC)C,2.3,CHEMBL60567
COc1ccc(cc1)c1ccc(cc1)S(=O)(=O)NC(C1CCCC2(C1)OCCO2)C(=O)O,1.1,CHEMBL61017
COc1ccc(cc1)c1ccc(cc1)S(=O)(=O)N[C@H](C1CCC(CC1)N1C(=NCC1=O)O)C(=O)O,9.9,CHEMBL62089
COc1ccc(cc1)c1ccc(cc1)S(=O)(=O)N[C@@H](C(=O)O)C1CCC(CC1)Nc1ccccc1,0.7,CHEMBL418639
COc1ccc(cc1)c1ccc(cc1)S(=O)(=O)NC(C1CCCC(C1)N(S(=O)(=O)C)C)C(=O)O,0.6,CHEMBL305160
COc1ccc(cc1)c1ccc(cc1)S(=O)(=O)N[C@@H](C(=O)O)C1CCCCC1,0.3,CHEMBL293019
COc1ccc(cc1)c1ccc(cc1)S(=O)(=O)N[C@@H](C(=O)O)C1CCC(CC1)N(C(=O)C)Cc1ccccc1,1.5,CHEMBL300771
COc1ccc(cc1)c1ccc(cc1)S(=O)(=O)NC(C1CCCC(C1)Nc1ccccc1)C(=O)O,0.2,CHEMBL433063
COc1ccc(cc1)c1ccc(cc1)S(=O)(=O)N[C@@H](C(=O)O)[C@@H]1CC[C@H](CC1)N(C(=O)N1CCOCC1)C,4.5,CHEMBL293854
COc1ccc(cc1)c1ccc(cc1)S(=O)(=O)N[C@@H](C(=O)O)[C@@H]1CC[C@@H](CC1)N(C(=O)N1CCOCC1)C,16.9,CHEMBL410737
COc1ccc(cc1)c1ccc(cc1)S(=O)(=O)NC(C1CCCC(C1)N(C(=O)C)Cc1ccccc1)C(=O)O,0.6,CHEMBL61577
C[C@@H](N(CC#C)C)Cc1ccccc1,15,CHEMBL972
OC1=Nc2c(CC1)cc(cc2)c1cccnc1,39,CHEMBL62811
COc1ccc(cc1)CC1(O)c2ccccc2C2=NCCN12,10,CHEMBL63840
Clc1ccc(cc1)CC1(O)c2ccccc2C2=NCCN12,10,CHEMBL302007
COc1cc(cc(c1OC)OC)CC1(O)c2ccccc2C2=NCCN12,10,CHEMBL70227
OC1(Cc2ccc3c(c2)OCO3)c2ccccc2C2=NCCN12,10,CHEMBL65846
CCCc1nc2c(n1Cc1ccc(cc1)c1ccccc1C(=O)O)cc(cc2C)c1nc2c(n1C)cccc2,0.6,CHEMBL1017
ClCCNP1(=O)OCCCN1CCCl,100,CHEMBL1024
OC(=O)[C@@H]1CCCN(C1)CCC=C(c1sccc1C)c1sccc1C,3.8,CHEMBL1027
CCN=C(OC1CCN(CC1)c1nncc2c1cc(OC)c(c2)OC)O,8,CHEMBL77131
OC(COc1ccc(cc1)O)CNCCN=C(N1CCOCC1)O,97,CHEMBL75753
Nc1ccc(cc1)S(=O)(=O)c1ccc(cc1)N,25,CHEMBL1043
CCC(O[C@@H]1C=C(C[C@@H]([C@H]1N=C(O)C)NC(=N)N)C(=O)O)CC,91.4,CHEMBL81717
Clc1cccc(c1)Cn1[nH]c(nc1=S)c1ccccc1Cl,1,CHEMBL309253
CCC(C(=O)O[C@H]1C[C@@H](C)C=C2[C@H]1[C@@H](CC[C@@H]1C[C@@H](O)CC(=O)O1)[C@H](C=C2)C)(C)C,5,CHEMBL1064
CCCCC(=O)N([C@H](C(=O)O)C(C)C)Cc1ccc(cc1)c1ccccc1c1n[nH]nn1,5,CHEMBL1069
CC(N1CCC(CC1)N(c1ccc(cc1)Cl)C(=O)Cc1ccccc1)C,15,CHEMBL87543
CCCCNc1cc(cc(c1Oc1ccccc1)S(=O)(=O)N)C(=O)O,14,CHEMBL1072
Cc1ncc(nc1)C(=NCCc1ccc(cc1)S(=O)(=O)NC(=NC1CCCCC1)O)O,1.5,CHEMBL1073
c1ccc(cc1)C1(CC1C1=NCCN1)c1ccccc1,50,CHEMBL87045
Clc1ccc2c(c1NC1=NCCN1)nsn2,70,CHEMBL1079
OC(=O)[C@@H]1N2C(=O)[C@H]([C@H]2SC1(C)C)N=C([C@@H](c1ccc(cc1)O)N)O,80,CHEMBL1082
OC(=O)[C@@H](N=C([C@@H]1CCCN1S(=O)(=O)c1cc(Cl)cc(c1)Cl)O)Cc1ccc2c(c1)cccc2,0.4,CHEMBL330006
N#Cc1ccccc1c1ccc(cc1)C[C@@H](C(=O)O)N=C([C@]1(C)CCCN1S(=O)(=O)c1cc(Cl)cc(c1)Cl)O,0.5,CHEMBL93790
CCCCN1CCCCC1C(=Nc1c(C)cccc1C)O,5,CHEMBL1098
CN(Cc1nnc2n1c1ccc(cc1C(=NC2)c1ccccc1)Cl)C,31,CHEMBL328250
O=C(Nc1cc(nn1c1ccc(cc1)C)C(C)(C)C)Nc1ccc(c2c1cccc2)OCCN1CCOCC1,1,CHEMBL103667
C[C@H]1O[C@H]([C@@H]([C@@H]1O)O)n1cc(F)c(nc1=O)O,61,CHEMBL1130
OC(=NCc1ccc(cc1)C(F)(F)F)Nc1cccc2c1ccnc2,2,CHEMBL104028
CC[C@@H](C(=O)O[C@H]1C[C@H](O)C=C2[C@H]1[C@@H](CC[C@H](C[C@H](CC(=O)O)O)O)[C@H](C=C2)C)C,50,CHEMBL1144
OC(=N)COc1ccc(cc1CN=C([C@@H]1CCCN1C(=O)[C@@H](C1CCCCC1)N)O)Cl,26,CHEMBL108717
Clc1ccc(c(c1)CN=C([C@@H]1CCCN1C(=O)[C@@H](C1CCCCC1)N)O)OCC(=NC1CC1)O,12,CHEMBL108202
Cc1cccc(c1)N=c1cc[nH]cc1S(=O)(=O)NC(=NC(C)C)O,1,CHEMBL1148
CC(C[C@@H](B(O)O)N=C([C@@H](N=C(c1cnccn1)O)Cc1ccccc1)O)C,17,CHEMBL325041
CCOC(=O)[C@@H](N[C@H](C(=O)N1[C@H]2CCC[C@H]2C[C@H]1C(=O)O)C)CCc1ccccc1,27,CHEMBL1168
CN(CCc1c[nH]c2c1cc(C[C@H]1COC(=N1)O)cc2)C,75,CHEMBL1185
CCCN(C(=O)c1cc(OCC2(CONC(=N)N)CC2)cc(c1)C)Cc1ccoc1,2,CHEMBL121396
Nc1ccc(cc1)S(=O)(=O)Nc1nnc(s1)C,6.5,CHEMBL1191
CCCNC(C(=Nc1ccccc1C)O)C,71.5,CHEMBL1194
CN1CCN(CC1)C(=O)c1cc2c([nH]1)ccc(c2)Cl,23,CHEMBL129198
C1CCN(CC1)CCCOc1ccc(cc1)CN1CCCCC1,46,CHEMBL129542
COc1cc(Cc2c[nH]c(=N)[nH]c2=N)c2c(c1OC)OC(C=C2)C1CC1,7,CHEMBL134561
CCS(=O)(=O)CCn1c(C)ncc1N(=O)=O,88,CHEMBL1220
OC(=O)C1=CC2=CC[C@@H]3[C@@H]([C@]2(CC1)C)CC[C@]1([C@H]3CC[C@@H]1C(=NC(C)(C)C)O)C,3,CHEMBL138225
COc1cc(ccc1OC)S(=O)(=O)Nc1scc(n1)c1cccc(c1)N(=O)=O,1,CHEMBL134915
CCNCc1cc(ccc1O)Nc1ccnc2c1ccc(c2)Cl,14,CHEMBL1235
NCCCC[C@@H](C(=O)N1CCC[C@H]1C(=O)O)N[C@H](C(=O)O)CCc1ccccc1,100,CHEMBL1237
CC[C@H](n1cccc(c1=O)NC(=O)c1noc(c1)C)C(=N[C@@H](C[C@@H]1CCN=C1O)/C=C/C(=O)OCc1ccccc1)O,92,CHEMBL345023
CCOC(=O)/C=C/[C@H](C[C@@H]1CCN=C1O)N=C([C@@H](n1cccc(c1=O)NC(=O)c1noc(c1)C)CC#C)O,66,CHEMBL141157
C#CC[C@H](n1cccc(c1=O)NC(=O)c1noc(c1)C)C(=N[C@@H](C[C@@H]1CCN=C1O)/C=C/C(=O)OCc1ccccc1)O,87,CHEMBL140521
OC(=O)C[C@H](N1CCN(C1=O)CCCc1ccc2c(n1)NCCC2)c1cccnc1,39,CHEMBL145095
COc1ccc(cc1F)[C@@H](N1CCN(C1=O)CCCc1ccc2c(n1)NCCC2)CC(=O)O,5,CHEMBL343231
COc1ccc(cn1)[C@@H](N1CCN(C1=O)CCCc1ccc2c(n1)NCCC2)CC(=O)O,62.66666667,CHEMBL145085
Clc1ccc2c(c1)nccc2Nc1ccc(c(c1)O)CNC(C)(C)C,12,CHEMBL147806
CCOc1cc(ccc1C(=O)O)CC(=N[C@H](c1ccccc1N1CCCCC1)CC(C)C)O,2,CHEMBL1272
NCc1cc(OC)ccc1n1nc(cc1C(=Nc1ccc(cc1F)c1ccccc1S(=O)(=O)C)O)C(F)(F)F,2,CHEMBL148718
NCc1ccccc1n1nc(cc1C(=Nc1ccc(cc1F)c1ccccc1S(=O)(=O)N)O)C(F)(F)F,11,CHEMBL151939
CNS(=O)(=O)CCc1ccc2c(c1)c(c[nH]2)C1CCN(CC1)C,75,CHEMBL1278
CN[C@H]1Cc2c(CC1)[nH]c1c2cc(cc1)C(=N)O,35,CHEMBL1279
OC(CNC(C)(C)C)COc1ccc(cc1)NC(=NC1CCCCC1)O,39,CHEMBL152067
NC(=N)N=C(c1cnn(c1C1CC1)c1cccc2c1cccn2)O,34,CHEMBL355862
O=C[C@H](N=C([C@H](C(C)C)NS(=O)(=O)c1ccc(cc1)F)O)CC(C)C,51.9,CHEMBL168471
N#C/C=C/c1cc(C)c(c(c1)C)N=c1ccnc([nH]1)Nc1ccc(cc1)C#N,1,CHEMBL175691
CNCc1nccn1c1ccc(c(c1)F)N=C(c1cc(nn1c1ccc2c(c1)c(=N)[nH]o2)C(F)(F)F)O,14.4,CHEMBL367954
CCc1nccn1c1ccc(c(c1)F)N=C(c1cc(nn1c1ccc2c(c1)c(=N)[nH]o2)C(F)(F)F)O,5,CHEMBL176494
Fc1cc(ccc1N=C(c1cc(nn1c1ccc2c(c1)c(=N)[nH]o2)C(F)(F)F)O)n1ccnc1C,2,CHEMBL175449
O=C(N(C)C)Cn1c(c2ccccc2)c(c2c1cc(cc2)C(=O)O)C1CCCCC1,2.9,CHEMBL178126
COc1ccc(cn1)[C@H](CC(=O)O)CCCCCCc1ccc2c(n1)NCCC2,0.5,CHEMBL180489
COc1ccc(cn1)[C@H](CC(=O)O)CCC[C@@H](CCc1ccc2c(n1)NCCC2)O,7,CHEMBL179069
C[C@H]([C@H]1C(=O)N2[C@@H]1[C@@H](C)C(=C2C(=O)O)S[C@@H]1CN[C@@H](C1)C(=Nc1cccc(c1)C(=O)O)O)O,7,CHEMBL1359
N[C@@H](C(=N[C@@H]1C(=O)N2[C@@H]1SC([C@@H]2C(=O)O)(C)C)O)c1ccccc1,85,CHEMBL174
COc1ccc(cn1)[C@@H](N1CCN(C1=O)CCCc1nc2NCCCc2cc1C)CC(=O)O,22,CHEMBL185615
COc1ccc(cn1)[C@@H](N1CCN(C1=O)CCCc1ccc2c(n1)N[C@@H](CC2)C)CC(=O)O,8,CHEMBL185978
CC(Oc1ccc(cc1)C(=O)Nc1cc(ccc1C)N=C(c1cccc(c1)N(C)C)O)C,1,CHEMBL365472
Cc1ccc(cc1NC(=O)c1ccc(cc1)OCc1ccccn1)N=C(c1cccc(c1)N1CCOCC1)O,3.7,CHEMBL184721
O=C(c1ccc(cc1)OCc1ccccn1)Nc1cc(ccc1C)N=C(c1cccc(c1)N(C)C)O,0.65,CHEMBL366255
Fc1cc(cc(c1)N1CCCC1)C(=Nc1ccc(c(c1)NC(=O)c1ccc(cc1)OCc1ccccn1)C)O,1,CHEMBL184712
OC(=O)C[C@@H](c1cncnc1)CCCCCCc1ccc2c(n1)NCCC2,6,CHEMBL186552
COc1ncc(cn1)[C@H](CC(=O)O)CCCCCCc1ccc2c(n1)NCCC2,3,CHEMBL186126
Cc1ncc(cn1)[C@H](CC(=O)O)CCCCCCc1ccc2c(n1)NCCC2,4,CHEMBL187289
OC(=O)C[C@@H](c1cnc2c(c1)cccc2)CCCCCCc1ccc2c(n1)NCCC2,0.1,CHEMBL189201
OC(=O)C[C@@H](c1cnc(nc1)C(C)C)CCCCCCc1ccc2c(n1)NCCC2,1,CHEMBL361936
COc1cc(OC)cc(c1C(=O)CCCN1CCCC1)OC,40,CHEMBL188921
OC(=O)COc1cc(ccc1F)Oc1ccc(cc1)CN(c1cccc(c1C)NS(=O)(=O)C)Cc1ccc(cc1F)F,0.1,CHEMBL191423
Cc1ccc(c(c1)[C@@H](c1ccccc1)CCN(C(C)C)C(C)C)O,3.7,CHEMBL1382
Fc1ccc(cc1)C[C@@H]1CCCN(C1)C[C@@H]1CCCC[C@H]1NC(=Nc1cccc(c1)c1nnnn1C)O,8,CHEMBL363840
Fc1ccc(cc1)C[C@@H]1CCCN(C1)C[C@@H]1CCCC[C@H]1N=C(Nc1nc(c(s1)C(=O)C)C)O,3.1,CHEMBL195433
CC(=O)S[C@@H]1CC2=CC(=O)CC[C@@]2([C@@H]2[C@@H]1[C@@H]1CC[C@]3([C@]1(CC2)C)CCC(=O)O3)C,10,CHEMBL1393
CC[C@H](n1ncn(c1=O)c1ccc(cc1)N1CCN(CC1)c1ccc(cc1)OC[C@@H]1CO[C@@](C1)(Cn1cncn1)c1ccc(cc1F)F)[C@@H](O)C,2,CHEMBL1397
OCC1CCN(CC1)CCCOc1cc2ncnc(c2cc1OC)Nc1ncc(s1)CC(=Nc1cccc(c1)F)O,2,CHEMBL201307
CC(=O)Oc1ccccc1C(=Nc1ncc(s1)N(=O)=O)O,5,CHEMBL1401
CCCCN=C(N1Cc2c(C1)c(=NC(=O)[C@H](c1ccc3c(c1)cccc3)C)[nH][nH]2)O,1,CHEMBL380946
CCCCN=C(N1Cc2c(C1)[nH]nc2N=C(Cc1ccc(cc1)N1CCCC1)O)O,5,CHEMBL383104
COc1ccc2c(c1)C(=O)N(C(=O)C2(C)C)CCc1ccc(cc1)S(=O)(=O)NC(=NC1CCCCC1)O,1,CHEMBL383634
NC/C=C\CN(C[C@H]1O[C@H]([C@@H]([C@@H]1O)O)n1cnc2c1ncnc2N)C,27.1,CHEMBL381751
CN(Cc1nccn1c1ccc(c(c1)F)N=C(c1cc(nn1c1ccc2c(c1)c(=N)[nH]o2)C(F)(F)F)O)C,9.5,CHEMBL206335
CC(CN(S(=O)(=O)c1ccc2c(c1)OCO2)C[C@H]([C@@H](N=C(O[C@H]1CO[C@@H]2[C@H]1CCO2)O)Cc1ccc(cc1)OCc1csc(n1)C)O)C,2,CHEMBL206031
CC(Cn1c2sc(c(c2c(=O)n(c1=O)C)C(=O)N1CC[C@H](C1)O)Cc1ccnc2c1cccc2)C,36,CHEMBL205742
CC(=O)N1CCC(CC1)C(=O)N(c1ccc(c(c1)Cl)C)CCCN1CCC(CC1)Cc1ccc(cc1)C(=O)N,47,CHEMBL207004
COc1cc2nc[nH]c(=Nc3cccc(c3F)Cl)c2cc1CN([C@H](C(=N)O)C)C,5,CHEMBL207687
COc1cc2nc[nH]c(=Nc3cccc(c3F)Cl)c2cc1CN1CCC[C@H]1C(=N)O,5,CHEMBL207584
CSc1ccc(cc1)CC1(O)c2ccccc2C2=NCCN12,10,CHEMBL207517
OC(=NN1CC2C(C1)CCC2)NS(=O)(=O)c1ccc(cc1)C,9,CHEMBL427216
O=C([C@H]([C@@H](C(=O)N1CCC(C1)(F)F)N)c1ccc(cc1)c1ccc2n(c1)ncn2)N(C)C,18,CHEMBL378981
Fc1ccc(cc1)CN=C(c1nc(N(C(=O)C(=O)N2CCCCC2)C)c2c(c1O)nccc2)O,2.2,CHEMBL210234
Fc1ccc(cc1)CN=C(c1nc(N(C(=O)C(=O)N(C)C)C)c2c(c1O)nccc2)O,6.8,CHEMBL426686
Fc1ccc(cc1)CN=C(c1nc(N(C(=O)C(=O)N2CCCC2)C)c2c(c1O)nccc2)O,3.3,CHEMBL209307
Fc1ccc(cc1)CN=C(c1nc(N2CCN(CC2)C(=O)C)c2c(c1O)nccc2)O,1,CHEMBL209872
CN1CCN(CC1)c1nc(C(=NCc2ccc(cc2)F)O)c(c2c1cccn2)O,2.1,CHEMBL441683
Fc1ccc(cc1)CN=C(c1nc(N(CC(=O)N(C)C)C)c2c(c1O)nccc2)O,16.7,CHEMBL208776
Fc1ccc(cc1)CN=C(c1nc(N(C(=O)C)C)c2c(c1O)nccc2)O,4.4,CHEMBL377759
Fc1ccc(cc1)CN=C(c1nc(N(CCN(C(=O)C)C)C)c2c(c1O)nccc2)O,1.7,CHEMBL379132
CC(CCn1c(=O)c(C2=NS(=O)(=O)c3c(N2)ccc(c3)NS(=O)(=O)C)c(c2c1nccc2)O)C,1,CHEMBL210158
Cc1ccc2c(c1)c(c1ccnc3c1cccc3C)c(n2CC(=O)O)C,0.5,CHEMBL209689
Cc1ccc2c(c1)c(c1ccnc3c1cccc3Cl)c(n2CC(=O)O)C,0.6,CHEMBL378730
COc1cccc2c1nccc2c1c2cc(C)ccc2n(c1C)CC(=O)O,1.8,CHEMBL211631
Cc1ccc2c(c1)c(c1ccnc3c1cccc3S(=O)(=O)C)c(n2CC(=O)O)C,6.4,CHEMBL213494
N#Cc1cccc2c1nccc2c1c2cc(C)ccc2n(c1C)CC(=O)O,1.7,CHEMBL213495
COc1ccc2c(c1)c(CC(=O)O)c(n2c1ccnc2c1ccc(c2)Cl)C,1,CHEMBL213029
Cc1ccc2c(c1)c(c1cc(C)nc3c1cccc3)c(n2CC(=O)O)C,0.4,CHEMBL211677
Cc1ccc2c(c1)c(c1ccnc3c1ccc(c3)C(F)(F)F)c(n2CC(=O)O)C,0.4,CHEMBL214304
CN=c1[nH]cc2c(n1)ccc(c2)c1cc(ccc1C)C(=Nc1cccc(c1)C(F)(F)F)O,3.8,CHEMBL212964
Cc1ccc(cc1c1ccc2c(c1)c[nH]c(=NCCN1CCOCC1)n2)C(=Nc1cccc(c1)C(F)(F)F)O,5,CHEMBL215943
Cc1ccc(cc1c1ccc2c(c1)c[nH]c(=N)n2)C(=Nc1cccc(c1)C(F)(F)F)O,1.3,CHEMBL385937
COc1cc2ncnc(c2cc1OC1CCN(CC1)CC(=N)O)Nc1cccc(c1F)Cl,4.7,CHEMBL218677
OC(=NC1CCN(CC1)C(=O)C)NC12CC3CC(C2)CC(C1)C3,50,CHEMBL436774
N#C[C@@H]1C[C@H]2[C@@H](N1C(=O)[C@H](C13CC4CC(C1)CC(C3)(C4)O)N)C2,70,CHEMBL385517
Clc1ccc(c(c1)NS(=O)(=O)c1cccc2c1nsn2)C(=O)N1CCCCC1,0.5,CHEMBL437908
CN(C(c1ccccc1)c1nc(O)c(c(n1)C(=NCc1ccc(cc1)F)O)O)C,50.45,CHEMBL217776
Fc1ccc(cc1)CN=C(c1nc(nc(c1O)O)C(N(C)C)(C)C)O,49.85,CHEMBL386515
CN1CCCCC1c1nc(O)c(c(n1)C(=NCc1ccc(cc1)F)O)O,65.13333333,CHEMBL407451
CN1CCCCC1c1nc(C(=NCc2ccc(cc2)F)O)c(c(=O)n1C)O,53.5,CHEMBL216389
CN1CCOCC1c1nc(C(=NCc2ccc(cc2)F)O)c(c(=O)n1C)O,50.5,CHEMBL386710
OCC1CCN(CC1)CCCOc1cc2ncnc(c2cc1OC)N=c1[nH][nH]c(c1)CC(=Nc1cccc(c1)F)O,6,CHEMBL216769
OCCN(CCCOc1cc2ncnc(c2cc1OC)N=c1[nH][nH]c(c1)CC(=Nc1cccc(c1)F)O)CC,5,CHEMBL215275
OCCN(CCCOc1cc2ncnc(c2cc1OC)N=c1[nH][nH]c(c1)CC(=Nc1cccc(c1F)F)O)CC,17,CHEMBL214848
N[C@H](Cc1cc(F)c(cc1F)F)CC(=O)N1CCn2c(C1)nnc2C(F)(F)F,62,CHEMBL1422
O=C1CC[C@]2(C(=C1)CC[C@@H]1[C@@H]2CC[C@]2([C@H]1CC[C@@H]2O)C)C,2,CHEMBL386630
Clc1ccc2c(c1)S(=O)(=O)NC(=N2)C,6,CHEMBL181
CO[C@H]1/C=C/O[C@@]2(C)Oc3c(C2=O)c2c(O)c(/C=N/N4CCN(CC4)C)c(c(c2c(c3C)O)O)N=C(/C(=C\C=C\[C@@H]([C@@H]([C@H]([C@H]([C@H]([C@@H]([C@@H]1C)OC(=O)C)C)O)C)O)C)/C)O,17.16666667,CHEMBL374478
COCCOC(=O)C1=C(C)NC(=C(C1c1cccc(c1)N(=O)=O)C(=O)OC(C)C)C,5,CHEMBL1428
OCCOCn1cnc2c1[nH]c(=N)nc2O,79,CHEMBL184
CCc1cc2[C@@H]3CNCCN3C(=O)c2c(c1)C(F)(F)F,17,CHEMBL221113
Cc1ccc(c(c1)N=C(Nc1ccc(cc1)c1cccc2c1c(N)n[nH]2)O)F,1,CHEMBL223360
CN([C@@H]1C(=C(C(=N)O)C(=O)[C@@]2([C@H]1[C@@H](O)[C@@H]1[C@@H](C)c3cccc(c3C(=O)C1=C2O)O)O)O)C,10,CHEMBL1433
NC(=N)NCC(=N[C@H]1CCN(C1)C(=O)[C@@H]1C[C@@H](CN1C)SC1=C(C(=O)O)N2[C@H]([C@H]1C)[C@H](C2=O)[C@H](O)C)O,90,CHEMBL389847
OC(=N[C@@H]1C(=O)N2[C@@H]1SCC(=C2C(=O)O)CSc1nnc(s1)C)Cn1cnnn1,14.5,CHEMBL1435
CO/N=C(\C(=N[C@@H]1C(=O)N2[C@@H]1SCC(=C2C(=O)O)COC(=N)O)O)/c1ccco1,50,CHEMBL1436
O=C1[C@@H](N=C(c2c(C)onc2c2c(F)cccc2Cl)O)[C@@H]2N1[C@@H](C(=O)O)C(S2)(C)C,5.4,CHEMBL222645
CO/N=C(/c1csc(=N)[nH]1)\C(=N[C@@H]1C(=O)N2[C@@H]1SCC(=C2C(=O)[O-])C[N+]1(C)CCCC1)O,80,CHEMBL186
N#Cc1c[nH]c(=Nc2nccc(c2)CN2CCN(CC2)C(=O)N(C)C)s1,4.1,CHEMBL221468
CN=C(N1CCN(CC1)Cc1ccnc(c1)N=c1[nH]cc(s1)C#N)O,12.6,CHEMBL375248
OCC(=O)N1CCN(CC1)Cc1ccnc(c1)N=c1[nH]cc(s1)C#N,26.2,CHEMBL222852
N#Cc1c[nH]c(=Nc2nccc(c2)CN2CCC(CC2)S(=O)(=O)C)s1,34.5,CHEMBL224842
CN=C(N1CCN(CC1)Cc1ccnc(c1C)N=c1[nH]cc(s1)C#N)O,8.7,CHEMBL376722
N#Cc1c[nH]c(=Nc2nccc(c2)CN2CCNCC2)s1,69.4,CHEMBL222225
N#Cc1c[nH]c(=Nc2nccc(c2)CN2CCOCC2)s1,9.1,CHEMBL373693
N#Cc1c[nH]c(=Nc2nccc(c2)CN2CCN(CC2)C(=N)O)s1,9.2,CHEMBL375306
OC[C@H]([C@H]([C@@H]1OC(=C[C@@H]([C@H]1N=C(O)C)NC(=N)N)C(=O)O)O)O,90,CHEMBL222813
CN([C@@H]1C(=C(C(=N)O)C(=O)[C@@]2([C@H]1C[C@@H]1Cc3c(cc(c(c3C(=O)C1=C2O)O)N=C(CNC(C)(C)C)O)N(C)C)O)O)C,4.7,CHEMBL376140
OCC(=O)[C@@]1(O)CC[C@@H]2[C@]1(C)C[C@H](O)[C@H]1[C@H]2CCC2=CC(=O)CC[C@]12C,10,CHEMBL389621
N#Cc1ccc(cc1)C(n1cncn1)c1ccc(cc1)C#N,40,CHEMBL1444
Cc1cccc(n1)C#CC1=C/C(=N/OC([3H])([3H])[3H])/CCC1,95.6,CHEMBL228196
NC(=N)Nc1ncc(c2c1cc(cc2)S(=O)(=O)NC(C(=O)O)(C)C)Cl,3.3,CHEMBL227421
CN1CCCC1c1nc(O)c(c(n1)C(=NCc1ccc(cc1)F)O)O,3,CHEMBL226764
CCC[C@H]1CN([C@@H](C1)C(=N[C@@H]([C@H]1O[C@H](SC)[C@@H]([C@H]([C@H]1O)O)O)[C@H](O)C)O)C,28,CHEMBL1447
COc1c(ccc2c1n(cc(c2=O)C(=O)O)[C@@H]1C[C@@H]1F)N1CC[C@H](C1)C1(N)CC1,35,CHEMBL390983
OC1=NCCc2c1cc([nH]2)c1ccnc(c1)c1cnc2c(c1)cccc2,0.3,CHEMBL226403
F[C@H]1C[C@H](N(C1)C(=O)Cc1ccc(c(c1)Cl)NC(=Nc1ccccc1C)O)COc1ccc(cc1)C(=O)O,2,CHEMBL425647
OC(=O)CC1CCN(CC1)C(=O)[C@@H]1COCCN1C(=O)Cc1ccc(cc1)NC(=Nc1ccccc1C)O,20,CHEMBL389946
OCC(=O)[C@@]1(O)[C@H](O)C[C@@H]2[C@]1(C)C[C@H](O)[C@]1([C@H]2CCC2=CC(=O)C=C[C@]12C)F,32,CHEMBL1451
Cn1c(=O)n(C)c2c(c1=O)nc[nH]2,41,CHEMBL190
Clc1cccc(c1c1cc(C)c2c(c1)nnc(n2)Nc1ccc(cc1)OCCN1CCCC1)Cl,0.2,CHEMBL230686
OC(=NCc1ccc(c(c1)C(F)(F)F)N1[C@@H]2CCC[C@H]1CC2)Nc1cccc2c1cn[nH]2,3,CHEMBL231225
Clc1cccc(c1)[C@@H](CNc1ccnc(c1c1nc2c([nH]1)c(C)cc(c2)n1cncc1)O)O,1,CHEMBL389605
CCCCCOc1ccc(c2c1cccc2)C(=O)c1cccc2c1cccc2,1,CHEMBL244403
O=C1O[C@H](CN1c1ccc(c(c1)F)c1ccc(nc1)[C@H](O)C)Cn1nncc1,24,CHEMBL398161
OCC(c1ccc(cn1)c1ccc(cc1F)N1C[C@@H](OC1=O)Cn1ccnn1)O,54,CHEMBL230436
O=C1O[C@H](CN1c1ccc(c(c1)F)c1ccc(nc1)C(CN1CCOCC1)O)Cn1nncc1,67,CHEMBL390406
O=C1O[C@H](CN1c1ccc(c(c1)F)c1ccc(nc1)C(=O)Cn1cnc(c1)C)Cn1nncc1,31,CHEMBL387785
O=C1O[C@H](CN1c1ccc(c(c1)F)c1ccc(nc1)C(=O)Cn1cc(nc1C)C)Cn1nncc1,12,CHEMBL231283
O=C(c1ccc(cn1)c1ccc(cc1F)N1C[C@@H](OC1=O)Cn1ccnn1)Cn1c(C)cnc1C,10,CHEMBL231383
CN1CCN(CC1)CCCC(=O)c1ccc(cn1)c1ccc(cc1F)N1C[C@@H](OC1=O)Cn1nncc1,50,CHEMBL231384
O=C1O[C@H](CN1c1ccc(c(c1)F)c1ccc(nc1)C(=O)CCCN1CCOCC1)Cn1nncc1,35,CHEMBL231480
CCN1CCCC1CN=C(c1cc(c(cc1OC)N)S(=O)(=O)CC)O,84,CHEMBL243712
CN1CCCC1c1nc(C(=NCc2ccc(cc2)F)O)c(c(=O)n1C)O,48,CHEMBL244963
CO[C@@H]1C[C@H](N(C1)C)c1nc(C(=NCc2ccc(cc2)F)O)c(c(=O)n1C)O,25,CHEMBL389331
CN1C[C@@H](C[C@H]1c1nc(C(=NCc2ccc(cc2)F)O)c(c(=O)n1C)O)OCc1ccccc1,5,CHEMBL389332
F[C@@H]1CN([C@@H](C1)c1nc(C(=NCc2ccc(cc2)F)O)c(c(=O)n1C)O)C,50,CHEMBL388908
F[C@H]1CN([C@@H](C1)c1nc(C(=NCc2ccc(cc2)F)O)c(c(=O)n1C)O)C,14,CHEMBL394847
CN1CCSCC1c1nc(C(=NCc2ccc(cc2)F)O)c(c(=O)n1C)O,17,CHEMBL244904
CN1CCN(C(C1)c1nc(C(=NCc2ccc(cc2)F)O)c(c(=O)n1C)O)C,28,CHEMBL244754
CN1CCN(CC1c1nc(C(=NCc2ccc(cc2)F)O)c(c(=O)n1C)O)S(=O)(=O)C,31,CHEMBL243150
OC[C@@H]1CC[C@@H](O1)n1cnc2c1ncnc2O,95,CHEMBL1460
O=C1C(NC(=O)c2cc3c([nH]2)sc(c3)Cl)Cc2c(N1C)cccc2,99.96,CHEMBL390701
COCCN1C(=O)C(NC(=O)c2cc3c([nH]2)sc(c3)Cl)Cc2c1cccc2,99.82,CHEMBL232432
CSCCN1C(=O)C(NC(=O)c2cc3c([nH]2)sc(c3)Cl)Cc2c1cccc2,99.97,CHEMBL395707
CS(=O)CCN1C(=O)C(NC(=O)c2cc3c([nH]2)sc(c3)Cl)Cc2c1cccc2,98.89,CHEMBL232433
O=C1C(NC(=O)c2cc3c([nH]2)sc(c3)Cl)Cc2c(N1CCS(=O)(=O)C)cccc2,99.5,CHEMBL232626
CCC(=O)CN1C(=O)C(NC(=O)c2cc3c([nH]2)sc(c3)Cl)Cc2c1cccc2,99.85,CHEMBL395708
CN=C(CN1C(=O)C(NC(=O)c2cc3c([nH]2)sc(c3)Cl)Cc2c1cccc2)O,99.55,CHEMBL232829
O=C(N(C)C)CN1C(=O)C(NC(=O)c2cc3c([nH]2)sc(c3)Cl)Cc2c1cccc2,99.38,CHEMBL232830
CN=C(CCN1C(=O)C(NC(=O)c2cc3c([nH]2)sc(c3)Cl)Cc2c1cccc2)O,99.49,CHEMBL233033
ON=C(CN1C(=O)C(NC(=O)c2cc3c([nH]2)sc(c3)Cl)Cc2c1cccc2)O,99.96,CHEMBL233034
O[C@@H]1CN(C[C@@H]1O)C(=O)CN1C(=O)C(NC(=O)c2cc3c([nH]2)sc(c3)Cl)Cc2c1cccc2,97.65,CHEMBL233239
OC(=NS(=O)(=O)C)CN1C(=O)C(NC(=O)c2cc3c([nH]2)sc(c3)Cl)Cc2c1cccc2,99.63,CHEMBL233240
ONC(=N)CN1C(=O)C(NC(=O)c2cc3c([nH]2)sc(c3)Cl)Cc2c1cccc2,99.4,CHEMBL395732
N#CCN1C(=O)C(NC(=O)c2cc3c([nH]2)sc(c3)Cl)Cc2c1cccc2,99.91,CHEMBL233446
OCCN1C(=O)C(NC(=O)c2cc3c([nH]2)sc(c3)Cl)Cc2c1cccc2,99.75,CHEMBL233447
OCCN1C(=O)C(N=C(c2cc3c([nH]2)ccc(c3)Cl)O)Cc2c1cccc2,99.94,CHEMBL233656
OCC(CN1C(=O)C(N=C(c2cc3c([nH]2)c(c(s3)Cl)Cl)O)Cc2c1cccc2)CO,99.77,CHEMBL233657
OCC(CN1C(=O)C(NC(=O)c2cc3c([nH]2)sc(c3)Cl)Cc2c1cccc2)CO,99.49,CHEMBL397688
OCC(CN1C(=O)C(N=C(c2cc3c([nH]2)ccc(c3)Cl)O)Cc2c1cccc2)CO,99.79,CHEMBL233658
CCC(CN1C(=O)C(NC(=O)c2cc3c([nH]2)sc(c3)Cl)Cc2c1cccc2)O,99.89,CHEMBL398159
OC[C@@H](CN1C(=O)C(N=C(c2cc3c([nH]2)c(c(s3)Cl)Cl)O)Cc2c1cccc2)O,99.92,CHEMBL394526
OC[C@@H](CN1C(=O)C(NC(=O)c2cc3c([nH]2)sc(c3)Cl)Cc2c1cccc2)O,99.64,CHEMBL234951
OC[C@@H](CN1C(=O)C(N=C(c2cc3c([nH]2)ccc(c3)Cl)O)Cc2c1cccc2)O,99.8,CHEMBL234952
OC[C@H](Nc1nc(SCc2ccco2)[nH]c2c1sc(=N)n2)C,12,CHEMBL233263
Oc1ncnc2c1c[nH]n2,98,CHEMBL1467
CN(C(=O)[C@H](c1ccccc1)N=C(c1cc2c(n1C)ccc(c2)NC(=O)c1ccccc1c1ccc(cc1)C(F)(F)F)O)Cc1ccccc1,0.97,CHEMBL410414
CO[C@H]1/C=C/O[C@@]2(C)Oc3c(C2=O)c2C4=NC5(NC4=C(C(=O)c2c(c3C)O)N=C(/C(=C\C=C\[C@@H]([C@@H]([C@H]([C@H]([C@H]([C@@H]([C@@H]1C)OC(=O)C)C)O)C)O)C)/C)O)CCN(CC5)CC(C)C,29,CHEMBL444633
CCC[C@H](N(S(=O)(=O)c1ccc(cc1)Cl)c1cc(Cl)ccc1CO)C,1,CHEMBL233362
COc1ccc(cn1)c1ncnc(c1)N1C[C@@H]([C@H](C1)c1cc(F)c(cc1F)F)N,6,CHEMBL237786
C1CCN(CC1)CCC#Cc1cccc(c1)CN1CCOCC1,55,CHEMBL237087
CC(C1SC(=Nc2ccccc2C)N=C1O)C,0.4,CHEMBL238095
CC(C1SC(=Nc2ccccc2C(F)(F)F)N=C1O)C,0.2,CHEMBL396618
OC(=N[C@@H]1CC[C@H](CN(C1=O)CC(F)(F)F)c1cccc(c1F)F)N1CCC(CC1)n1c(O)nc2c1cccn2,4.1,CHEMBL236593
C[C@@H]1CCCN1CCc1ccc2c(c1)ccc(n2)c1cnn(c1C)c1ccccn1,15,CHEMBL393581
C[C@@H]1CCCN1CCc1ccc2c(c1)ccc(n2)c1cnc2n(c1C)nc(c2)C,36,CHEMBL392573
C[C@@H]1CCCN1CCc1ccc2c(c1)ccc(n2)c1cn(nc1C)C,25,CHEMBL442242
C[C@@H]1CCCN1CCc1ccc2c(c1)ccc(n2)c1cc2cccnc2nc1C,44,CHEMBL263101
COCc1c(c2ccc(cc2)F)c(/C=C/[C@H](C[C@H](CC(=O)O)O)O)c(nc1C(C)C)C(C)C,0.76,CHEMBL1477
CCOC(=O)C1=C(C)NC(=C(C1c1cccc(c1Cl)Cl)C(=O)OC)C,1,CHEMBL1480
COC(=O)C1=C(C)NC(=C(C1c1cccc(c1)N(=O)=O)C(=O)OCCN(Cc1ccccc1)C)C,5,CHEMBL1484
CCCCc1nc(c(n1Cc1ccc(cc1)c1ccccc1c1n[nH]nn1)CO)Cl,1.35,CHEMBL191
OC(=O)COc1ccc(cc1C1CCCCCC1)Cl,50.25,CHEMBL398126
CN(C1CCN(CC1)C(=O)Cn1c2cc(ccc2c(c1c1cnn(c1)C)C1CCCCC1)c1[nH]oc(=O)n1)C,90.6,CHEMBL436831
CN(C(=O)Cn1c(c2ccccc2)c(c2c1cc(cc2)C(=O)N(S(=O)(=O)Cc1ccccc1)C)C1CCCCC1)C,99.9,CHEMBL400884
CN(CCS(=O)(=O)N=C(c1ccc2c(c1)n(CC(=O)N(C)C)c(c2C1CCCCC1)c1ccccc1)O)C,98.1,CHEMBL249506
O=C(N(C)C)Cn1c2cc(ccc2c(c1c1ccccc1)C1CCCCC1)C(=NS(=O)(=O)N(C)C)O,99.2,CHEMBL249483
CCS(=O)(=O)N=C(c1ccc2c(c1)n(CC(=O)N(C)C)c(c2C1CCCCC1)c1cocc1)O,99.2,CHEMBL249889
O=C(N(C)C)Cn1c2cc(ccc2c(c1c1cocc1)C1CCCCC1)C(=NS(=O)(=O)N(C)C)O,98.9,CHEMBL399364
CN(CCC[C@]1(CN(N=C1C(=O)C)c1cc(C)ccc1F)c1ccccc1)C,4,CHEMBL247044
O[C@@H](C[C@H](CC(=O)O)O)CCc1c(C(C)C)c(nn1c1ccc(cc1)F)C(=O)NCc1ccc(cc1)C,5.1,CHEMBL251188
Fc1ccccc1c1cc(NCOc2cccnc2)n2c(n1)c(Br)cn2,5,CHEMBL398622
NCCOCC1=C(C(=O)OCC)C(C(=C(N1)C)C(=O)OC)c1ccccc1Cl,3.8,CHEMBL1491
CCNC(=O)c1noc(c1c1ccc(cc1)CN1CCOCC1)c1cc(C(C)C)c(cc1O)O,5.1,CHEMBL252164
COc1c(OC)ccnc1CS(=O)c1nc2c([nH]1)cc(cc2)OC(F)F,2,CHEMBL1502
COc1ccc2c(c1)[nH]c(n2)S(=O)Cc1ncc(c(c1C)OC)C,5,CHEMBL1503
CCCCC1=NC2(C(=O)N1Cc1ccc(cc1)c1ccccc1c1n[nH]nn1)CCCC2,10,CHEMBL1513
CCCc1cc(O)nc(n1)S,18,CHEMBL1518
CCN(c1cccc(c1)c1ccnc2n1ncc2C#N)C(=O)C,40,CHEMBL1521
OC(=Nc1cccc(c1)C(=O)C)N[C@@H]1CCCC[C@H]1CN1CCC[C@H](C1)Cc1ccc(cc1)F,3.7,CHEMBL250689
OC(=NC1CCN(CC1)CCC1CCS(=O)(=O)C1)Nc1cc(cc(c1)C(F)(F)F)C(F)(F)F,3,CHEMBL253293
OC(=NC1CCN(CC1)CC1CCN(CC1)C(=O)C)Nc1cc(cc(c1)C(F)(F)F)C(F)(F)F,5,CHEMBL252502
OC(=NC1CCN(CC1)CC1=CC2N(C(C1)CCC2)C(=O)C)Nc1cc(F)cc(c1)C(F)(F)F,1.3,CHEMBL404736
OC(=Nc1cc(F)cc(c1)C(F)(F)F)NC1CC2CCC(C1)N2CC1=CC2N(C(C1)CCC2)C(=O)C,7,CHEMBL252258
COC(=O)N1CC2(CC2)C[C@@H]([C@H]1C(=O)N1CCC(C=C1)c1ccccc1)C(=NO)O,30,CHEMBL251865
COC(=O)N1CC2(CC2)C[C@@H]([C@H]1C(=O)N1CC=C(C1)c1ccccc1)C(=NO)O,34,CHEMBL252442
O=n1ccc(c(c1C)C(=O)N1CCC(CC1)(C)N1CCC(CC1)N(c1cccnc1)c1ccccc1)C,38,CHEMBL255858
Oc1nccc(c1c1nc2c([nH]1)c(C)cc(c2)N1CCOCC1)NCCc1ncn(c1Cl)C,3.8,CHEMBL256072
CC[C@H](Nc1ncc(s1)C(=Nc1cc(ccc1C)C(=NC)O)O)C,18,CHEMBL258202
COc1c(OC)cc2c(c1c1ccc(cc1)F)c(N)cc(n2)N1CCCN(CC1)C(=O)N1CCOCC1,6,CHEMBL257557
COc1cc2c(cc1OC)nc(nc2N1CCc2c(C1)cc(c(c2)OC)OC)N1CCCN(CC1)C(=O)N1CC(C(C1)O)O,3,CHEMBL255274
COc1cc2nc([nH]c(=N)c2c(c1OC)c1ccccn1)N1CCc2c(C1)cccc2NS(=O)(=O)C,7,CHEMBL401796
N#Cc1ccc(c(c1CC(=NCCONC(=N)N)O)F)NCC(c1ccc(cn1)C)(F)F,2.4,CHEMBL254784
N#Cc1ccc(c(c1CC(=NCCONC(=N)N)O)F)NCC(c1ccccn1)(F)F,44,CHEMBL257543
N#Cc1ccc(c(c1CC(=NCCONC(=N)N)O)F)NCC(c1ccccc1)(F)F,6.3,CHEMBL404025
NC(=N)NOCCN=C(Cn1c(C)ccc(c1=O)NS(=O)(=O)c1cccc(c1)C)O,54.3,CHEMBL256941
N#Cc1ccc(c(c1CC(=NCc1ccc2c(c1)o[nH]c2=N)O)F)NCC(c1ccccn1)(F)F,1.3,CHEMBL256091
N#Cc1ccc(c(c1CC(=NCc1ccc(=N)[nH]c1)O)F)NCC(c1ccccn1)(F)F,15,CHEMBL255916
N#Cc1ccc(c(c1CC(=NCc1ccc(=N)[nH]c1C)O)F)NCC(c1ccccn1)(F)F,11,CHEMBL258018
N#Cc1ccc(c(c1CC(=NCCONC(=N)N)O)F)NCC(c1ccc(c(c1)F)F)(F)F,1,CHEMBL403310
N#Cc1ccc(c(c1CC(=NCCONC(=N)N)O)F)NCC(c1cccc(c1)Cl)(F)F,4.8,CHEMBL403359
COc1c(cc(cc1NS(=O)(=O)C)C(C)(C)C)N=C(c1ccc(c(c1)N1NNC(=C1)C(=NCC(C)(C)C)O)C)O,8,CHEMBL256958
COc1c(cc(cc1NS(=O)(=O)C)C(C)(C)C)N=C(c1ccc(c(c1)N1NNC(=C1)C(=NCC(O)(C)C)O)C)O,34,CHEMBL403454
CN1CCN(CC1)C(=O)c1cc(F)ccc1CN=C(c1nc(n(c(=O)c1O)C)C(C)(C)C)O,34,CHEMBL401801
Fc1ccc(c(c1)C(=O)N(C)C)CN=C(c1nc(n(c(=O)c1O)C)C(C)(C)C)O,18,CHEMBL410444
Fc1ccc(c(c1)C(=NCC(F)(F)F)O)CN=C(c1nc(n(c(=O)c1O)C)C(C)(C)C)O,1,CHEMBL260913
Fc1ccc(c(c1)C(=NC(C)C)O)CN=C(c1nc(n(c(=O)c1O)C)C(C)(C)C)O,1,CHEMBL260082
CCN=C(c1cc(F)ccc1CN=C(c1nc(n(c(=O)c1O)C)C(C)(C)C)O)O,3,CHEMBL408938
Cc1nnc(o1)c1cn2c(c1C(C)C)c(=Nc1cnc3c(c1)cc([nH]3)C)nc[nH]2,2.8,CHEMBL261592
Fc1ccc(c(c1)C(=N)O)CN=C(c1nc(n(c(=O)c1O)C)C(C)(C)C)O,6,CHEMBL258681
CN=C(c1cc(F)ccc1CN=C(c1nc(n(c(=O)c1O)C)C(C)(C)C)O)O,7,CHEMBL411299
O=C1N=CC=C2C1C=C(c1ccccc1)C(=N2)c1ccc(cc1)CN1CCC(CC1)c1[nH]nc(n1)c1ccccn1,2.7,CHEMBL262341
OC(=O)CN1c2ccc(cc2[C@@]2(C1=O)CC(=O)N(C2)Cc1cc(Cl)ccc1F)Cl,1,CHEMBL260013
OCC(CCn1cnc2c1[nH]c(=N)nc2O)CO,90,CHEMBL1540
OC(=N[C@H]1[C@H]2SCC(=C(N2C1=O)C(=O)O)C=C)/C(=N\OCC(=O)O)/c1csc(=N)[nH]1,35,CHEMBL1541
COc1cc(ccc1OCc1ccc(cc1)OC)Cc1c[nH]c(=N)[nH]c1=N,2,CHEMBL261849
OC[C@H](Nc1nc(SCc2cccc(c2F)F)[nH]c2c1cc(C#N)c(=O)n2)C,1.7,CHEMBL403656
OC[C@H](Nc1nc(SCc2cccc(c2F)F)nc2c1sc(n2)NS(=O)(=O)C)C,1.1,CHEMBL429682
OC[C@H](Nc1nc(SCc2cccc(c2F)F)[nH]c2c1ncc(=N)n2)C,5.2,CHEMBL271703
C[C@@H](Nc1nc(SCc2cccc(c2F)F)[nH]c2c1[nH]c(=N)n2)CO,2.3,CHEMBL257006
OC[C@H](Nc1nc(SCc2csc(n2)C)nc2c1sc(n2)O)C,0.87,CHEMBL402728
OC[C@H](Nc1nc(SCc2ccco2)nc2c1sc(n2)O)C,1.8,CHEMBL272705
OC[C@H](Nc1nc(SCc2ccccc2)nc2c1sc(n2)O)C,0.27,CHEMBL402986
OC[C@H](Nc1nc(SCc2ccccc2F)nc2c1sc(n2)O)C,0.16,CHEMBL271012
OC[C@H](Nc1nc(SCc2ccccc2)[nH]c2c1sc(=N)n2)C,5.5,CHEMBL271013
CC(Oc1cc(F)c2c(c1)[nH]c(=N[C@@H]1C[C@H]3CC[C@@H](C1)N3CC1=CC3N(C(C1)CCC3)C(=O)C)cc2)C,1.8,CHEMBL429598
CC(Oc1ccc2c(c1)[nH]c(=N[C@@H]1C[C@H]3CC[C@@H](C1)N3CC1=CC3N(C(C1)CCC3)C(=O)C)cc2)C,3.3,CHEMBL256850
CC(=O)N1C2CCCC1C=C(C2)CN1[C@@H]2CC[C@H]1C[C@@H](C2)N=c1ccc2c([nH]1)ccc(c2)C(F)(F)F,1.6,CHEMBL257017
CC(=O)N1C2CCCC1C=C(C2)CN1[C@@H]2CC[C@H]1C[C@@H](C2)N=c1ccc2c([nH]1)ccc(c2)OC(F)(F)F,5.8,CHEMBL444542
COc1cc(F)c2c(c1)[nH]c(=NC1CCN(CC1)CC1=CC3N(C(C1)CCC3)C(=O)C)cc2,3.7,CHEMBL271636
CC(=O)N1C2CCCC1C=C(C2)CN1CCC(CC1)N=c1ccc2c([nH]1)ccc(c2)OC(F)(F)F,4.5,CHEMBL404028
CC(=O)N1C2CCCC1C=C(C2)CN1CCC(CC1)N=c1ccc2c([nH]1)ccc(c2)C(F)(F)F,4.6,CHEMBL256188
Clc1ccc2c(c1)ccc(=NC1CCN(CC1)CC1=CC3N(C(C1)CCC3)C(=O)C)[nH]2,4.4,CHEMBL256190
CC(=O)N1C2CCCC1C=C(C2)CN1CCC(CC1)N=c1ccc2c([nH]1)nc(cc2C(F)(F)F)C(F)(F)F,4.5,CHEMBL402514
CN=C(c1cc(F)ccc1CN=C(c1nn2c(c1O)C(=O)N(C[C@@H]2c1ccccc1)C)O)O,88,CHEMBL256240
CN=C(c1cc(F)ccc1CN=C(c1nn2c(c1O)C(=O)N(C[C@H]2c1ccccc1)C)O)O,88,CHEMBL402018
COC[C@H]1CCCN1C(=O)c1cc(C)cc(c1)C(=N[C@H]([C@@H]([C@@H]1NC[C@@H](C1)Oc1ccccc1)O)Cc1cc(F)cc(c1)F)O,4,CHEMBL403195
COc1cc2c(ccnc2cc1OC)Oc1ccc2c(c1)cccc2C(=O)Nc1ccc(cc1)Cl,0.7,CHEMBL429743
Fc1ccc(cc1)CN=C(c1nc2n(c(=O)c1O)CCC[C@@H]2N(S(=O)(=O)N(C)C)C)O,13,CHEMBL270744
Fc1ccc(cc1)CN=C(c1nc2n(c(=O)c1O)CCC[C@H]2N(S(=O)(=O)N(C)C)C)O,19,CHEMBL408479
Fc1ccc(cc1)CN=C(c1nc2C(CCCn2c(=O)c1O)N(C(=O)CS(=O)(=O)C)C)O,30,CHEMBL406657
Fc1ccc(cc1)CN=C(c1nc2[C@H](CCCn2c(=O)c1O)N(C(=O)CS(=O)(=O)N(C)C)C)O,22,CHEMBL272172
Fc1ccc(cc1)CN=C(c1nc2C(CCCn2c(=O)c1O)N(C(=O)CS(=O)(=O)N(C)C)C)O,19,CHEMBL408480
Fc1ccc(cc1)CN=C(c1nc2[C@H](CCCCn2c(=O)c1O)N(C(=O)C(=O)N(C)C)C)O,19,CHEMBL408962
COc1cc2nccc(c2cc1OC)Oc1ccc2c(c1)OCCN2C(=O)Nc1ccc(cc1)Cl,0.8,CHEMBL270548
Fc1ccc(cc1)CN=C(c1nc2[C@H](CCCn2c(=O)c1O)N(C(=O)C(=O)N(C)C)C)O,37,CHEMBL410850
CN1CCN(CC1)c1ccc(cc1)Nc1ncc(cn1)N=C(c1cc(ccc1C)N=C(c1cccc(c1)C(F)(F)F)O)O,3.3,CHEMBL272888
COc1cc(OC)cc(c1)C(=Nc1ccc(c(c1)C(=Nc1cnc(nc1)Nc1ccc(cc1)N1CCN(CC1)C)O)C)O,3.2,CHEMBL272850
CN1CCN(CC1)c1ccc(cc1)Nc1ncc(cn1)N=C(c1cc(ccc1C)N=C(c1ccc2c(c1)OC(O2)(F)F)O)O,4.2,CHEMBL271141
CN1CCN(CC1)c1ccc(cc1)Nc1ncc(cn1)N=C(c1cc(ccc1C)N=C(c1cc(F)cc(c1)C(F)(F)F)O)O,3.6,CHEMBL407063
SC[C@H](C(=O)N1CCC[C@H]1C(=O)O)C,72.5,CHEMBL1560
OCC(c1ccccc1)C(=O)O[C@@H]1C[C@@H]2CC[C@H](C1)N2C,56,CHEMBL517712
OCCN1C[C@H](O)[C@H]([C@@H]([C@H]1CO)O)O,90,CHEMBL1561
OC(=N)Nc1sc(cc1C(=N[C@H]1CCCNC1)O)c1ccccc1,7.7,CHEMBL487273
CCCN1CCC(CC1)c1nc2c([nH]1)c(ccc2)C(=N)O,43,CHEMBL452800
O[C@@H]([C@H](C(=N[C@@H]1CCCc2c1ccc(c2)CN1CCCCC1)O)O)CS(=O)(=O)c1ccc2c(c1)cccc2,2.46,CHEMBL453339
O[C@@H]([C@H](C(=N[C@@H]1CCCc2c1ccc(c2)CN1CCCCC1)O)O)CS(=O)(=O)c1cccc(c1)C(F)(F)F,28.21,CHEMBL455642
Clc1cccc(c1)OCC(=NC1CCN(CC1)Cc1ccn(c1)c1ccc(cc1)OC(F)(F)F)O,3.2,CHEMBL512185
CN=C(c1ccc(cc1F)Nc1nccc(n1)c1cnc(n1C(C)C)C)O,8,CHEMBL455428
OC(=NC1CCCCC1)NS(=O)(=O)c1ccc(cc1)C(=O)C,25,CHEMBL1589
OC(=N[C@@H]1C(=O)N2[C@@H]1SCC(=C2C(=O)O)C)[C@@H](C1=CCC=CC1)N,95,CHEMBL1604
C[C@@H]1NCCN(C1)Cc1ccc(cc1)CC(=O)N1CCC(CC1)Nc1cccc(c1)F,17,CHEMBL489095
COCCCN1CCN(CC1)[C@@H]1CC[C@H](CC1)n1nc(c2c1ncnc2N)c1ccc2c(c1)[nH]c(n2)Cc1ccccc1OC,3.3,CHEMBL443098
CN1C(=O)[C@H](C[C@H]1C#Cc1ccccc1)CN1CCCCC1,17,CHEMBL454407
O=C(N(C1CCN(CC1)CC1(CC1)C(=N)O)C1CC1)c1ccc(cc1)[C@@](C(F)(F)F)(O)C,48,CHEMBL453620
COc1cccc(c1c1cc(nn1c1ccnc2c1ccc(c2)Cl)C(=N[C@H](C(=O)O)CC(C)C)O)OC,50.05,CHEMBL508044
OC(=O)C1CCN(CC1)c1ncc(cc1Cl)C(=Nc1scc(n1)c1cccc(c1F)C(F)(F)F)O,0.5,CHEMBL523975
CN1CCOC(c2c(C1)cccc2)c1ccccc1,27,CHEMBL465026
OC(=O)CC12CCC(CC1)(CC2)c1ccc(cc1)C1=Nc2c(N)ncnc2OC1(C)C,1,CHEMBL473384
CCOc1cc(ccc1OC)[C@H](N1C(=O)c2c(C1=O)c(ccc2)N=C(O)C)CS(=O)(=O)C,32,CHEMBL514800
Clc1ccc(nc1)N=C(c1ccccc1NC(=O)c1ccc(cc1)C(=N)N(C)C)O,27,CHEMBL471725
COc1ccc(c(c1)C(=Nc1ccc(cn1)Cl)O)NC(=O)c1ccc(cc1)C(=N)N(C)C,80,CHEMBL512351
COc1ccc(c(c1)C(=Nc1ccc(cn1)Cl)O)N=C(c1ccc(cc1F)C(=N)N(C)C)O,63.4,CHEMBL515919
O=C(N1CCC(C1)(F)F)[C@H]1NC[C@H](C1)N1CCN(CC1)c1ncccn1,80,CHEMBL515387
OCC(=NC1CCN(CC1)Cc1ccc(cc1)Oc1nc2c(s1)cccc2)O,5,CHEMBL479383
Fc1ccc(cc1)CN=C(C1=C(O)C(=O)N(C1)Cc1ccccn1)O,1,CHEMBL480531
C1CCN(CC1)CCOc1ccc(cc1)Oc1nc2c(o1)cccc2,4,CHEMBL481863
COC(=O)N1CCN(CC1)C1CCN(CC1)c1cc(C)c2c(c1)nc([nH]2)c1c(NC[C@H](c2cccc(c2)Cl)O)ccnc1O,1.5,CHEMBL505919
CC(Cc1sc(=N)[nH]c1c1ccc(o1)P(=O)(O)O)C,7,CHEMBL495498
O[C@H](COc1ccc(cc1)NS(=O)(=O)C)CNCCc1ccc(c(c1)Cl)Cl,2,CHEMBL492438
CNC1CN(C1)c1nc(=N)[nH]c2c1CCCc1c2cccc1,52,CHEMBL522673
Fc1ccc2c(c1)c1[nH]c(=N)nc(c1CCC2)N1CCNCC1,39,CHEMBL523225
N=c1nc(N2CCNCC2)c2c([nH]1)C(CCCC2)c1ccccc1,41,CHEMBL492231
CN=c1[nH]oc2c1ccc(c2c1ccc2c(c1)cnnc2N1CCOC[C@@H]1C)C,8,CHEMBL523374
N#Cc1ccc(cc1)c1cc(nc(=N)[nH]1)N1CCNCC1,93,CHEMBL494890
CN1CCN(CC1)c1cc([nH]c(=N)n1)c1ccccc1,51,CHEMBL492884
Clc1ccc2c(c1)cc([nH]2)C(=O)N1CCNCC1,42,CHEMBL503605
CN1CCN(CC1)c1nc(=N)[nH]c2c1CCc1c2cccc1,22,CHEMBL494093
N=c1nc(N2CCNCC2)c2c([nH]1)c1ccccc1CC2,59,CHEMBL493281
N=c1nc(N2CCNCC2)c2c([nH]1)c1ccccc1C2,72,CHEMBL521995
N[C@@H]1CCN(C1)c1nc(=N)[nH]c2c1CCCc1c2cccc1,52,CHEMBL502347
CN[C@@H]1CCN(C1)c1nc(=N)[nH]c2c1CCCc1c2cccc1,51,CHEMBL521996
Clc1ccc(cc1)S(=O)(=O)C(C(=Nc1ccc(c(c1)C(F)(F)F)Cl)O)(C)C,0.2,CHEMBL466603
Clc1ccc(cc1)S(=O)(=O)C(C(=O)Nc1cc(nn1C)C(C)(C)C)(C)C,6.4,CHEMBL467029
CCOc1cc2[nH]cc(c(=Nc3ccc(cc3F)C)c2cc1N1CCN(CC1)C)C(=N)O,6,CHEMBL521096
CCOc1cc2[nH]cc(c(=Nc3cc(C)ccc3F)c2cc1N1CCN(CC1)C)C(=N)O,6,CHEMBL481212
CCOc1cc2[nH]cc(c(=Nc3cc(F)ccc3F)c2cc1N1CCN(CC1)C)C(=N)O,7.3,CHEMBL479848
CN(CC(=O)N1CCn2c3cc(ccc3c(c2c2c(C1)cc(F)cc2)C1CCCCC1)C(=O)O)C,2,CHEMBL520448
CN1CCN(CC1)c1cc2c(cc1OC(C)C)[nH]cc(c2=Nc1ccc(c(c1)Cl)Cl)C(=N)O,1,CHEMBL518770
COCCOc1cc2[nH]cc(c(=Nc3cccc(c3Cl)Cl)c2cc1N1CCN(CC1)C)C(=N)O,10,CHEMBL480221
COCCOc1cc2[nH]cc(c(=Nc3cccc(c3F)Cl)c2cc1N1CCN(CC1)C)C(=N)O,39,CHEMBL519442
COCCOc1cc2[nH]cc(c(=Nc3ccc(cc3F)C)c2cc1N1CCN(CC1)C)C(=N)O,16,CHEMBL481205
COc1cc2[nH]cc(c(=Nc3ccc(cc3Cl)Cl)c2cc1N1CCN(CC1)C)C(=N)O,3.2,CHEMBL481223
COc1cc2[nH]cc(c(=Nc3ccc(c(c3)Cl)Cl)c2cc1N1CCN(CC1)C)C(=N)O,3.6,CHEMBL481423
COc1cc2[nH]cc(c(=Nc3cccc(c3Cl)Cl)c2cc1N1CCN(CC1)C)C(=N)O,4.5,CHEMBL480250
COc1cc2[nH]cc(c(=Nc3ccc(cc3F)F)c2cc1N1CCN(CC1)C)C(=N)O,25,CHEMBL480445
CN1CCN(CC1)c1ccc2c(c1)c(=Nc1ccc(cc1Cl)Cl)c(c[nH]2)C(=N)O,1.8,CHEMBL521407
CN1CCN(CC1)c1ccc2c(c1)c(=Nc1ccc(c(c1)Cl)Cl)c(c[nH]2)C(=N)O,5.8,CHEMBL480456
CN1CCN(CC1)c1ccc2c(c1)c(=Nc1cccc(c1Cl)Cl)c(c[nH]2)C(=N)O,4.6,CHEMBL480457
CN1CCN(CC1)c1ccc2c(c1)c(=Nc1ccc(cc1F)F)c(c[nH]2)C(=N)O,26,CHEMBL481400
CN1CCN(CC1)c1cc2c(cc1F)[nH]cc(c2=Nc1cccc(c1Cl)Cl)C(=N)O,4.4,CHEMBL481401
CN1CCN(CC1)c1cc2c(cc1F)[nH]cc(c2=Nc1ccc(cc1F)F)C(=N)O,24,CHEMBL481596
O=C1Cn2c(c3c(CN1C)cccc3)c(c1c2cc(cc1)C(=O)O)C1CCCCC1,0.3,CHEMBL520271
CCOc1cc2[nH]cc(c(=Nc3cccc(c3Cl)Cl)c2cc1N1CCN(CC1)C)C(=N)O,2,CHEMBL481008
CCOc1cc2[nH]cc(c(=Nc3cccc(c3Cl)Cl)c2cc1N1CCN(CC1)CC)C(=N)O,1.9,CHEMBL479840
CCOc1cc2[nH]cc(c(=Nc3cccc(c3Cl)Cl)c2cc1N1CCCN(CC1)C(C)C)C(=N)O,4.9,CHEMBL521429
OCCN1CCN(CC1)c1cc2c(cc1OCC)[nH]cc(c2=Nc1cccc(c1Cl)Cl)C(=N)O,4.8,CHEMBL481605
CCOc1cc2[nH]cc(c(=Nc3cccc(c3Cl)Cl)c2cc1N1CCN(CC1)C(=O)C)C(=N)O,9.6,CHEMBL480822
CCOc1cc2[nH]cc(c(=Nc3cccc(c3Cl)Cl)c2cc1N1CCN(CC1)C(=O)CO)C(=N)O,16,CHEMBL481612
CCOc1cc2[nH]cc(c(=Nc3ccc(cc3F)F)c2cc1N1CCN(CC1)C)C(=N)O,11,CHEMBL481806
CCOc1cc2[nH]cc(c(=Nc3ccc(cc3F)F)c2cc1N1CCN(CC1)CC)C(=N)O,4.6,CHEMBL481807
CCOc1cc2[nH]cc(c(=Nc3ccc(cc3F)F)c2cc1N1CCN(CC1)C(C)C)C(=N)O,14,CHEMBL480830
CCOc1cc2[nH]cc(c(=Nc3ccc(cc3F)F)c2cc1N1CCCN(CC1)C)C(=N)O,31,CHEMBL520431
CCOc1cc2[nH]cc(c(=Nc3ccc(cc3F)F)c2cc1N1CCC(CC1)O)C(=N)O,8.9,CHEMBL481717
CCOc1cc2[nH]cc(c(=Nc3ccc(cc3F)F)c2cc1N1CCN(CC1)C1CC1)C(=N)O,1.4,CHEMBL481564
F[C@H]1C[C@H](N(C1)C(=O)Cc1ccc2c(c1)oc(=Nc1ccccc1C)[nH]2)CO[C@@H]1CC[C@H](CC1)C(=O)O,3,CHEMBL481501
CCOc1cc2[nH]cc(c(=Nc3ccc(cc3F)F)c2cc1N1CCCN(CC1)C1CC1)C(=N)O,2.2,CHEMBL480924
CCOc1cc2[nH]cc(c(=Nc3ccc(c(c3)Cl)F)c2cc1N1CCN(CC1)C)C(=N)O,3.4,CHEMBL481572
CCOc1cc2[nH]cc(c(=Nc3ccc(c(c3)Cl)Cl)c2cc1N1CCN(CC1)C)C(=N)O,0.8,CHEMBL481905
CN(CCN1CC[C@@H]2[C@@H]1c1ccccc1c1n(C2)c2cc(ccc2c1C1CCCCC1)C(=O)O)C,8.5,CHEMBL482342
OC(=O)c1ccc2c(c1)n1C[C@@H]3CCN([C@H]3c3c(c1c2C1CCCCC1)cccc3)CCN1CCCCC1,8,CHEMBL480576
CN1CCC(CC1)C(=N[C@H](c1ncc([nH]1)c1ccc2c(c1)cccc2)CCCCCC(=O)C)O,4,CHEMBL468513
NC/C=C\CN(C[C@H]1O[C@H]([C@@H]([C@@H]1O)F)n1cnc2c1ncnc2N)C,76.7,CHEMBL466624
NC/C=C\CN(C[C@H]1O[C@H]([C@H]([C@@H]1O)F)n1cnc2c1ncnc2N)C,67.8,CHEMBL443705
NC/C=C\CN(C[C@H]1O[C@H]([C@@H]([C@@H]1O)O)n1cnc2c1nc(Cl)nc2N)C,61,CHEMBL468092
NC/C=C\CN(C[C@H]1O[C@H]([C@@H]([C@@H]1O)O)n1cnc2c1nc(C)nc2N)C,58.8,CHEMBL467047
Cc1ccc(c(c1)C(=O)N1CCCN(CC1)c1ncc2c(n1)cccc2)n1nccn1,2.4,CHEMBL469146
Cc1cc(Cl)c(c(c1)Cl)OCCOc1ccc(cc1)C1=C([C@@H]2N[C@H](C1)CN(C2)C(=O)C)C(=O)N(C1CC1)Cc1cccc(c1C)C,1,CHEMBL449638
O=C(C1=C(C[C@H]2N[C@@H]1CNC2)c1ccc(cc1)CCCOc1c(F)ccc(c1Cl)F)N(C1CC1)Cc1cccc(c1Cl)Cl,1,CHEMBL509903
Oc1ccc(cc1)[C@H](C(=N[C@@H]1C(=O)N2[C@@H]1SCC(=C2C(=O)O)C)O)N,39,CHEMBL1644
Fc1ccc(cc1)CNC(=O)c1nc(C2CC(=O)N(C2)C)c2c(c1O)nccc2,1.2,CHEMBL476357
CCN1CC(CC1=O)c1nc(C(=O)NCc2ccc(cc2)F)c(c2c1cccn2)O,1.1,CHEMBL476564
Fc1ccc(cc1)CNC(=O)c1nc(C2CC(=O)N(C2)C(C)C)c2c(c1O)nccc2,2.2,CHEMBL476565
Fc1ccc(cc1)CNC(=O)c1nc(C2CC(=O)N(C2)CC(=O)N(C)C)c2c(c1O)nccc2,5.2,CHEMBL478239
Fc1ccc(c(c1)S(=O)(=O)C)CNC(=O)c1nc(C2CC(=O)N(C2)C)c2c(c1O)nccc2,3,CHEMBL478452
CCN1CC(CC1=O)c1nc(C(=O)NCc2ccc(cc2S(=O)(=O)C)F)c(c2c1cccn2)O,4,CHEMBL514555
N#Cc1cc(cc(c1)Cl)Oc1cc(ccc1Cl)OCc1[nH][nH]c2c1ccc(=N)n2,3.5,CHEMBL489586
OC(=N)c1cccc2c1[nH]c(n2)[C@@]1(C)CCCN1,59,CHEMBL506871
CCc1ccccc1C(=O)N(C1CCC2(CC1)OCCO2)C(Cc1ccc(cc1)Cl)CN(C)C,0.4,CHEMBL467571
CCc1ccccc1C(=O)N(C1CCC2(CC1)OCCO2)[C@@H](Cc1ccc(cc1)Cl)CCN1CCOCC1,2.7,CHEMBL468625
CCOC(=O)CCN=C(C1CCn2c1ccc2C(=O)c1ccccc1)O,62.1,CHEMBL511503
CCOC(=O)C(N=C(C1CCn2c1ccc2C(=O)c1ccccc1)O)C,81.1,CHEMBL456910
CCOC(=O)CN=C(C1CCn2c1ccc2C(=O)c1ccccc1)O,55,CHEMBL508353
CCOC(=O)C(C(C)C)N=C(C1CCn2c1ccc2C(=O)c1ccccc1)O,55,CHEMBL457139
CCC(C(C(=O)OCC)N=C(C1CCn2c1ccc2C(=O)c1ccccc1)O)C,55,CHEMBL457141
CCOC(=O)C(N=C(C1CCn2c1ccc2C(=O)c1ccccc1)O)CC(=O)OCC,55,CHEMBL456503
CCOC(=O)C(N=C(C1CCn2c1ccc2C(=O)c1ccccc1)O)CCC(=O)OCC,55,CHEMBL456504
CCO/N=C(/c1[nH]sc(=NP(=O)(O)[O-])n1)\C(=N[C@@H]1C(=O)N2[C@@H]1SCC(=C2C(=O)O)Sc1scc(n1)c1cc[n+](cc1)C)O,80,CHEMBL501122
CO/N=C(/c1csc(=N)[nH]1)\C(=N[C@H]1[C@H]2SCC(=C(N2C1=O)C(=O)O)COC)O,75,CHEMBL1672
CCN1CCN(C(=O)C1=O)C(=N[C@H](c1ccc(cc1)O)C(=N[C@@H]1C(=O)N2[C@@H]1SCC(=C2C(=O)O)CSc1nnnn1C)O)O,12.5,CHEMBL507674
O=CN1C(CNc2ccc(cc2)C(=O)N[C@H](C(=O)O)CCC(=O)O)CNc2c1c(O)nc(=N)[nH]2,8.7,CHEMBL1679
OC[C@@H](c1ccc(cc1)F)Nc1ncc(c(n1)N=c1[nH][nH]c(c1)C1CC1)Cl,4.4,CHEMBL514257
CC(Oc1n[nH]c(c1)N=c1[nH]c(ncc1Cl)N[C@H](c1ccc(cn1)F)C)C,6.9,CHEMBL457614
O=C1CCc2c(C1)ccc(c2)c1cccnc1,76,CHEMBL462093
O=C1CCc2c1ccc(c2)c1cccnc1,78,CHEMBL448743
Clc1ccc(nc1)N=C(c1ccccc1NC(=O)c1ccc(cc1)C(=N)N1CCCCC1)O,11,CHEMBL511643
Clc1ccc(nc1)N=C(c1ccccc1NC(=O)c1ccc(cc1)C1=NCCN1C)O,18,CHEMBL471457
COc1cc(ccc1O)c1cc(cnc1N)c1ccc(cc1)S(=O)(=O)C,17.2,CHEMBL528966
COc1ccc(cn1)c1cc(cnc1N)c1ccc(cc1)S(=O)(=O)C,10,CHEMBL531475
OC(=Nc1cc(ccc1n1ncnc1)C(F)(F)F)C1(CC1)c1ccccc1,1,CHEMBL535714
COC(=O)C1=C(C)NC(=C(C1c1ccccc1N(=O)=O)C(=O)OCC(C)C)C,1,CHEMBL1726
OC(=O)Cc1c2cccnc2n(c1C)S(=O)(=O)c1ccc(c(c1)Cl)Cl,6.6,CHEMBL560279
N[C@@H](C(=N[C@@H]1C(=O)N2[C@@H]1SCC(=C2C(=O)O)C)O)c1ccccc1,85,CHEMBL1727
O[C@@H]1CC[C@H](CC1)Nc1cc(ccc1C(=N)O)n1nc(c2c1CC(C)(C)CC2=O)C(F)(F)F,6.8,CHEMBL560895
C=C[C@@H]1C[C@]1(N=C([C@@H]1C[C@@H]2CN1C(=O)[C@@H](N[C@@H](CCCCCCc1c3CN(C(=O)O2)Cc3ccc1)C(F)(F)F)C(C)C)O)C(=NS(=O)(=O)C1CC1)O,1.9,CHEMBL552993
CO/N=C(/c1csc(=N)[nH]1)\C(=N[C@@H]1C(=O)N2[C@@H]1SCC(=C2C(=O)O)COC(=O)C)O,49,CHEMBL1730
OC(=NCC1(O)CCCCCC1)c1cc(ccc1Cl)n1ncc(nc1=O)O,18,CHEMBL560423
N#CN=C(N[C@H]1CCCCN(C1=O)CC(=O)N1CCCC1)Nc1ccc2c(c1)cc(o2)C,50,CHEMBL551991
COc1cc(ccc1F)N=C(c1ccccn1)O,5.1,CHEMBL551635
OC(=Nc1cccc(c1)C(F)(F)F)c1ccccn1,1.3,CHEMBL571453
OC(=O)[C@@H](N[C@H](C(=O)N1Cc2ccccc2C[C@H]1C(=O)O)C)CCc1ccccc1,32,CHEMBL1733
O=C(N1CCc2c([C@@H]1c1ccccc1)cccc2)O[C@H]1CN2CCC1CC2,2,CHEMBL1734
FC(Oc1cccc(c1)N=C(c1ccccn1)O)F,4,CHEMBL541754
CC(NCCCN=C(Nc1c(C)cccc1C)O)C,86,CHEMBL551786
CCOc1cc(ccc1OCC)/C=C/1\NCCc2c1cc(OCC)c(c2)OCC,12,CHEMBL551978
OC(=Nc1cccc(c1)OC(F)(F)F)c1ccccn1,0.8,CHEMBL559271
CC[C@H]1OC(=O)[C@H](C)[C@@H](O[C@H]2C[C@@](C)(OC)[C@H]([C@@H](O2)C)O)[C@H](C)[C@@H](O[C@@H]2O[C@H](C)C[C@@H]([C@H]2O)N(C)C)[C@](C[C@H](C(=O)[C@@H]([C@H]([C@]1(C)O)O)C)C)(C)OC,58,CHEMBL1741
CCN(C(=O)[C@H]1CN(C(=Nc2ccccc2)O)[C@H]2C(=C1)c1cccc3c1c(C2)c[nH]3)CC,1,CHEMBL584554
Fc1ccc(cn1)N=C([C@]1(C)CCCN1c1nc(=Nc2n[nH]c(c2)C2CC2)c2n([nH]1)ccc2)O,4.1,CHEMBL575448
OC(=NCCCCC1CCN(CC1)C(=O)c1ccccc1)/C=C/c1cccnc1,0.7,CHEMBL566757
OC[C@H](c1cccc(c1)Cl)NC(=O)c1[nH]cc(c1)c1nc(ncc1C)Nc1ccc(cc1Cl)F,1,CHEMBL583042
COc1cccc(c1)N=c1c(c[nH]c2c1cc(cc2C)S(=O)(=O)c1cccc(c1)C(=O)N(C)C)C(=N)O,1.5,CHEMBL570015
CCCOCCn1c2cc(ncc2nc(c1=O)NCCN)c1ccc(nc1)OC,24.3,CHEMBL567469
CCCOCCn1c(=O)c(NCCNCCO)nc2c1cc(nc2)c1ccc(nc1)OC,19.6,CHEMBL567252
O=C1OCC(=C1)[C@H]1CC[C@]2([C@]1(C)[C@H](O)C[C@H]1[C@H]2CC[C@H]2[C@]1(C)CC[C@@H](C2)O[C@H]1C[C@H](O)[C@@H]([C@H](O1)C)O[C@H]1C[C@H](O)[C@@H]([C@H](O1)C)O[C@H]1C[C@H](O)[C@@H]([C@H](O1)C)O)O,77.5,CHEMBL1751
OCC(Cn1cnc2c1c(=O)n(C)c(=O)n2C)O,60,CHEMBL1752
CCC[C@H]1CN([C@@H](C1)C(=N[C@@H]([C@H]1O[C@H](SC)[C@@H]([C@H]([C@H]1O)O)O)[C@@H](Cl)C)O)C,6,CHEMBL1753
Cc1[nH]c2c(n1)CCN(c1c2cccc1)C(=O)c1ccc(cc1)NC(=O)c1ccccc1c1ccccc1,0.47,CHEMBL1755
COc1cnc2c(c1)nccc2NCc1nnc2n1nc(cc2)c1snc(c1)C,2.5,CHEMBL566685
O=C1[C@H](CCCCN1CC(=O)N1CCCC1)N=C(N=C(c1ccc(nc1)C(=O)N(C)C)O)Nc1ccc2c(c1)cc(o2)C,12,CHEMBL570867
OC(c1cc(O)cc(c1)O)CNC(C)(C)C,74,CHEMBL1760
CC(C(=Nc1c(C)cccc1C)O)N,87,CHEMBL1762
COc1ccc2c(c1)N(C[C@@H](CN(C)C)C)c1c(S2)cccc1,3.4,CHEMBL1764
Clc1ccc(cc1)CN=C(C1(N)CCN(CC1)c1ncnc2c1cc[nH]2)O,22,CHEMBL598194
CCCOCCn1c2cc(ncc2nc(c1=O)N1CCNCC1)c1ccc(nc1)OC,18.4,CHEMBL591477
CCCOCCn1c2cc(ncc2nc(c1=O)N1CCN(CC1)CCO)c1ccc(nc1)OC,25.1,CHEMBL591501
OC[C@@H]1Oc2ccc(cc2O[C@H]1c1ccc(c(c1)OC)O)[C@H]1Oc2cc(O)cc(c2C(=O)[C@@H]1O)O,5,CHEMBL592675
Clc1cc(F)c(c(c1)c1cnc(c(c1)F)CN=C(N(C1CCC(CC1)(F)F)O)O)c1nnn(n1)C,1.3,CHEMBL599285
OC(=O)c1cn(Cc2ccc(cc2)n2ccc3c2cccn3)c2c(c1=O)c(F)ccc2,3.9,CHEMBL598943
O=C1OCCN1c1ccc(cc1)Cn1cc(C(=O)O)c(=O)c2c1cccc2F,22.4,CHEMBL599142
OC(=O)c1cn(Cc2ccc(cc2)n2cccn2)c2c(c1=O)c(F)ccc2F,5.1,CHEMBL599143
OC(=O)c1cn(Cc2ccc(cc2)n2cccn2)c2c(c1=O)cccc2F,1.7,CHEMBL599144
CCCCOC(=O)N1CCN(CC1)C(=O)[C@@H](N=C(c1cc(cc(n1)c1ccccc1)N1CCC(CC1)C(=O)N1CCCC1)O)CCC(=O)O,3.7,CHEMBL601906
CCCCCOC(=O)N1CCN(CC1)C(=O)[C@@H](N=C(c1cc(cc(n1)c1ccccc1)N1CCC(CC1)C(=O)N1CCCC1)O)CCC(=O)O,5.7,CHEMBL601907
OC(=O)c1cn(Cc2ccc(cc2)n2cccn2)c2c(c1=O)c(F)ccc2,10.1,CHEMBL600420
Cc1ccn(n1)c1ccc(cc1)Cn1cc(C(=O)O)c(=O)c2c1cccc2F,7.7,CHEMBL600216
OC(=O)c1cn(Cc2ccc(cc2)n2cncc2)c2c(c1=O)c(F)ccc2,11.9,CHEMBL590500
OC(=O)c1cn(Cc2ccc(cc2)n2cnc(c2)c2ccccc2)c2c(c1=O)c(F)ccc2,0.9,CHEMBL602500
OC(=O)c1cn(Cc2ccc(cc2)n2cnc3c2cccc3)c2c(c1=O)c(F)ccc2,6.45,CHEMBL602903
OC(=O)c1cn(Cc2ccc(cc2)n2ccc3c2nccc3)c2c(c1=O)c(F)ccc2,1.2,CHEMBL605160
OC(=O)c1cn(Cc2ccc(cc2)n2ccc3c2ccnc3)c2c(c1=O)c(F)ccc2,1.8,CHEMBL602098
CC(NCc1n(C)nc(c1N=C(OCC(c1ccccc1)Oc1cccc2c1cc(s2)C(=N)N)O)C)C,4,CHEMBL604954
OC(=Nc1ccccc1CN1CCNCC1)OCC(c1ccccc1)Oc1cccc2c1cc(s2)C(=N)N,5,CHEMBL597759
O=C(Nc1cc(nn1C)C)OCC(c1ccccc1)Oc1cccc2c1cc(s2)C(=N)N,4,CHEMBL606177
Clc1ccc(c(c1)Cl)Cn1cc(c2c1c(cc(c2)F)c1nnc(o1)NS(=O)(=O)c1sc(c(c1)Cl)Cl)C,0.2,CHEMBL1079555
Clc1ccc(c(c1)Cl)Cn1cc(c2c1c(cc(c2)F)c1nnc(o1)NS(=O)(=O)c1cc(F)c(cc1F)F)C,0.6,CHEMBL1080106
COc1ccc(cc1Oc1ncnc(c1F)N1CCC(CC1)Oc1ncc(c(=N)[nH]1)F)C#N,55,CHEMBL1081903
Clc1ccc(c(c1)Cl)Cn1cc(c2c1c(cc(c2)F)c1onc(c1)NS(=O)(=O)c1ccc(c(c1)F)F)C,1.6,CHEMBL1081186
N#Cc1cnc(c(=O)n1CC(=NCCONC(=N)N)O)NCC(c1ccccc1)(F)F,51,CHEMBL1084908
NC(=N)NOCCN=C(Cn1c(C)c[nH]c(=NCC(c2ccccc2)(F)F)c1=O)O,33,CHEMBL1083499
N=c1ncc(c[nH]1)c1nc2cc(sc2c(n1)N1CCOCC1)CN1CCN(CC1)S(=O)(=O)C,49,CHEMBL1083192
NC(=N)NOCCN=C(Cn1c(Cl)c[nH]c(=NCC(c2ccccc2)(F)F)c1=O)O,12,CHEMBL1088332
CC(=O)N(CCc1cc(Br)c(c(c1)Br)OCCCNc1ncn(c2c1ncn2)C)C,30.15,CHEMBL1086155
COC(=O)N1CCN(CC1)C1CCN(CC1)c1cc(C)c2c(c1)nc([nH]2)c1c(NCCc2ncn(c2Cl)C)ccnc1O,11,CHEMBL1077343
CCCC[C@H]1CN(CC2CCOCC2)C(=O)OC21CCN(CC2)C1(C)CCN(CC1)C(=O)c1c(C)ncnc1C,17,CHEMBL1078231
CCCOC(c1ccccc1)(c1ccccc1)C(=O)OC1CCN(CC1)C,7.5,CHEMBL1078261
CCCN1CCCC[C@H]1C(=Nc1c(C)cccc1C)O,6,CHEMBL1077896
O=C(c1nc(=N[C@H](c2cccnc2)C)[nH]c2c1scc2)N1CCCC1,15,CHEMBL1079894
OC(C(c1ccccc1)N1CCCC1)(c1cccnc1)c1cccnc1,25,CHEMBL1089159
FC(c1ccc(nc1)Nc1ccnc2c1ccc(n2)c1ncccc1C(F)(F)F)(F)F,6.5,CHEMBL1089119
N=c1ncc(c[nH]1)c1nc(N2CCOCC2)c2c(n1)c(C)c(s2)CN1CCN(CC1)S(=O)(=O)C,23,CHEMBL1091978
OC(=N)c1cccc2c1nn(c2)c1ccc(cc1)[C@@H]1CCCNC1,16,CHEMBL1094636
Oc1ccc(cc1)[C@H](C(=N[C@@H]1C(=O)N2[C@@H]1SCC(=C2C(=O)O)CSc1cnn[nH]1)O)N,40,CHEMBL1095284
CCc1cc2CC(Cc2cc1CC)NC[C@@H](c1ccc(c2c1ccc(n2)O)O)O,4.35,CHEMBL1095777
COC(=O)[C@@H]1CC2=CC(=O)CC[C@@]2([C@@]23[C@@H]1[C@@H]1CC[C@]4([C@@]1(C)C[C@H]3O2)CCC(=O)O4)C,50,CHEMBL1095097
Cc1ccc(c(c1)C(=O)N1CCN(CC[C@H]1C)c1oc2c(n1)cc(cc2)Cl)n1nccn1,0.95,CHEMBL1083659
Fc1ccc(c2c1[C@@]1(CC[C@@H]3[C@H]([C@@H]1CO2)C[C@H](S(=O)(=O)N3)C)S(=O)(=O)c1ccc(cc1)C(F)(F)F)F,2.7,CHEMBL1085610
CC[C@@H]1C[C@@H]2[C@H](NS1(=O)=O)CC[C@@]1([C@H]2COc2c1c(F)ccc2F)S(=O)(=O)c1ccc(cc1)C(F)(F)F,1.9,CHEMBL1085611
CC([C@]1(C)SC(=N[C@H]2C[C@H]3C[C@@H]2CC3)N=C1O)C,15,CHEMBL1085107
Fc1ccc(c2c1[C@@]1(CCC[C@H]([C@@H]1CO2)CNS(=O)(=O)C)S(=O)(=O)c1ccc(cc1)C(F)(F)F)F,1.9,CHEMBL1086046
COc1ccc(c2c1cccc2)S(=O)(=O)N1C[C@@H](c2c1cccc2)C(=O)N1CCNCCC1,0.6,CHEMBL1084215
O=C(C(c1ccccc1)(C1CCCC1)O)OC1CC[N+](C1)(C)C,49.5,CHEMBL1201335
CCC(N(C(=O)C1CCCCC1)Cc1cc2ccccc2n(c1=O)C)(CCN1CCCCC1)C,11,CHEMBL1210244
CCC(N(C(=O)C1CCCCC1)Cc1cc2ccccc2n(c1=O)C)(CCN1CCC(CC1)(F)F)C,3,CHEMBL1210312
Fc1cc(cc(c1)F)N=C(N1CCC2(CC1)C(=O)N(C2c1ccccn1)c1ccc(c(c1)Cl)F)O,0.1,CHEMBL1210565
OC(=Nc1ccc(c(c1)F)F)N1CCC2(CC1)C(=O)N(C2c1ccccn1)c1ccc(c(c1)Cl)F,0.1,CHEMBL1210628
Clc1cccc(c1)N1C(=O)C2(C1c1ccccn1)CCN(CC2)C(=Nc1ccc(c(c1)F)F)O,0.1,CHEMBL1210692
COCCOCO/N=C/1\[C@H](C)C[C@@](C)(O)[C@H](O[C@@H]2O[C@H](C)C[C@@H]([C@H]2O)N(C)C)[C@@H](C)[C@H](O[C@@H]2O[C@@H](C)[C@@H]([C@](C2)(C)OC)O)[C@H](C(=O)O[C@@H]([C@@]([C@@H]([C@H]1C)O)(C)O)CC)C,5,CHEMBL1214185
O=C(c1ccc(cc1)F)CN1CCN(CC1)C(=O)c1nn(cc1Cl)C,31,CHEMBL1214946
CCS(=O)(=O)N1C[C@@H]([C@H](C1)C(=Nc1ccc(cn1)Cl)O)C(=Nc1ccc(cc1F)n1ccccc1=O)O,14,CHEMBL1221852
FC(CN1C[C@@H]([C@H](C1)C(=Nc1ccc(cn1)Cl)O)C(=Nc1ccc(cc1F)n1ccccc1=O)O)F,23,CHEMBL1221913
COC(=O)N1C[C@@H]([C@H](C1)C(=Nc1ccc(cn1)Cl)O)C(=Nc1ccc(cc1F)n1ccccc1=O)O,6.8,CHEMBL1221916
FC(CC1(c2ccc(cc2)F)N(CC(F)(F)F)C(=Nc2c1c(F)c(cc2)F)O)F,1.5,CHEMBL1222450
F[C@@H]1CN([C@@H](C1)c1nc(C(=NCc2ccc(c(c2)Cl)C)O)c(c(=O)n1C)O)C(=O)C,2.2,CHEMBL1222459
Cc1cc(C)c(c(c1)C)NS(=O)(=O)c1ccc(cc1)N=C(c1ccco1)O,2.2,CHEMBL1223013
O=C(c1ccccn1)Nc1ccc(cc1)S(=O)(=O)Nc1ccccc1Cl,0.1,CHEMBL1223083
OC1=NC(=Nc2cccc(c2)C(F)(F)F)S/C/1=C\c1cccnc1,5.8,CHEMBL1223233
OC(=Nc1ccc(cc1)S(=O)(=O)N(c1ccccc1Cl)C)c1ccncn1,1.7,CHEMBL1223314
COc1ccccc1NS(=O)(=O)c1ccc(cc1OC)N=C(c1ccccn1)O,0.3,CHEMBL1223316
Clc1ccccc1NS(=O)(=O)c1ccc(cc1Cl)N=C(c1ccccn1)O,0.1,CHEMBL1223381
F[C@@H]1CN([C@@H](C1)c1nc(C(=NCc2ccc(cc2)F)O)c(c(=O)n1C)O)C(=O)C,21,CHEMBL1223469
Cc1cc2nnc(n2c2c1ccc(c2)c1ccc[nH]1)O,97,CHEMBL1223526
Cc1cc2nnc(n2c2c1ccc(c2)c1c[nH]nc1)O,98.7,CHEMBL1223528
CCCC1(CCCN1)C(=O)c1ccc(c(c1)Cl)Cl,14,CHEMBL1224024
CCCC1(CCCN1)C(=O)c1ccc(c(c1)Cl)N,58,CHEMBL1224089
CC(OCC1(CCCN1)C(=O)c1ccc(c(c1)Cl)N)C,39,CHEMBL1224091
CCCC1(CCCN1)C(=O)c1ccc2c(c1)c[nH]n2,98,CHEMBL1224092
CC(CC1(CCCN1)C(=O)c1ccc2c(c1)c[nH]n2)C,80,CHEMBL1224093
O=C(C1(CCCN1)CCC(C)(C)C)c1ccc2c(c1)c[nH]n2,50,CHEMBL1224094
CCCC1(CCCN1)C(=O)c1ccc2c(c1)cc[nH]2,37,CHEMBL1224164
CCCC1(CCCN1)C(=O)c1cc(F)c2c(c1)cc[nH]2,36,CHEMBL1224165
Fc1ccc(c(c1)F)CN=C(c1cn2C[C@@H]3OCC[C@H](N3C(=O)c2c(c1=O)O)C)O,0.87,CHEMBL1229211
Cc1nn(c(c1NS(=O)(=O)c1c(Cl)cc(cc1Cl)c1ccnc(c1)N1CCNCC1)C)C,18,CHEMBL1230468
COc1c(C)cnc(c1C)Cn1cc(c2c1nc(=N)[nH]c2Cl)C#CCC(O)(C)C,3.3,CHEMBL1230584
CC(CC(=Nc1n[nH]c2c1CN(C2(C)C)C(=O)C1CCN(CC1)C)O)C,46,CHEMBL1230607
Cc1cc(Cl)c(c(c1)Cl)OCCOc1ccc(cc1)C1=C([C@@H]2N[C@H](C1)CNC2)C(=O)N(C1CC1)Cc1cccc(c1C)C,1,CHEMBL1230745
OC[C@@H]([C@@H](CO)O)Nc1cc(NCc2ccccc2)n2c(n1)c(cn2)C(C)C,5.7,CHEMBL1234833
Fc1ccc(c(c1)F)Oc1ncc2c(n1)[nH][nH]c2=N[C@@H](CS(=O)(=O)C)C,18.7,CHEMBL1236810
Cc1ccc(c(c1)C(=Nc1ncc(s1)Cl)O)O,1,CHEMBL1241274
Fc1ccc(cc1)C[C@H](C(=O)N1CCN(CC1)c1ncnc2c1c(C)c[nH]2)N,35,CHEMBL1257282
OC(=N[C@@H]1C2CCN([C@H]1Cc1cccnc1)CC2)c1cc2c(o1)cccc2,40,CHEMBL1258006
CCC(=O)N1CCC(CC1)N=C(Nc1ccc(cc1)OC(F)(F)F)O,21,CHEMBL1258904
CN(c1cccc2c1c[nH]n2)c1ccnc(n1)Nc1cc(cc(c1)N1CCOCC1)N1CCOCC1,6,CHEMBL1269858
CC[C@H]1CN2CCc3c([C@H]2C[C@@H]1C[C@@H]1NCCc2c1[nH]c1c2cccc1)[nH]c1c3cccc1,5,CHEMBL1271835
Clc1ccc(cc1)CN1CCC2(CC1)OCCN(C2)C(=O)c1csc(n1)C,57,CHEMBL1289545
OC(=O)COCCN1CCN(CC1)[C@H](c1ccc(cc1)Cl)c1ccccc1,50,CHEMBL1334217
Clc1ccc(c(c1)S(=O)(=O)Nc1cccc(c1)CCc1ccccn1)Cl,10,CHEMBL1379780
CCCC(=Nc1cccc(c1)N=C(c1ccccc1Br)O)O,3,CHEMBL1411333
O=C1N(CCc2ccccc2)C(=O)CC(=O)N1CCc1ccccc1,10,CHEMBL1412368
Cc1ccc(cc1)S(=O)(=O)n1c(=N)[nH]c2c1cccc2,50.1,CHEMBL1412853
O=C(N1CCc2c1cccc2)CSc1nnc(c(n1)c1ccccc1)c1ccccc1,5,CHEMBL1520220
CN(C(=O)c1cccc(c1)n1sc2c(c1=O)cccc2)C,51.45,CHEMBL1570441
OCc1ccc(cc1)c1c(C)cc2c(c1C)c(cc(=O)o2)c1ccccc1,0.6,CHEMBL1613482
O=CN([C@](CS(=O)(=O)N1CCC(CC1)CCc1c(C)noc1C)(C[C@@H](c1ncc(cn1)F)C)C)O,11,CHEMBL1615187
OC(=Nc1ccc(cc1Cl)C(=O)O)CSc1nnc(n1c1ccc(c2c1cccc2)C1CC1)Br,1,CHEMBL1630216
CN(CC(=O)N(C1COc2ccccc2c2n(C1)c1cc(ccc1c2C1CCCCC1)C(=O)O)C)C,0.5,CHEMBL1651396
CN1CCN(CC1)CCN(C1COc2ccccc2c2n(C1)c1cc(ccc1c2C1CCCCC1)C(=O)O)C,1.1,CHEMBL1649604
N#C/C=C/c1cc(C)cc(c1)P(=O)(c1c([nH]c2c1cc(Cl)cc2)C(=N)O)OC,0.2,CHEMBL1652111
O=c1[nH]ccc2c1ccc(c2)O[C@H]1CCCNC1,94,CHEMBL1667967
CC(Cc1cnc([nH]1)CC(c1ccc(cc1)n1cccn1)(O)C)(C)C,6.8,CHEMBL1672353
FC(C1(CC1)Cc1cnc([nH]1)CC(c1ccc(cc1)n1cccn1)(O)C)(F)F,3.2,CHEMBL1671874
FC([C@@](c1ccc(cc1)n1cccn1)(Cc1ncc([nH]1)CC1(CC1)C(F)(F)F)O)(F)F,1,CHEMBL1672354
Clc1ccc(c(c1)CN=C(Cn1c(C)cnc(c1=O)NCCc1ccccn1)O)OCC(=NC1CCCNC1)O,12,CHEMBL1682692
Clc1cccc(c1)CN=C(Cn1c(C)cnc(c1=O)NCCc1ccccn1)O,6,CHEMBL1682694
COc1cc2c(cc1OC)nnc(c2Nc1ccc(cc1F)F)C(=N)O,4.5,CHEMBL1683025
COc1cc2c(cc1OC)nnc(c2Nc1cc(C)ccc1F)C(=N)O,3.1,CHEMBL1683027
COc1cc2c(cc1OC)nnc(c2Nc1cccc(c1F)Cl)C(=N)O,2.2,CHEMBL1683028
COc1cc2c(cc1OC)nnc(c2Nc1cccc(c1Cl)Cl)C(=N)O,1.2,CHEMBL1683029
CCOc1cc2nnc(c(c2cc1N1CCN(CC1)C)Nc1ccc(cc1F)F)C(=N)O,3.9,CHEMBL1683030
CCOc1cc2nnc(c(c2cc1N1CCN(CC1)C)Nc1ccc(cc1F)C)C(=N)O,1.6,CHEMBL1683031
CCOc1cc2nnc(c(c2cc1N1CCN(CC1)C)Nc1cc(C)ccc1F)C(=N)O,11,CHEMBL1683032
CCOc1cc2nnc(c(c2cc1N1CCN(CC1)C)Nc1cccc(c1Cl)Cl)C(=N)O,1.7,CHEMBL1683034
COc1cc2nnc(c(c2cc1N1CCN(CC1)C)Nc1ccc(cc1F)F)C(=N)O,9.6,CHEMBL1683035
COc1cc2nnc(c(c2cc1N1CCN(CC1)C)Nc1ccc(cc1F)C)C(=N)O,6.3,CHEMBL1683036
COc1cc2nnc(c(c2cc1N1CCN(CC1)C)Nc1cc(C)ccc1F)C(=N)O,7.1,CHEMBL1683037
CO[C@@H]1COCC[C@@H]1N[C@@H]1CC[C@](C1)(C(C)C)C(=O)N1CCN(CC1)c1nccc(c1)C(F)(F)F,42.5,CHEMBL1683074
N#Cc1ccc(cc1)N1CCN(CC1)Cc1cc(C(=O)O)c(=O)n2c1cccc2,13.4,CHEMBL1683351
OC(=O)c1cc(CN2CCC(CC2)n2cnc3c2cccc3)c2n(c1=O)cccc2,21,CHEMBL1683375
OC(=O)c1cc(CN2CCc3c(C2c2ccncc2)cccc3)c2n(c1=O)cccc2,4,CHEMBL1683402
N[C@H]1CN(C[C@@H]1N1CC(F)(F)CCC1=O)c1ncnc(n1)N1CCC(C1)(F)F,83,CHEMBL1683571
OC1=NCC2(c3c1cc([nH]3)c1ccnc(n1)c1ccc3c(c1)OCO3)CCNCC2,3,CHEMBL1738702
Nc1nc(cc2c1nc(n2Cc1ccccc1)O)C(F)(F)F,7,CHEMBL1760434
O[C@H]1CCC[C@H](C1)N=C(c1noc(c1CNC(C)C)c1ccc(cc1)C(F)(F)F)O,50,CHEMBL1761688
O[C@H]1CCC[C@H](C1)N=C(c1noc(c1CNC1CC1)c1ccc(cc1)C(F)(F)F)O,11.8,CHEMBL1761691
CC(CNCc1c(onc1C(=N[C@@H]1CCC[C@@H](C1)O)O)c1ccc(cc1)C(F)(F)F)C,17.7,CHEMBL1761693
O[C@H]1CCC[C@H](C1)N=C(c1noc(c1CN[C@H](C(F)(F)F)C)c1ccc(cc1)C(F)(F)F)O,4.8,CHEMBL1761696
OC[C@@H](C(C)C)NCc1c(onc1C(=N[C@@H]1CCC[C@@H](C1)O)O)c1ccc(cc1)C(F)(F)F,25.6,CHEMBL1761700
OCc1ccc(c(c1)N(c1ccnc(n1)Nc1cc(cc(c1)S(=O)(=O)C)N1CCOCC1)C)C,8.5,CHEMBL1762546
OCc1ccc(c(c1)N(c1ccnc(n1)Nc1cc(nc(c1)N1CCOCC1)N1CCOCC1)C)C,5.2,CHEMBL1762550
CN1CCN(CC1)c1ccc(cc1C(F)(F)F)c1ccc2c(c1)CCNC2,11,CHEMBL1770750
OC(=O)c1cn(Cc2ccc3c(c2)cccc3)c2c(c1=O)c(F)ccc2,3.3,CHEMBL1770168
N#Cc1cc(F)c([nH]c1=N[C@H](c1ccc(cn1)F)C)N=c1[nH][nH]c(c1)C,5.3,CHEMBL1774056
CCN=C(Nc1ccc(cc1)c1nc(N2CCOC[C@@H]2C)c2c(n1)C(C)(C)OC2)O,14,CHEMBL1774353
Oc1cccc(n1)Nc1ccc(cc1)c1nc(N2CCOC[C@@H]2C)c2c(n1)C(C)(C)OC2,2,CHEMBL1774360
CCN=C(Nc1ccc(cc1)c1nc(N2CCOC[C@@H]2C)c2c(n1)[C@](C)(CCO)OC2)O,13,CHEMBL1774363
CCN=C(Nc1ccc(cc1)c1nc(N2CCOCC2)c2c(n1)[C@](C)(CCO)OC2)O,22,CHEMBL1774364
CCN=C(Nc1ccc(cc1)c1nc(N2C[C@@H]3CC[C@H](C2)O3)c2c(n1)[C@](C)(CCO)OC2)O,27,CHEMBL1774365
CCN=C(Nc1ccc(cc1)c1nc(N2CCOC[C@@H]2C)c2c(n1)[C@@](C)(CCO)OC2)O,14,CHEMBL1774366
CCN=C(Nc1ccc(cc1)c1nc(N2CCOC[C@@H]2C)c2c(n1)[C@@](C)(OC2)CC(O)(C)C)O,18,CHEMBL1774379
CCN=C(Nc1ccc(cc1)c1nc(N2CCOCC2)c2c(n1)[C@@](C)(OC2)CC(O)(C)C)O,23,CHEMBL1774380
CCN=C(Nc1ccc(cc1)c1nc(N2CCOC[C@@H]2C)c2c(n1)[C@](C)(OC2)CC(O)(C)C)O,34,CHEMBL1774381
CC(OC(=O)N1CCC(CC1)Oc1ncnc2c1cnn2c1ccc(cc1F)S(=O)(=O)C)C,1,CHEMBL1775179
COC[C@@H](Oc1cc(Oc2cc(F)cc(c2)F)cc(c1)C(=Nc1ccc(cn1)C(=O)O)O)C,0.55,CHEMBL1778373
OC(=O)[C@H]1NC[C@H](C1)OCc1ccc(cc1)Cl,50,CHEMBL1778767
OC(=O)[C@H]1NC[C@H](C1)COc1cccc(c1)F,32,CHEMBL1778769
OC(=O)[C@H]1NC[C@H](C1)Oc1ccc2c(c1)OCC2,11,CHEMBL1778788
OC(=O)[C@H]1NC[C@H](C1)Oc1ccc(c(c1)F)Cl,5,CHEMBL1778873
CO[C@@H]1COCC[C@@H]1N[C@@H]1CC[C@](C1)(C(C)C)C(=O)N1CCN(CC1)c1nncc(c1)C(F)(F)F,79,CHEMBL1782572
O=CN(C1(CCOCC1)CS(=O)(=O)N1CCC(CC1)CCc1c(C)noc1C)O,50,CHEMBL1784340
O=C(c1ccc(cc1)Oc1ccc(cc1)C#C[C@]1(O)CN2CCC1CC2)NCc1ccncn1,24,CHEMBL1796298
CN=C(c1ccc2c(c1)OCCc1c2sc(c1)C(=O)N(c1ccc(cc1Cl)C(=O)N(C)C)C)O,3,CHEMBL1796761
CON=C(Nc1ccc(cc1)c1sc2c(c1CN(C)C)c(=O)n(c(=O)n2Cc1c(F)cccc1F)c1ccc(nn1)OC)O,29,CHEMBL1800159
N#CC1(CCN(CC1)Cc1cc(C(=O)O)c(=O)n2c1cccc2)c1ccccn1,29.1,CHEMBL1800285
N#CC1(CCN(CC1)Cc1cc(C(=O)O)c(=O)n2c1cccc2)c1ccccc1,10,CHEMBL1800879
CCC(N=c1[nH]c(C)c(nc1OC)c1ccc(cc1OC)OC(F)(F)F)CC,0.8,CHEMBL1807053
OCc1c(onc1C(=N[C@@H]1CCC[C@@H](C1)O)O)c1ccc(cc1)C(F)(F)F,8.1,CHEMBL1807885
COc1cc(ccc1Nc1ncc(c(n1)c1cnc2n1cccc2)Cl)N1CCN(CC1)C(=O)C,51.7,CHEMBL1809044
OCCN1CC2OC(C1)CN(C2)c1ccc(c(c1)OC)Nc1ncc(c(n1)c1cnc2n1cccc2)Cl,5,CHEMBL1809059
Fc1ccc(cc1)c1nc(c(o1)Sc1ccc(cn1)Cl)c1ccc(nc1)C(O)(C)C,1.6,CHEMBL1812717
C[C@@H]1CCCN1CCCOc1ccc(cc1)c1cnnc(c1)O,80,CHEMBL1813065
OC(=Nc1ccccc1c1ccccc1)N1CCN2[C@@H](C1)C(=O)N(C2=O)[C@H]1C[C@@H]1c1ccccc1,4.4,CHEMBL1813096
OC(=Nc1c(Cl)cc(cc1Cl)S(=O)(=O)C)N1CCN2[C@@H](C1)C(=O)N(C2=O)[C@H]1C[C@@H]1c1ccccc1,0.7,CHEMBL1813104
O=C(N1CCN2[C@@H](C1)C(=O)N(C2=O)[C@H]1C[C@@H]1c1ccccc1)Nc1ccnn1c1ccccc1,17,CHEMBL1813109
N#Cc1ccc(cc1Cn1c(cc2c1c(=O)n(C)c(=O)n2C)N1CCC[C@@](C1)(C)N)F,27,CHEMBL1819090
OC(=NCC1(CCCC1)N1CCOCC1)N1CCC(CC1)c1onc(n1)c1ccc2c(n1)cccc2,96.7,CHEMBL1822294
COc1cc(ccc1Nc1ncc2n(n1)c(cc2)c1ccccc1N(S(=O)(=O)C)C)N1CCN(CC1)C[C@@H](O)C,17,CHEMBL1822525
COc1ccc(cc1N1CCNCC1)S(=O)(=O)Nc1cc(Cl)cc(c1O[11CH3])Cl,1,CHEMBL1822871
OC(=Nc1ccccc1Cl)N1CCC(CC1)c1onc(n1)c1ccc2c(n1)cccc2,0.5,CHEMBL1823584
COC[C@@H](Cn1c(=O)cnn(c1=O)c1ccc(c(c1)C(=NCC1(O)CCCCCC1)O)Cl)O,27,CHEMBL1823817
OC(=NC1CCCCC1)N1CCC(CC1)c1onc(n1)c1ccc2c(n1)cccc2,0.5,CHEMBL1823841
OC(=O)CCc1ccc(cc1)C#Cc1cc(Cl)nc(c1)Cl,3.1,CHEMBL1829170
C[C@@H]1CCCN1CCCOc1ccc(cc1)c1ccc(nn1)O,56,CHEMBL1829335
NCCCN(C(c1nc2snc(c2c(=O)n1Cc1ccccc1)C)C(C)C)C(=O)c1ccc(cc1)C,4.6,CHEMBL1829433
OCC[C@@]1(CCN(C(=O)O1)[C@H](c1ccc(cc1)c1ccc(cc1F)F)C)c1ccc(cc1)F,1,CHEMBL1829763
c1ccc(nc1)N=c1sc2c([nH]1)c1c[nH]nc1CC2,0.8,CHEMBL1830698
c1cnc(nc1)Nc1sc2c(n1)c1c[nH]nc1CC2,3.6,CHEMBL1830702
c1ccc(nc1)N=c1sc2c([nH]1)c1c[nH]nc1CCC2,0.6,CHEMBL1830707
c1cnc(nc1)Nc1sc2c(n1)c1c[nH]nc1CCC2,3.1,CHEMBL1830711
O=S(=O)(c1ccc2c(c1)cccc2)N1CCC(=CC1)c1ccccc1,5,CHEMBL1834080
Clc1cc(cnc1N1CCN(CC1)S(=O)(=O)c1ccc2c(c1)cccc2)C(F)(F)F,10,CHEMBL1834081
N#C/C(=C\c1ccc2c(c1)CCO2)/S(=O)(=O)c1ccc(cc1Cl)Cl,5,CHEMBL1834083
Fc1cccc(c1CN1CCCN(CC1)S(=O)(=O)c1ccc2c(c1)cccc2)Cl,10,CHEMBL1834084
N#Cc1c(cccc1Cl)Oc1ccc(cc1)S(=O)(=O)N(Cc1ccccc1)C,5,CHEMBL1834085
CCN=C(N1N=CC(C1)(C)C)NS(=O)(=O)c1cccc(c1)Cl,37,CHEMBL1834345
Cc1ccc(nn1)N1CC(C1)COc1ccc(cc1)c1noc(n1)C,6,CHEMBL1835918
CS(=O)(=O)NC[C@@H]1CC[C@H](CC1)N=c1sc2c([nH]1)c1ccccc1SCC2,1.8,CHEMBL1836317
CN(C[C@@H](N1C[C@@H](C)[C@@H](OCCCC[C@@H](Oc2c(C1=O)cc(cc2)NC(=Nc1ccccc1)O)C)CN(S(=O)(=O)c1ccc(cc1)F)C)C)C,1,CHEMBL1873309
ON=C(CCCC1CCN(CC1)S(=O)(=O)c1ccc2c(c1)cccc2)O,2,CHEMBL1910049
ON=C(CCCC1CCN(CC1)S(=O)(=O)c1cccc2c1cccc2)O,3,CHEMBL1910050
O=C(CN1[C@@H](CNC2(C1=O)CCCC2)c1cc(F)cc(c1)F)Nc1ccc2c(c1)C[C@@]1(C2)C(=Nc2c1cccn2)O,9.4,CHEMBL1910936
CN[C@@H]1CCN(C1)c1nc(=N)[nH]c2c1oc1c2cc(cn1)Cl,43,CHEMBL1915048
CN[C@@H]1CCN(C1)c1cc(NCC2CC2)[nH]c(=N)n1,84,CHEMBL1915540
CCOC(=O)N1CCC(CC1)N1CCC[C@H](C1)N=C(c1ccccc1C)O,5.8,CHEMBL1916224
Cc1ccc(cc1)S(=O)(=O)Nc1n(nc(c1C(=N[C@H](C(C)(C)C)C)O)C)c1ccccc1,2.65,CHEMBL1916282
N#Cc1ccc(cc1)S(=O)(=O)Nc1c(C(=N[C@H](C(C)(C)C)C)O)c(nn1c1ccc(cc1)F)C,7,CHEMBL1916288
N#Cc1cc(cc(c1)c1onc(n1)c1ccc2c(c1)CCN2C(=O)CCC(=O)O)OC(F)(F)F,0.3,CHEMBL1916399
OC(=O)CCC(=O)N1CCc2c1ccc(c2)c1noc(n1)c1cc(cc(c1)C(F)(F)F)C(F)(F)F,0.6,CHEMBL1916559
OC(=O)COc1ccc(cc1C#Cc1cccc(c1)Cl)Cl,0.3,CHEMBL1917389
OC(=O)COc1ccc(cc1C#Cc1cccnc1)Cl,2.9,CHEMBL1917404
NCc1csc(n1)N=C(c1cc(nn1Cc1ccccc1)C(C)(C)C)O,6,CHEMBL1917511
CCCS(=O)(=O)c1cccc(c1)C#Cc1cc(Cl)ccc1OCC(=O)O,0.8,CHEMBL1917575
OC(=O)COc1ccc(cc1C#Cc1cc(ccc1C)S(=O)(=O)C)Cl,1.7,CHEMBL1917578
OC(=O)COc1ccc(cc1C#Cc1cc(ccc1F)S(=O)(=O)C)Cl,1.3,CHEMBL1917579
CCCS(=O)(=O)c1ccc(c(c1)C#Cc1cc(Cl)ccc1OCC(=O)O)C,0.4,CHEMBL1917584
OCCCS(=O)(=O)c1ccc(c(c1)C#Cc1cc(Cl)ccc1OCC(=O)O)C,1.5,CHEMBL1917591
CCCS(=O)(=O)c1ccc(c(c1)C#Cc1cc(Cl)ccc1OCC(=O)O)F,1,CHEMBL1917592
OC(=O)COc1ccc(cc1C#Cc1cc(ccc1C)S(=O)(=O)N(C)C)Cl,0.4,CHEMBL1917597
OC(=O)COc1ccc(cc1C#Cc1cc(ccc1F)S(=O)(=O)N(C)C)Cl,0.9,CHEMBL1917598
CCNS(=O)(=O)c1ccc(c(c1)C#Cc1cc(Cl)ccc1OCC(=O)O)C,0.5,CHEMBL1917602
CC(NS(=O)(=O)c1ccc(c(c1)C#Cc1cc(Cl)ccc1OCC(=O)O)C)C,0.4,CHEMBL1917603
OC(=O)COc1ccc(cc1C#Cc1cc(ccc1C)S(=O)(=O)N(C(C)C)C)Cl,0.2,CHEMBL1917604
COCCN(S(=O)(=O)c1ccc(c(c1)C#Cc1cc(Cl)ccc1OCC(=O)O)C)C,0.6,CHEMBL1917609
OC(=O)COc1ccc(cc1C#Cc1cncc(c1)S(=O)(=O)N(C)C)Cl,3.3,CHEMBL1917622
OC(=O)COc1ccc(cc1C#Cc1ccc2c(c1)S(=O)(=O)c1c2cccc1)Cl,0.1,CHEMBL1917628
Fc1ccc(cc1)CC[N+]12CCC(CC1)[C@H](C2)OC(=O)[C@](c1ccccc1)(N1CCCCC1)C,1.9,CHEMBL1921904
Clc1cccc(c1)CC[N+]12CCC(CC1)[C@H](C2)OC(=O)[C@](c1cccs1)(N1CCCCC1)C,2.2,CHEMBL1921906
Cc1ccc(s1)CC[N+]12CCC(CC1)[C@H](C2)OC(=O)[C@](c1ccccc1)(N1CCCCC1)C,1.1,CHEMBL1921909
O=C([C@](c1ccccc1)(N1CCCCC1)C)O[C@H]1C[N+]2(CCC1CC2)CCc1ccc2c(c1)cccc2,0.3,CHEMBL1921910
O=C([C@](c1cccs1)(N1CCCCC1)C)O[C@H]1C[N+]2(CCC3CCCCC3)CCC1CC2,10.7,CHEMBL1921914
O=C([C@](c1ccccc1)(N1CCCCC1)C)O[C@H]1C[N+]2(CCCc3ccccc3)CCC1CC2,8.6,CHEMBL1921916
O=C([C@](c1ccccc1)(N1CCCCC1)C)O[C@H]1C[N+]2(CCCc3ccncc3)CCC1CC2,70,CHEMBL1921917
Cc1nccc(c1)CCC[N+]12CCC(CC1)[C@H](C2)OC(=O)[C@](c1ccccc1)(N1CCCCC1)C,76.9,CHEMBL1921919
O=C([C@](c1ccccc1)(N1CCCCC1)C)O[C@H]1C[N+]2(CCCc3cccnc3)CCC1CC2,20,CHEMBL1921921
Cc1ccc(cn1)CCC[N+]12CCC(CC1)[C@H](C2)OC(=O)[C@](c1ccccc1)(N1CCCCC1)C,13.9,CHEMBL1921922
O=C([C@](c1ccccc1)(N1CCCCC1)C)O[C@H]1C[N+]2(CCCc3cc4c(s3)cccc4)CCC1CC2,0.3,CHEMBL1921925
O=C([C@](c1ccccc1)(N1CCCCC1)C)O[C@H]1C[N+]2(CCCc3ccc4c(c3)scn4)CCC1CC2,4.4,CHEMBL1921926
O=C([C@](c1ccccc1)(N1CCCCC1)C)O[C@H]1C[N+]2(CCCCc3ccccc3)CCC1CC2,2,CHEMBL1921927
Clc1ccc(cc1)OCC[N+]12CCC(CC1)[C@H](C2)OC(=O)[C@](c1ccccc1)(N1CCCCC1)C,0.8,CHEMBL1921931
Cc1ccc(cc1)OCC[N+]12CCC(CC1)[C@H](C2)OC(=O)[C@](c1ccccc1)(N1CCCCC1)C,1.5,CHEMBL1921932
Fc1ccc(cc1)OCCC[N+]12CCC(CC1)[C@H](C2)OC(=O)[C@](c1ccccc1)(N1CCCCC1)C,3.1,CHEMBL1921936
Fc1ccc(cc1)OCCC[N+]12CCC(CC1)[C@H](C2)OC(=O)[C@](c1cccs1)(N1CCCCC1)C,1.9,CHEMBL1921937
O=C([C@](c1ccccc1)(N1CCCCC1)C)O[C@H]1C[N+]2(CCOCc3ccccc3)CCC1CC2,1.6,CHEMBL1921938
O=C([C@](c1ccccc1)(N1CCCCC1)C)O[C@H]1C[N+]2(CCOCCc3ccccc3)CCC1CC2,2.5,CHEMBL1921939
OC(=Nc1ccccc1)C[N+]12CCC(CC1)[C@H](C2)OC(=O)[C@](c1ccccc1)(N1CCCCC1)C,1.4,CHEMBL1921942
Fc1cccc(c1)N=C(C[N+]12CCC(CC1)[C@H](C2)OC(=O)[C@](c1ccccc1)(N1CCCCC1)C)O,0.4,CHEMBL1921944
OC(=Nc1ccccn1)C[N+]12CCC(CC1)[C@H](C2)OC(=O)[C@](c1ccccc1)(N1CCCCC1)C,11.7,CHEMBL1921946
OC(=Nc1cnccn1)C[N+]12CCC(CC1)[C@H](C2)OC(=O)[C@](c1ccccc1)(N1CCCCC1)C,17.8,CHEMBL1922050
O=C([C@](c1ccccc1)(N1CCCCC1)C)O[C@H]1C[N+]2(CCC1CC2)CC(=O)[NH+]=c1[n-]occ1,19.3,CHEMBL1922051
O=C([C@](c1cccs1)(N1CCCCC1)C)O[C@H]1C[N+]2(CCC1CC2)CC(=O)[NH+]=c1[n-]occ1,29.6,CHEMBL1922052
OC(=Nc1cncc(n1)Cl)C[N+]12CCC(CC1)[C@H](C2)OC(=O)[C@](c1cccs1)(N1CCCCC1)C,2.9,CHEMBL1922053
O=C([C@](c1ccccc1)(N1CCCCC1)C)O[C@H]1C[N+]2(CCC1CC2)Cc1noc(c1)c1ccccc1,2,CHEMBL1922055
O=C([C@](c1ccccc1)(N1CCCCC1)C)O[C@H]1C[N+]2(CCC1CC2)Cc1onc(n1)c1ccccc1,2.4,CHEMBL1922056
O=C([C@](c1cccs1)(N1CCCCC1)C)O[C@H]1C[N+]2(CCC1CC2)Cc1onc(c1)c1ccccc1,2.3,CHEMBL1922057
CCOc1ccc(cn1)c1ccc(cc1)Cn1c(CC(C(=O)O)(C)C)c(c2c1ccc(c2)OCc1ccc(cn1)C)SC(C)(C)C,0.5,CHEMBL1922660
Fc1ccccc1CC[N+]12CCC(CC1)[C@H](C2)OC(=O)[C@](c1cccs1)(N1CCCCC1)C,0.2,CHEMBL1924025
CCC([N+]12CCC(CC1)[C@H](C2)OC(=O)[C@](c1ccccc1)(N1CCCCC1)C)CC,42.1,CHEMBL1924043
CCCC[N+]12CCC(CC1)[C@H](C2)OC(=O)[C@](c1ccccc1)(N1CCCCC1)C,90,CHEMBL1924044
O=C([C@](c1ccccc1)(N1CCCCC1)C)O[C@H]1C[N+]2(CCC=C(C)C)CCC1CC2,8.5,CHEMBL1924046
O=C([C@](c1ccccc1)(N1CCCCC1)C)O[C@H]1C[N+]2(CCc3ccccc3)CCC1CC2,2.4,CHEMBL1924047
O=C([C@](c1cccs1)(N1CCCCC1)C)O[C@H]1C[N+]2(CCC1CC2)CCc1ccccc1,1,CHEMBL1924048
Fc1ccccc1CC[N+]12CCC(CC1)[C@H](C2)OC(=O)[C@](c1ccccc1)(N1CCCCC1)C,0.8,CHEMBL1924049
Fc1cccc(c1)CC[N+]12CCC(CC1)[C@H](C2)OC(=O)[C@](c1ccccc1)(N1CCCCC1)C,6.9,CHEMBL1924050
Fc1cccc(c1)CC[N+]12CCC(CC1)[C@H](C2)OC(=O)[C@](c1cccs1)(N1CCCCC1)C,0.9,CHEMBL1924051
COc1ccc2c(n1)c(=NC(=O)[C@]1(O)CC[C@H](CC1)NCc1ncc3c(c1)OCCO3)cc[nH]2,27.4,CHEMBL1926763
N#Cc1cccc(c1)CN(c1ccc(cc1)OC(F)(F)F)C1CCN(CC1)C(CCNC(=O)c1c(Cl)cncc1Cl)C,0.1,CHEMBL1926886
COc1ccc(cc1)N(C1CCN(CC1)[C@@H](CCN=C(c1c(C)ncnc1C)O)C)Cc1cnccc1C,79,CHEMBL1926888
COc1ccc(cc1)N(C1CCN(CC1)[C@@H](CCN=C(c1c(C)cc(nc1C)Cl)O)C)Cc1cnccc1C,8,CHEMBL1926893
COc1ccc(cc1)N(C1CCN(CC1)[C@@H](CCN=C(c1c(C)cc(nc1C)Cl)O)C)Cc1cccnc1,7,CHEMBL1926894
COc1ccc(cc1)N(C1CCN(CC1)[C@@H](CCN=C(c1c(C)cc(nc1C)F)O)C)Cc1cnccc1C,21,CHEMBL1926896
COc1ccc(cc1)N(C1CCN(CC1)[C@@H](CCN=C(c1c(C)cc(nc1C)F)O)C)Cc1cccnc1,14,CHEMBL1926897
COc1ccc(cc1)N(C1CCN(CC1)[C@@H](CCN=C(c1c(C)cc(nc1C)C#N)O)C)Cc1cnccc1C,2,CHEMBL1926898
COc1ccc(cc1)N(C1CCN(CC1)[C@@H](CCN=C(c1c(C)cc(nc1C)C(=O)NC(C)C)O)C)Cc1cnccc1C,11,CHEMBL1926899
COCCOc1ccc(cc1)N(C1CCN(CC1)[C@@H](CCN=C(c1c(C)cc(nc1C)Cl)O)C)Cc1cnccc1C,15,CHEMBL1926900
COCCOc1ccc(cc1)N(C1CCN(CC1)[C@@H](CCN=C(c1c(C)cc(nc1C)C#N)O)C)Cc1cnccc1C,8,CHEMBL1926901
COCCOc1ccc(cc1)N(C1CCN(CC1)[C@@H](CCN=C(c1c(C)cc(nc1C)F)O)C)Cc1cnccc1C,19,CHEMBL1926902
N#Cc1cc(C)c(c(n1)C)C(=NCC[C@H](N1CCC(CC1)N(c1ccc(cc1)OCC(=N)O)Cc1cnccc1C)C)O,11,CHEMBL1926904
N#Cc1cc(C)c(c(n1)C)C(=NCC[C@H](N1CCC(CC1)N(c1ccccc1)Cc1cnccc1C)C)O,6,CHEMBL1926905
COc1ccc(cc1)N(C1CCN(CC1)[C@@H](CCN=C(c1c(C)cc(nc1C)C#N)O)C)Cc1cccc(n1)C#N,9,CHEMBL1927008
COc1ccc(cc1)N(C1CCN(CC1)[C@@H](CCN=C(c1c(C)cc(nc1C)Cl)O)C)Cc1cccc(n1)C#N,16,CHEMBL1927009
COc1ccc(cc1)N(C1CCN(CC1)[C@@H](CCN=C(c1c(C)cc(nc1C)F)O)C)Cc1cccc(n1)C#N,21,CHEMBL1927010
COc1ccc2c(n1)c([C@H](CN1CCC(CC1)NCc1ncc3c(c1)OCCO3)O)c(cn2)F,30.7,CHEMBL1927165
N#Cc1cc(cc(c1)Cl)Oc1c(Cl)ccn(c1=O)Cc1[nH]nc2c1cccn2,3.3,CHEMBL1928645
N#C[C@@H]1CCCN1C(=O)CNC(CN=C(c1cnc2n(c1)nc(c2)C)O)(C)C,51.4,CHEMBL1929396
CN1CCC2(CC1)CN=C(c1c2[nH]c(c1)c1ccnc(c1)N=C(c1ccc2c(c1)cccc2)O)O,0.5,CHEMBL1933170
OC(=Nc1nccc(c1)c1cc2c([nH]1)C1(CCNCC1)CN=C2O)c1cccc(c1)OC(F)(F)F,4.2,CHEMBL1933173
CN1CCC2(CC1)CN=C(c1c2[nH]c(c1)c1ccnc(c1)N=C(c1cccc(c1)OC(F)(F)F)O)O,2.7,CHEMBL1933174
OC(=Nc1nccc(c1)c1cc2c([nH]1)C1(CCCNC1)CN=C2O)c1ccc2c(c1)cccc2,0.4,CHEMBL1933179
OC(=Nc1nccc(c1)c1cc2c([nH]1)C1(CCCNC1)CN=C2O)c1cccc(c1)OC(F)(F)F,1.3,CHEMBL1933183
OC(=Nc1nccc(c1)c1cc2c([nH]1)C1(CNCC1)CN=C2O)c1ccc2c(c1)cccc2,0.2,CHEMBL1933189
OC(=Nc1nccc(c1)c1cc2c([nH]1)C1(CCNC1)CN=C2O)c1cccc(c1)OC(F)(F)F,1.7,CHEMBL1933192
COc1ccc2c(c1)ccc(c2)c1cc(nn1[C@H](c1ccc(cc1)C(=O)NCCC(=O)O)C)c1cc(Cl)cc(c1)Cl,1,CHEMBL1933349
C[C@H]1O[C@H]([C@@H]([C@@H]1O)O)n1cnc2c1nc(O[C@@H]1CC[C@H](CC1)C(F)(F)F)nc2N,20,CHEMBL1933591
CO[C@@H]1CC[C@@H](CC1)n1nc(c(c1NS(=O)(=O)c1ccc(cc1)C)C(=N[C@H](C(C)(C)C)C)O)C,7.3,CHEMBL1934424
C[C@@H](C(C)(C)C)N=C(c1c(C)nn(c1NS(=O)(=O)c1ccc(cc1)C1CC1)C1CCOCC1)O,7.5,CHEMBL1934426
COCCCS(=O)(=O)c1ccc(cc1)c1ccc(cc1)CCN1CCC[C@H]1C,26,CHEMBL1934523
C[C@@H]1CCCN1CCCOc1ccc(cc1)C1=NN=C(C(C1)(C)C)O,74,CHEMBL1935114
O=S1(=O)CCC(CC1)Oc1ccc2c(c1)CCC1(O2)CCN(CC1)C1CCC1,23,CHEMBL1935425
Clc1cc(OCc2[nH]nc(c2)O)cc(c1)Cl,2,CHEMBL1939222
CNC(=O)c1ccc(cc1)Oc1ccc(cc1)C#C[C@]1(O)CN2CCC1CC2,24,CHEMBL1940296
CN1CCC(CC1)NC(=O)c1ccc(cc1)Oc1ccc(cc1)C#C[C@]1(O)CN2CCC1CC2,41,CHEMBL1940308
O=C(c1ccc(cc1)Oc1ccc(cc1)C#C[C@]1(O)CN2CCC1CC2)NC1CCCS(=O)(=O)C1,25,CHEMBL1940315
Cc1nnc(cc1c1ccc(cc1)OC1CCN(CC1)C1CCC1)O,42,CHEMBL1945845
N#Cc1ccc(cc1C(F)(F)F)OC1C(=O)N(CC1(C)C)C(c1nnc(o1)c1cccc(c1)F)C,0.825,CHEMBL1946807
N#Cc1ccc(cc1C(F)(F)F)O[C@H]1C(=O)N(CC1(C)C)[C@H](c1nnc(o1)c1ccccc1)C,1.81,CHEMBL1946808
N#Cc1ccc(cc1C(F)(F)F)O[C@H]1C(=O)N(CC1(C)C)Cc1nnc(o1)c1ccccc1,1.27,CHEMBL1946809
OC(=O)[C@@](CCc1ccc(c(c1)F)c1nc2c(s1)nc(cc2)C1(CC1)c1ccccc1)(N)C,3.7,CHEMBL1950574
CN[C@H](C(=N[C@H](C(=O)N1CC[C@@H]2[C@H]1CN(CC2)CCc1ccccc1)C1CCCCC1)O)C,5.7,CHEMBL1950720
OC1=NN=C(CC1(C)C)c1ccc(cc1)OC1CCN(CC1)C1CCC1,50,CHEMBL1950743
C[C@@H]1CCCN1CCCOc1ccc(cc1)C(=O)CN1CCOCC1,80,CHEMBL1951055
Clc1ccn(=O)c(c1)C1OC2(c3c1cccc3)CCN(CC2)Cc1ccc(cc1)OC(F)(F)F,0.6,CHEMBL1951468
Clc1ccn(=O)c(c1)C1OC2(c3c1cccc3)CCN(CC2)S(=O)(=O)c1ccc(cn1)C(F)(F)F,5,CHEMBL1951478
CCN(C(=O)Cc1ccc(cc1)S(=O)(=O)C)C1CCN(CC1)CC[C@@H](c1cc(F)cc(c1)F)C1CCN(CC1)S(=O)(=O)C,50,CHEMBL1951914
ON=C([C@](S(=O)(=O)C)(CCc1ccc(cc1)c1ccccc1)C)O,2.15,CHEMBL1956115
OCc1c(cc(cc1C(C)C)C(C)(C)C)c1ccc(cc1)F,10,CHEMBL1956416
Fc1ccc(c(c1)F)CCN1CCN(CC1)C(=O)c1cccn2c1ncc2,32.6,CHEMBL1957816
OCCn1ncc(c1)c1cnc2c(n1)n(nn2)Cc1ccc2c(c1)cccn2,16,CHEMBL2001019
O=C(N(C1CCN(CC1)Cc1ccc(cc1)C(F)(F)F)C)Cc1ccc(cc1)n1cnnn1,7.6,CHEMBL2010836
CC(Cn1c2ccc(cc2c2c1c1CCc3c(c1c1c2CNC1=O)cn(n3)C)Nc1ncccn1)C,5,CHEMBL2010872
CCCNC(=O)c1c(sc2c1CCNC2)NC(=O)C12CC3CC2CC(C1)C3,1,CHEMBL2010903
CCCNC(=O)c1c(sc2c1CCOC2)NC(=O)C12CC3CC(C2)CC(C1)C3,1,CHEMBL2010907
OCc1cc2nnc(n2c2c1ccc(c2)c1ccc[nH]1)O,94.8,CHEMBL2012881
N#Cc1cccc2c1nc(n2c1ccc(s1)C(=O)NC1CC1)C,49.9,CHEMBL2012958
Clc1ccc2c(c1)CCN2CC(=N[C@@H]1CC[C@H](CC1)CNS(=O)(=O)C(C)C)O,0.9,CHEMBL2013012
Clc1ccc2c(c1)ccn2CC(=N[C@@H]1CC[C@H](CC1)CNS(=O)(=O)C(C)C)O,0.4,CHEMBL2013020
CC[C@@H]1C[C@]1(N=C([C@@H]1C[C@H](CN1C(=O)[C@H](C(C)(C)C)N=C(O[C@@H]1C[C@H]2[C@@H](C1)C2)O)Oc1cc(nc2c1ccc(c2Cl)OCCN1CCOCC1)c1csc(=NC(C)C)[nH]1)O)C(=O)O,2.6,CHEMBL2013174
Clc1ccc(cc1)/C=C/C(=Nc1ccc2c(c1)c(C)nc(n2)N1CCC(CC1)(O)C1CC1)O,0.5,CHEMBL2017593
OC(=N)CN1CCN(CC1)Cc1onc(n1)c1cn(c2c1cccc2Cl)CC1CCOCC1,4,CHEMBL2017684
n1ccc(cc1)c1nc(=Nc2n[nH]c(c2)C2CC2)c2c([nH]1)cccc2,1,CHEMBL2017707
Fc1ccc(cc1)c1nc(N=c2[nH][nH]cc2)c2c(n1)cccc2,1,CHEMBL2017708
Fc1ccc(cc1)c1nc(=Nc2n[nH]c(c2)C)c2c([nH]1)cccc2,1,CHEMBL2017709
Fc1ccc(cc1)c1nc(=Nc2n[nH]c(c2)C2CC2)c2c([nH]1)cccc2,1,CHEMBL2017710
C1CCC(CC1)N=c1nc(N=c2[nH][nH]c(c2)C2CC2)c2c([nH]1)cccc2,1,CHEMBL2017712
C=C[C@@H]1C[C@]1(N=C([C@@H]1C[C@@H]2CN1C(=O)[C@H](N[C@H](C)CCCCCCCc1c3CN(C(=O)O2)Cc3ccc1)C(C)C)O)C(=NS(=O)(=O)C1CC1)O,10.6,CHEMBL2021457
Fc1ccc(c(c1)F)[C@@H]1CN(C[C@H]1C(=O)N1CCC(CC1)c1nc(nn1c1ccc(c(c1)F)F)C)C(C)(C)C,70,CHEMBL2022781
Fc1ccc(c(c1)F)[C@@H]1CN(C[C@H]1C(=O)N1CCC(CC1)c1cc(nn1c1ccc(c(c1)C)Cl)C)C(C)(C)C,4,CHEMBL2022785
Fc1ccc(c(c1)F)[C@@H]1CN(C[C@H]1C(=O)N1CCC(CC1)c1cc(nn1c1ccc(c(c1)Cl)C)C)C(C)(C)C,5,CHEMBL2022787
Clc1ccc(cc1)n1nc(cc1C1CCN(CC1)C(=O)[C@@H]1CN(C[C@H]1c1ccc(cc1F)F)C(C)(C)C)C,11,CHEMBL2022789
Clc1ccc(cc1)n1nnnc1C1CCN(CC1)C(=O)[C@@H]1CN(C[C@H]1c1ccc(cc1F)F)C(C)(C)C,32,CHEMBL2022791
Fc1ccc(c(c1)F)[C@@H]1CN(C[C@H]1C(=O)N1CCC(CC1)c1cc(nn1c1ccc(c(c1)Cl)Cl)C)C(C)(C)C,2,CHEMBL2022793
Cc1cccc(c1)C(c1ccccc1)(c1ccccc1)CC[C@@H](C(=O)O)N,0.191,CHEMBL2022995
Cc1cccc(c1)C(c1ccccc1)(c1ccccc1)CC[C@H](C(=O)O)N,0.168,CHEMBL2022996
ON=C([C@](S(=O)(=O)C)(CCn1ccc(cc1=O)c1ccccc1)C)O,14,CHEMBL2023131
Fc1ccc(c(c1)F)[C@@H]1CN(C[C@H]1C(=O)N1CCC(CC1)c1cc(nn1c1ccc(c(c1)F)F)C)C(C)(C)C,25,CHEMBL2023205
Fc1ccc(c(c1)F)[C@@H]1CN(C[C@H]1C(=O)N1CCC(CC1)c1cc(nn1c1ccc(cc1F)Cl)C)C(C)(C)C,17,CHEMBL2023207
Fc1ccc(c(c1)F)[C@@H]1CN(C[C@H]1C(=O)N1CCC(CC1)c1cc(nn1c1ccc(c(c1)Cl)F)C)C(C)(C)C,16,CHEMBL2023209
Fc1ccc(c(c1)F)[C@@H]1CN(C[C@H]1C(=O)N1CCC(CC1)c1ccnn1c1ccc(c(c1)Cl)F)C(C)(C)C,18,CHEMBL2023210
Fc1ccc(c(c1)F)[C@@H]1CN(C[C@H]1C(=O)N1CCC(CC1)c1cc(nn1c1cc(Cl)ccc1F)C)C(C)(C)C,14,CHEMBL2023211
Clc1ccc(cc1)n1nc(nc1C1CCN(CC1)C(=O)[C@@H]1CNC[C@H]1c1ccc(cc1F)F)C,12,CHEMBL2023213
ON=C([C@](S(=O)(=O)C)(CCn1ccc(cc1=O)c1ccc(cc1F)OC)C)O,31,CHEMBL2023402
ON=C([C@](S(=O)(=O)C)(CCn1ccc(cc1=O)c1ccc(cc1)n1nccn1)C)O,25,CHEMBL2023524
CCOc1cc2nccc(c2cc1OC)Oc1cnc(c(c1)OC)CC(=Nc1n[nH]c(c1C)CC)O,3,CHEMBL2023802
CN=C(OCC[C@H]1C[C@@H]1c1cncc(c1)OC[C@@H]1CCN1)O,91.6,CHEMBL2024089
Fc1ccc(c(c1)F)[C@@H]1CNC[C@H]1C(=O)N1CCC(CC1)c1cc(nn1c1cc(Cl)ccc1Cl)C,12,CHEMBL2024195
Fc1ccc(c(c1)F)[C@@H]1CNC[C@H]1C(=O)N1CCC(CC1)c1ccnn1c1ccc(c(c1)Cl)F,12,CHEMBL2024197
Fc1ccc(c(c1)F)[C@H]1CN(C[C@@H]1C(=O)N1CCC(CC1)c1nc(nn1c1ccc(c(c1)C)Cl)C)C(C)(C)C,10,CHEMBL2024199
CN1CCN(CC1)c1ccc2c(c1)c(=O)n(cn2)c1cc(ccc1C)C(=NC1CC1)O,64.3,CHEMBL2031465
Fc1ccc(c(c1)F)[C@@H]1C[C@](C[C@H]1C(=O)N1CCC(CC1)c1nc(nn1c1ccc(c(c1)C)Cl)C)(C)N,7.6,CHEMBL2031581
Fc1ccc(c(c1)F)[C@@H]1C[C@](C[C@H]1C(=O)N1CCC(CC1)c1nc(nn1c1cc(Cl)ccc1Cl)C)(C)N,24.5,CHEMBL2031583
Fc1ccc(c(c1)F)[C@@H]1C[C@](C[C@H]1C(=O)N1CCC(CC1)c1nc(nn1c1ccc(c(c1)Cl)F)C)(C)N(C)C,32,CHEMBL2031584
Fc1ccc(c(c1)F)[C@@H]1C[C@](C[C@H]1C(=O)N1CCC(CC1)c1nc(nn1c1ccc(c(c1)Cl)F)C)(C)N,20.5,CHEMBL2031585
Fc1ccc(c(c1)F)[C@@H]1C[C@](C[C@H]1C(=O)N1CCC(CC1)c1cc(nn1c1cc(Cl)ccc1Cl)C)(C)N(C)C,8.7,CHEMBL2031588
Fc1ccc(c(c1)F)[C@@H]1C[C@](C[C@H]1C(=O)N1CCC(CC1)c1cc(nn1c1cc(Cl)ccc1Cl)C)(C)N,7.1,CHEMBL2031589
Fc1ccc(c(c1)F)[C@@H]1C[C@](C[C@H]1C(=O)N1CCC(CC1)c1cc(nn1c1ccc(c(c1)Cl)F)C)(C)N(C)C,6.4,CHEMBL2031590
Fc1ccc(c(c1)F)[C@@H]1C[C@](C[C@H]1C(=O)N1CCC(CC1)c1cc(nn1c1ccc(c(c1)Cl)F)C)(C)N,4.3,CHEMBL2031591
Fc1ccc(c(c1)F)[C@H]1C[C@](C[C@@H]1C(=O)N1CCC(CC1)c1ccnn1c1ccc(c(c1)Cl)F)(C)N(C)C,14.4,CHEMBL2031595
Fc1ccc(c(c1)F)[C@H]1C[C@@](C[C@@H]1C(=O)N1CCC(CC1)c1ccnn1c1ccc(c(c1)Cl)F)(C)N(C)C,10.4,CHEMBL2031596
Fc1ccc(c(c1)F)[C@H]1C[C@@](C[C@@H]1C(=O)N1CCC(CC1)c1ccnn1c1ccc(c(c1)Cl)F)(C)N,10,CHEMBL2031598
O=C(c1ccc(cc1)c1ccc2c(c1)CCN(C2=O)CCN1CCCC1)N(C)C,59,CHEMBL2031874
O=C(CN1C(=O)C2(CCCC2)NC[C@@]1(C)c1cc(F)cc(c1)F)Nc1ccc2c(c1)C[C@@]1(C2)C(=Nc2c1cccn2)O,10.6,CHEMBL2035981
OC(=O)C[C@@H]1CC[C@H](CC1)c1ccc(cc1)N=C(c1n[nH]c(=Nc2ccc(c(c2)F)F)o1)O,0.3,CHEMBL2036730
OC(=Nc1ccc(c(c1)Cl)Cl)N1CCN(CC1)C[C@@H]1CCCN(C1)C1CC1,5,CHEMBL2036757
Oc1ncnc(c1)N1C(=O)N(C(=O)C21CCN(CC2)Cc1ncccc1C)c1ccc(cc1)c1ccc(cc1)N1CCOCC1,2.7,CHEMBL2041170
COc1ncnc(c1)N1C(=O)N(C(=O)C21CCN(CC2)Cc1ncccc1C)c1ccc(nc1)c1ccc(cc1)C(=O)O,2.2,CHEMBL2041180
COc1ncnc(c1)N1C(=O)N(C(=O)C21CCN(CC2)Cc1ncccc1C)c1ccc(nc1)c1ccc(cc1C)C(=O)O,1.3,CHEMBL2041181
OC(=O)c1ccc(c(c1)C)c1ccc(cc1)N1C(=O)N(C2(C1=O)CCN(CC2)Cc1ncccc1C)c1nccnc1,4.6,CHEMBL2041190
OC(=O)c1ccc(c(c1)C)c1ccc(cn1)N1C(=O)N(C2(C1=O)CCN(CC2)Cc1ncccc1C)c1nccnc1,10,CHEMBL2041191
OC(=O)c1ccc(cc1)c1ccc(cc1)N1C(=O)N(C2(C1=O)CCN(CC2)Cc1ncccc1C)c1ccncn1,1.6,CHEMBL2041192
OC(=O)c1ccc(c(c1)C)c1ccc(cc1)N1C(=O)N(C2(C1=O)CCN(CC2)Cc1ncccc1C)c1ccncn1,4,CHEMBL2041193
OC(=N)Nc1cc(sc1C(=O)N[C@H]1CCCNC1)c1cccc(c1)F,26,CHEMBL2041933
Cc1ccc(cn1)c1cc(cnc1N)c1ccc(cc1)S(=O)(=O)C,25.6,CHEMBL2041978
Fc1ccc(cn1)c1cc(cnc1N)c1ccc(cc1)S(=O)(=O)C,43.1,CHEMBL2041979
OCc1ccc(cn1)c1cc(cnc1N)c1ccc(cc1)S(=O)(=O)C,54.1,CHEMBL2041981
Nc1ncc(cc1c1ccc(c(c1)C(F)(F)F)C)c1ccc(cc1)S(=O)(=O)C,3.1,CHEMBL2041987
Nc1ncc(cc1c1ccc(c(c1)F)C(F)(F)F)c1ccc(cc1)S(=O)(=O)C,5.2,CHEMBL2041988
Nc1ncc(cc1c1ccc(cc1)C(F)(F)F)c1ccc(cc1)S(=O)(=O)C,3.8,CHEMBL2041991
CNC(=O)c1ccc(cc1)c1cc(cnc1N)c1ccc(cc1)S(=O)(=O)C,18.2,CHEMBL2042002
Nc1ncc(cc1c1ccc(cc1)C(=O)N)c1ccc(cc1)S(=O)(=O)C,21.6,CHEMBL2042003
OC(=N[C@H](C(=N)O)Cc1ccccc1)OCc1ccccc1,19,CHEMBL2042018
OC(=O)CN1c2ccc(cc2[C@@]2(C1=O)N=C(N(C2=O)Cc1cc(Cl)ccc1F)O)Cl,2.3,CHEMBL2042238
OC(=O)CN1c2ccc(cc2[C@@]2(C1=O)N(C)C(=O)N(C2=O)Cc1cc(Cl)ccc1F)Cl,2,CHEMBL2042239
OC(=O)c1cc(Cc2ccc(cc2)c2cccnc2)c2n(c1=O)cccc2,0.3,CHEMBL2042536
OC(=O)c1cc(CN2CCN(CC2)c2ccccc2)c2n(c1=O)cccc2,49.5,CHEMBL2042688
O=C1CN(CCN1c1ccccc1)Cc1cc(C(=O)O)c(=O)n2c1cccc2,47.9,CHEMBL2042689
Brc1ccc(cc1)N1CCN(CC1)Cc1cc(C(=O)O)c(=O)n2c1cccc2,6.5,CHEMBL2042691
OC(=O)c1cc(CN2CCN(CC2)c2ccc(cc2)C(F)(F)F)c2n(c1=O)cccc2,4.9,CHEMBL2042692
COc1ncnc(c1)N1C(=O)N(C(=O)C21CCN(CC2)Cc1ncccc1C)c1ccc(cc1)c1ccc(cc1)C(=O)O,0.6,CHEMBL2043168
COc1ncnc(c1)N1C(=O)N(C(=O)C21CCN(CC2)Cc1ncccc1C)c1ccc(cc1)c1ccc(cc1C)C(=O)O,0.3,CHEMBL2043325
OC(=Nc1cccc(c1)c1nc2c([nH]1)cccc2)c1ccc2c(c1)OCCO2,1,CHEMBL2043430
N#Cc1ccc(cc1)NC(=N[C@@H]1CCN([C@H](C1)c1nc2c([nH]1)cccc2)C)O,9.1,CHEMBL2043437
CCS(=O)(=O)Nc1cccc(c1)N=C(c1ccccc1Br)O,7,CHEMBL2047287
CCCC(=O)N(c1cccc(c1)N=C(c1ccccc1Br)O)C,2,CHEMBL2047289
CCCC(=Nc1cccc(c1)N(C(=O)c1ccccc1Br)C)O,11,CHEMBL2047290
OC(=Nc1cccc(c1)N(C(=O)c1ccccc1Br)C)C1CCCC1,5,CHEMBL2047291
Brc1ccccc1C(=Nc1cccc(c1)N1CCCS1(=O)=O)O,9,CHEMBL2047293
CC(=O)N1CCCc2c1cc(cc2)N=C(c1ccccc1Br)O,1,CHEMBL2047294
CCS(=O)(=O)N1CCCc2c1cc(cc2)N=C(c1ccccc1Br)O,2,CHEMBL2047295
CCCC(=Nc1cccc(c1)NCc1ccccc1Br)O,1,CHEMBL2047296
CCCCNc1cccc(c1)N=C(c1ccccc1Br)O,3,CHEMBL2047297
CCC(C(=Nc1cccc(c1)N=C(c1ccccc1Br)O)O)(C)C,5,CHEMBL2047298
CC(CC(=Nc1cccc(c1)N=C(c1ccccc1Br)O)O)C,7,CHEMBL2047299
CC(CC(=Nc1cccc(c1)N=C(c1ccccc1C)O)O)C,4,CHEMBL2047300
OC(=N[C@H]1CC[C@@H]2[C@H]1CN(C2)Cc1cccc(c1)C(F)(F)F)C(C1CCCCC1)C1CCCCC1,1,CHEMBL2047726
O=C(N(c1scc(n1)C)C)CSc1ccc(nn1)c1ccccc1,2,CHEMBL2048846
CCc1c(cccc1c1nsc(n1)c1ccc(c(c1)Cl)OC(C)C)CCN1CCC(CC1)C(=O)O,0.45,CHEMBL2057282
CCc1c(cccc1c1nsc(n1)c1ccc(c(c1)Cl)OC(C)C)CCN1CC(C1)C(=O)O,0.67,CHEMBL2057283
CCc1c(cccc1c1nsc(n1)c1ccc(c(c1)C#N)CC(C)C)CCN1CCC(CC1)C(=O)O,0.64,CHEMBL2057285
CCc1c(cccc1c1nsc(n1)c1ccc(c(c1)C#N)CC(C)C)CCN1CC(C1)C(=O)O,0.71,CHEMBL2057286
O=C(c1ccc(cc1)OCc1ccccn1)Nc1cc(ccc1C)c1ccc(=N)[nH]n1,5.2,CHEMBL2057336
COc1ccc(c2c1nc(s2)NC(=O)c1ccncc1)C,1,CHEMBL2057392
OC(=NCc1ccncc1)c1sc2c(c1N)c(C)c(c(n2)C)Cl,2.6,CHEMBL2057417
CON=C([C@@H]1[C@@H](c2ccccc2)[C@]2([C@]([C@@H]1O)(O)c1c(O2)cc(cc1OC)OC)c1ccc(cc1)OC)O,18,CHEMBL2058177
CCc1c(CCCC(=O)O)cccc1c1nnc(s1)c1ccc(c(c1)C#N)OC(C)C,0.51,CHEMBL2059516
CCc1c(CCCC(=O)O)cccc1c1nsc(n1)c1ccc(c(c1)C#N)OC(C)C,0.21,CHEMBL2059517
CCc1c(CCCC(=O)O)cccc1c1cnc(s1)c1ccc(c(c1)C#N)OC(C)C,0.1,CHEMBL2059520
CCc1c(CCCC(=O)O)cccc1c1cnc(nc1)c1ccc(c(c1)C#N)OC(C)C,0.19,CHEMBL2057232
CCc1c(CCCC(=O)O)cccc1c1nsc(n1)c1ccc(c(c1)Cl)OC(C)C,0.15,CHEMBL2059669
CCc1c(CCCC(=O)O)cncc1c1nsc(n1)c1ccc(c(c1)C(F)(F)F)OC(C)C,0.12,CHEMBL2059677
CCc1c(CCCC(=O)O)cncc1c1nsc(n1)c1ccc(c(c1)Cl)OC(C)C,0.19,CHEMBL2059678
CCc1c(CCCC(=O)O)cncc1c1nsc(n1)c1ccc(c(c1)C#N)CC(C)C,0.14,CHEMBL2059679
CCc1c(CCCC(=O)O)nccc1c1nsc(n1)c1ccc(c(c1)C#N)CC(C)C,0.19,CHEMBL2059680
CCc1c(cccc1c1nsc(n1)c1ccc(c(c1)C(F)(F)F)OC(C)C)CN(CC(=O)O)C,0.49,CHEMBL2059681
CCc1c(cccc1c1nsc(n1)c1ccc(c(c1)C(F)(F)F)OC(C)C)CCN(CC(=O)O)C,0.21,CHEMBL2059684
CCc1c(cccc1c1nsc(n1)c1ccc(c(c1)C(F)(F)F)OC(C)C)CN1CC(C1)C(=O)O,0.26,CHEMBL2059686
CCc1c(cccc1c1nsc(n1)c1ccc(c(c1)C(F)(F)F)OC(C)C)CCN1CCC(CC1)C(=O)O,0.17,CHEMBL2059687
CCc1c(cccc1c1nsc(n1)c1ccc(c(c1)C(F)(F)F)OC(C)C)CCN1CC(C1)C(=O)O,0.25,CHEMBL2059688
CCc1c(cccc1c1nsc(n1)c1ccc(c(c1)Cl)OC(C)C)CN1CC(C1)C(=O)O,0.96,CHEMBL2059689
O=C(c1ccc(cc1)OCc1ccccn1)Nc1cc(ccc1C)c1nc2c([nH]1)cccc2,1,CHEMBL2059859
O=C(c1ccc(cc1)OCc1ccccn1)Nc1cc(ccc1C)c1cnc[nH]1,5.1,CHEMBL2059860
O=C(c1ccc(cc1)OCc1ccccn1)Nc1cc(ccc1C)c1nccn1C,5.1,CHEMBL2059861
O=C(c1ccc(cc1)OCc1ccccn1)Nc1cc(ccc1C)c1ncc(n1C)C,2.2,CHEMBL2059862
O=C(c1ccc(cc1)OCc1ccccn1)Nc1cc(ccc1C)c1ncc[nH]1,5.6,CHEMBL2059865
O=C(c1ccc(cc1)OCc1ccccn1)Nc1cc(ccc1C)c1cnc([nH]1)C,3.2,CHEMBL2059867
O=C(c1ccc(cc1)OCc1ccccn1)Nc1cc(ccc1C)c1[nH]cnc1C,6.3,CHEMBL2059868
O=C(c1ccc(cc1)OCc1ccccn1)Nc1cc(ccc1C)c1cn(c(n1)C)C,5.6,CHEMBL2059869
O=C(c1ccc(cc1)OCc1ccccn1)Nc1cc(ccc1C)c1[nH]nc(c1)C(F)(F)F,1,CHEMBL2059871
O=C(c1ccc(cc1)OCc1ccccn1)Nc1cc(ccc1C)c1ncc(s1)CN1CCOCC1,3.3,CHEMBL2059872
O=C(c1ccc(cc1)OCc1ccccn1)Nc1cc(ccc1C)c1cccnc1,1,CHEMBL2059874
O=C(c1ccc(cc1)OCc1ccccn1)Nc1cc(ccc1C)c1ccccn1,1.1,CHEMBL2059875
O=C(c1ccc(cc1)OCc1ccccn1)Nc1cc(ccc1C)c1ccncc1,1.8,CHEMBL2059876
N#Cc1cnn2c1nc(cc2NC1COC1)n1ccc2c1cc(cc2)N=C(O)C,12.4,CHEMBL2062571
OCCCCNc1cc(nc2n1ncc2C#N)n1ccc2c1cc(cc2)N=C(O)C,4.1,CHEMBL2062572
N#Cc1cnn2c1nc(cc2NCCN1CCOCC1)n1ccc2c1cc(cc2)N=C(O)C,11,CHEMBL2062573
N#Cc1cnn2c1nc(cc2NCCN1CCCC1)n1ccc2c1cc(cc2)N=C(O)C,5.6,CHEMBL2062574
N#Cc1cnn2c1nc(cc2NCCCN(C)C)n1ccc2c1cc(cc2)N=C(O)C,10,CHEMBL2062575
N#Cc1cnn2c1nc(cc2NCCCN1CCCC1)n1ccc2c1cc(cc2)N=C(O)C,6.7,CHEMBL2062576
OCc1ccc2c(c1)n(cc2)c1cc(NC2CC2)n2c(n1)c(C#N)cn2,1.9,CHEMBL2062578
N#Cc1cnn2c1nc(cc2NC1CC1)n1ccc2c1cc(cc2)CS(=O)(=O)C,1.8,CHEMBL2062579
OC[C@H]1O[C@H](Oc2ccc(cc2Cl)n2ccc3c2ccc(c3)N(=O)=O)[C@H]([C@H]([C@@H]1O)O)O,1,CHEMBL2064305
OC[C@H]1O[C@H](Oc2ccc(cc2Cl)n2ccc3c2ccc(c3)OC)[C@H]([C@H]([C@@H]1O)O)O,4,CHEMBL2064306
OC[C@H]1O[C@H](Oc2ccc(cc2Cl)n2ccc3c2ccc(c3)C(F)(F)F)[C@H]([C@H]([C@@H]1O)O)O,1,CHEMBL2064308
OC[C@H]1O[C@H](Oc2ccc(cc2Cl)n2ccc3c2ccc(c3)N=C(c2ccc(cc2)Cl)O)[C@H]([C@H]([C@@H]1O)O)O,1,CHEMBL2064315
OC[C@H]1O[C@H](Oc2ccc(cc2Cl)n2ccc3c2ccc(c3)NS(=O)(=O)C)[C@H]([C@H]([C@@H]1O)O)O,6,CHEMBL2064316
OC[C@H]1O[C@H](Oc2ccc(cc2Cl)n2ccc3c2ncc(c3)Cl)[C@H]([C@H]([C@@H]1O)O)O,4,CHEMBL2064317
OC[C@H]1O[C@H](Oc2ccc(cc2Cl)n2ccc3c2ncc(c3)C#N)[C@H]([C@H]([C@@H]1O)O)O,5,CHEMBL2064318
OC[C@H]1O[C@H](Oc2ccc(cc2Cl)N2CCc3c2ccc(c3)N(=O)=O)[C@H]([C@H]([C@@H]1O)O)O,1,CHEMBL2064321
OC[C@H]1O[C@H](Oc2ccc(cc2Cl)N2CCc3c2cccc3)[C@H]([C@H]([C@@H]1O)O)O,1,CHEMBL2064322
OC[C@H]1O[C@H](Oc2ccc(cc2Cl)c2cnc3c(c2)ncn3C)[C@H]([C@H]([C@@H]1O)O)O,70,CHEMBL2064325
Clc1ccc(cc1)S(=O)(=O)Nc1cncc(c1)c1ccc2n(c1)[nH]c(=N)n2,1,CHEMBL2064508
Fc1ccc(cc1)N1CC(CC1=O)c1onc(n1)c1cccc(c1)C,0.7,CHEMBL2069398
O=C(CN=C(c1cc(=O)c(cn1O)O)O)OC[C@@H]1[C@H](N=C(/C(=N\OC(C(=O)O)(C)C)/c2csc(=N)[nH]2)O)C(=O)N1S(=O)(=O)O,57,CHEMBL2069904
O=C1[C@@H](N=C(/C(=N\OC(C(=O)O)(C)C)/c2csc(=N)[nH]2)O)[C@H](N1S(=O)(=O)O)COC(=O)c1onc(c1)c1cc(=O)c(cn1O)O,32,CHEMBL2069905
O=C1[C@@H](N=C(/C(=N\OC(C(=O)O)(C)C)/c2csc(=N)[nH]2)O)[C@H](N1S(=O)(=O)O)CNC(=O)c1onc(c1)c1cc(=O)c(cn1O)O,46,CHEMBL2069909
N#CC1(CC1)N=C([C@@H]1CCCC[C@H]1C(=O)N1CCN(CC1)c1ccc(cc1)F)O,50,CHEMBL2070936
N#CC1(CC1)N=C([C@@H]1CCCC[C@H]1C(=O)N1CCN(CC1)c1nc2c(s1)cccc2)O,17,CHEMBL2070937
N#CC1(CC1)N=C([C@@H]1CCCC[C@H]1C(=O)N1CCN(CC1)c1nc2c(s1)cc(cc2)S(=O)(=O)C)O,42,CHEMBL2070947
COc1ccc(cc1)c1csc(n1)N=C([C@H]1CCCCN1S(=O)(=O)c1ccc(cc1)C)O,0.6,CHEMBL2070953
C=CC(=Nc1cccc(c1)S(=O)(=O)N1CCN(CC1)C(=O)OCc1ccccc1)O,2,CHEMBL2086479
C=CC(=O)Nc1ccc(cc1)S(=O)(=O)N1CCN(CC1)C(=O)C1CCCC1,7,CHEMBL2086480
C=CC(=O)Nc1ccc(cc1)S(=O)(=O)N1CCN(CC1)C(=O)C1CC1,11,CHEMBL2086522
C=CC(=O)Nc1ccc(cc1)S(=O)(=O)N1CCN(CC1)C(=O)C12CC3CC(C2)CC(C1)C3,2,CHEMBL2086528
C=CC(=Nc1ccc(cn1)S(=O)(=O)N1CCN(CC1)C(=O)C1CC1)O,96,CHEMBL2086540
Clc1cc(Cl)c(c(c1)Cl)OCC(=N/N=C/c1ccc[nH]1)O,1.2,CHEMBL2086638
N#Cc1cnccc1COc1cnc(nc1)N1CCN(C[C@H]1C)c1noc(n1)C(C)C,1.3,CHEMBL2086690
N#Cc1cnccc1COc1cnc(nc1)N1CCN(C[C@H]1C)c1onc(n1)C(C)C,1.8,CHEMBL2087084
N#Cc1cnccc1COc1cnc(nc1)N1CCN(C[C@H]1C)c1onc(n1)C(F)(F)F,1,CHEMBL2087086
Cc1ccc(cc1c1ccn2c(c1)nnc2C(C)(C)C)C(=NC1CC1)O,42,CHEMBL2087500
Fc1cc(cc(c1C)c1ccn2c(c1)nnc2C(C)(C)C)C(=NC1CC1)O,16,CHEMBL2087501
OC(=NC1CC1)c1cc(F)c(c(c1)c1c(F)cn2c(c1F)nnc2C(C)(C)C)C,21,CHEMBL2087742
C=CC(=O)Nc1ccc(cc1)S(=O)(=O)N1CCNCC1,4,CHEMBL2089387
CO/N=C(/c1csc(=N)[nH]1)\C(=N[C@H]1[C@H]2SCC(=C(N2C1=O)C(=O)O)C)O,78,CHEMBL2103764
COc1cc(Nc2ncc(c(n2)N=c2ccc3c([nH]2)N(COP(=O)(O)O)C(=O)C(O3)(C)C)F)cc(c1OC)OC,1.5,CHEMBL2103830
N=c1scc([nH]1)/C(=N/OC(C(=O)O)(C)C)/C(=NC1CN(C1=O)C(=NS(=O)(=O)N1CCN(C1=O)N=C(c1[nH]cc(c(=O)c1)O)O)O)O,29,CHEMBL2110757
COc1ccc(cc1)c1ccc(cc1)S(=O)(=O)N[C@@H]([C@H]1CCCC2(C1)OCCO2)C(=O)O,1,CHEMBL2115084
OC[C@H](N1C[C@@H](C)[C@H](CN(Cc2ccc(cc2)Oc2ccccc2)C)Oc2c(C1=O)cccc2NC(=O)c1ccncc1)C,1,CHEMBL2139972
CC1CCN(CC1)[C@@H](c1ccc(cc1c1ccc(cc1)C(F)(F)F)[C@H](C(=O)O)C)c1ccc(cc1)F,0.1,CHEMBL2146750
O=N(=O)c1ccc(o1)C1=NOC(C1)c1ccc(nc1)N1CCOCC1,3.3,CHEMBL2147088
O=N(=O)c1ccc(o1)C1=NOC(C1)c1ccc(cc1)N1CCOCC1,3.8,CHEMBL2147093
Fc1cc(ccc1N1CCOCC1)C1ON=C(C1)c1ccc(o1)N(=O)=O,6.6,CHEMBL2147094
O=N(=O)c1ccc(o1)C1=NOC(C1)c1ccc(cc1)N1CCSCC1,1.5,CHEMBL2147095
O=S1CCN(CC1)c1ccc(cc1)C1ON=C(C1)c1ccc(o1)N(=O)=O,22.3,CHEMBL2147096
CN1CCN(C(=O)C1)c1ccc(cc1)C1ON=C(C1)c1ccc(o1)N(=O)=O,42.6,CHEMBL2147097
O=C1COCCN1c1ccc(cc1)C1ON=C(C1)c1ccc(o1)N(=O)=O,35.7,CHEMBL2147100
O=C1COCCN1c1ccc(cc1F)C1ON=C(C1)c1ccc(o1)N(=O)=O,29.2,CHEMBL2147102
CCN=C([C@@H]1C[C@](C1)(F)c1ccc(c(c1)F)CN1CCCC1)O,66,CHEMBL2151197
Fc1cnc(nc1)[C@@H](N=c1ccc2c([nH]1)n(cn2)c1n[nH]c(c1)C1CC1)C,16,CHEMBL2151319
Fc1cnc(nc1)[C@@H](N=c1ccc2c([nH]1)n(cn2)c1n[nH]c(c1)C)C,39,CHEMBL2151320
CC(Oc1n[nH]c(c1)n1cnc2c1[nH]c(=N[C@H](c1ccc(cn1)F)C)cc2)C,6,CHEMBL2151321
OC[C@@H](c1ccc(cn1)F)N=c1ccc2c([nH]1)n(cn2)c1[nH]nc(c1)OC(C)C,8.1,CHEMBL2151322
CC(Oc1n[nH]c(c1)n1cnc2c1nc(nc2)N[C@H](c1ncc(cn1)F)C)C,31,CHEMBL2151323
OC[C@H](n1cnc2c1[nH]c(=Nc1[nH]nc(c1)OC(C)C)c(c2)F)c1ccc(cn1)F,5.8,CHEMBL2151324
CCOc1n[nH]c(c1)N=c1[nH]c2c(cc1F)ncn2[C@H](c1ccc(cn1)F)CO,11,CHEMBL2151325
OC[C@H](n1cnc2c1[nH]c(=Nc1[nH]nc(c1)OC)c(c2)F)c1ccc(cn1)F,15,CHEMBL2151326
Clc1cccc(c1)c1noc(n1)C1CN(C1)C(=O)C1CCC(CC1)(F)F,1.3,CHEMBL2151497
CC1CCCCC1C(=O)N1CC(C1)c1onc(n1)c1cccc(c1)F,3.4,CHEMBL2151616
Fc1cccc(c1)c1noc(n1)C1CN(C1)C(=O)[C@H]1CC2CC1CC2,0.7,CHEMBL2151638
C1CCN(CC1)[C@@H]([C@@H](c1ccccc1)N1CCCCC1)c1ccccc1,6.5,CHEMBL2152523
C1CCN(C1)[C@H]([C@H](c1ccccc1)N1CCCC1)c1ccccc1,17,CHEMBL2152524
C1CCN(C1)[C@@H]([C@@H](c1ccccc1)N1CCCC1)c1ccccc1,17,CHEMBL2152525
ClC[C@@H]1CN(c2c1c1cccc3c1c(c2)OC(=N3)O)C(=O)c1cc2c([nH]1)ccc(c2)NC(=O)c1cc2c([nH]1)cccc2,5,CHEMBL2152764
Fc1ccc2c(c1c1nc3ccc(nc3c(n1)N1CCOCC1)CN1CCC(CC1)C(O)(C)C)cc[nH]2,14,CHEMBL2152768
O[C@@H]1CCC[C@H](C1)n1c(C)nc2c1c1ccnc1[nH]c2,60,CHEMBL2159210
C[C@H]1OCCN(C1)c1ccc2c(n1)ccnc2Nc1ccc(c(c1)c1ncc([nH]1)c1ccccc1)Cl,3.9,CHEMBL2160067
O=C(Nc1ccc(cc1)Sc1nc(=Nc2n[nH]c(c2)C)c2n([nH]1)ccc2)CN1CC[C@H](C1)C(=NC1CCCC1)O,1,CHEMBL2163394
O=C(Nc1ccc(cc1)Sc1nc(=Nc2n[nH]c(c2)C)c2n([nH]1)ccc2)CN1CC[C@H](C1)C(=O)N1CCC(C1)(F)F,1,CHEMBL2163404
OC[C@H]1N(CCCCCCOc2cc(F)ccc2F)C[C@@H]([C@H]([C@@H]1O)O)O,26,CHEMBL2163421
CCCC(OCCCCCCN1C[C@H](O)[C@H]([C@@H]([C@H]1CO)O)O)CCC,9,CHEMBL2163430
ON=C([C@](S(=O)(=O)C)(CCc1onc(c1)c1ccc(cc1F)OC)C)O,7.2,CHEMBL2164192
N#Cc1cc(C)c(c(n1)C)C(=NCC[C@H](N1CCC(CC1)N(C(=O)CC1CCOCC1)Cc1ccsc1)C)O,85,CHEMBL2164201
Clc1cc(C)c(c(n1)C)C(=NCC[C@H](N1CCC(CC1)N(C(=O)CN1CCOC1=O)Cc1ccsc1)C)O,44,CHEMBL2164202
CN=C(N(C1CCN(CC1)[C@@H](CCN=C(c1c(C)cc(nc1C)Cl)O)C)Cc1ccsc1)O,46,CHEMBL2164203
ON=C(N(C1CCN(CC1)[C@@H](CCN=C(c1c(C)cc(nc1C)Cl)O)C)Cc1ccsc1)O,40,CHEMBL2164205
CON=C(N(C1CCN(CC1)[C@@H](CCN=C(c1c(C)cc(nc1C)Cl)O)C)Cc1ccsc1)O,42,CHEMBL2164206
CON=C(N(C1CCN(CC1)[C@@H](CCN=C(c1c(C)cc(nc1Cl)Cl)O)C)Cc1cscc1)O,53,CHEMBL2164207
CON=C(N(C1CCN(CC1)[C@@H](CCN=C(c1c(C)cc(nc1C)C(=O)NC(C)C)O)C)Cc1ccsc1)O,42,CHEMBL2164208
CON=C(N(C1CCN(CC1)[C@@H](CCN=C(c1c(C)cc(nc1Cl)C#N)O)C)Cc1cscc1)O,75,CHEMBL2164210
COCCON=C(N(C1CCN(CC1)[C@@H](CCN=C(c1c(C)cc(nc1C)Cl)O)C)Cc1ccsc1)O,43,CHEMBL2164211
COc1ccc(cc1)N(C1CCN(CC1)[C@@H](CCN=C(c1c(C)ncnc1C)O)C)Cc1cscc1,91,CHEMBL2164213
Clc1cc(C)c(c(n1)C)C(=NCC[C@H](N1CCC(CC1)N(C(=O)CC1CCOCC1)Cc1ccsc1)C)O,80,CHEMBL2164215
Clc1cc(C)c(c(n1)C)C(=NCC[C@H](N1CCC(CC1)N(C(=Nc1cccnc1)O)Cc1ccsc1)C)O,46,CHEMBL2164217
Clc1cc(C)c(c(n1)C)C(=NCC[C@H](N1CCC(CC1)N(C(=O)C)Cc1ccsc1)C)O,55,CHEMBL2164218
N#CCC(=O)N(C1CCN(CC1)[C@@H](CCN=C(c1c(C)cc(nc1C)Cl)O)C)Cc1ccsc1,54,CHEMBL2164220
ON=C([C@](S(=O)(=O)C)(CCc1noc(c1)c1ccccc1)C)O,1.6,CHEMBL2164511
ON=C([C@](S(=O)(=O)C)(CCc1onc(c1)c1ccccc1)C)O,1.3,CHEMBL2164514
ON=C([C@](S(=O)(=O)C)(CCn1nnc(c1)c1ccc(cc1F)OC)C)O,8.5,CHEMBL2164523
N#CCN=C([C@@H]1CCCC[C@H]1C(=O)N1CCN(CC1)c1ccccc1)O,50,CHEMBL2164676
COc1ccc(cn1)Nc1ncc(cc1c1nc(C)[nH]c(=N)n1)CN1CCN(CC1)S(=O)(=O)C,17.3,CHEMBL2165017
COc1ccc2c(c1)n(CCN1CCC(CC1)NCc1ccc3c(n1)N=C(CO3)O)c(=O)cn2,26,CHEMBL2165063
CNCCN1CCCc2c1ccc(c2)N=C(c1cccs1)N,60,CHEMBL2165820
OC[C@H]1N(CCCCCCOc2ccccc2OC)C[C@@H]([C@H]([C@@H]1O)O)O,35,CHEMBL2165924
CCCOc1cccc(c1)CCCN1C[C@H](O)[C@H]([C@@H]([C@H]1CO)O)O,32,CHEMBL2165929
OC[C@H]1N(CCCCCCOc2cccc(c2)C)C[C@@H]([C@H]([C@@H]1O)O)O,20,CHEMBL2165947
CCc1nc2c(n1c1nc(N3CCOCC3)c3c(n1)n(C)c(n3)CN1CC(C1)C1CCOCC1)cccc2,9,CHEMBL2171942
N#CCN=C([C@@H]1CCCC[C@H]1C(=O)N1CCN(CC1)c1ccc(cc1)OC)O,50,CHEMBL2171986
N#CCN=C([C@@H]1CCCC[C@H]1C(=O)N1CCN(CC1)c1ccc(cc1)C#N)O,53,CHEMBL2171989
N#CCN=C([C@@H]1CCCC[C@H]1C(=O)N1CCN(CC1)c1ccc(cc1)S(=O)(=O)C)O,50,CHEMBL2171990
N#CC1(CC1)N=C([C@@H]1CCCC[C@H]1C(=O)N1CCN(CC1)c1ccccc1)O,28,CHEMBL2171991
N#CC1(CC1)N=C([C@@H]1CCCC[C@H]1C(=O)N1CCN(CC1)c1ccc(c(c1)OC)OC)O,45,CHEMBL2171993
N#CC1(CC1)N=C([C@@H]1CCCC[C@H]1C(=O)N1CCN(CC1)c1ccc(cc1)S(=O)(=O)C)O,50,CHEMBL2171994
N#CC1(CC1)N=C([C@@H]1CCCC[C@H]1C(=O)N1CCN(C[C@H]1C)c1ccc2c(c1)c(C)nn2C)O,25,CHEMBL2171999
N#CC1(CC1)N=C([C@@H]1CCCC[C@H]1C(=O)N1CCN(C[C@H]1C)c1ccc2c(c1)n(C)nc2C)O,28,CHEMBL2172000
N#CC1(CC1)N=C([C@@H]1CCCC[C@H]1C(=O)N1CCN(C[C@H]1C)c1ccc2c(c1)onc2C)O,20,CHEMBL2169908
N#CC1(CC1)N=C([C@@H]1CCCC[C@H]1C(=O)N1CCN(C[C@H]1C)c1ccc2c(c1)c(C)nnc2C)O,49,CHEMBL2172001
N#CC1(CC1)N=C([C@@H]1CCCC[C@H]1C(=O)N1CCN(C[C@H]1C)c1ccc(c(n1)OC)OC)O,24,CHEMBL2172002
N#CC1(CC1)N=C([C@@H]1CCCC[C@H]1C(=O)N1CCN(C[C@H]1C)c1ccc(c(c1)OC)OC)O,39,CHEMBL2172005
NCCCn1c2c3ccccc3C(=O)c2c2c(c1=O)cc(cc2)N,25,CHEMBL2172212
Fc1ccc(cc1)C(=O)Nc1nc2c(n1[C@@H]1CC[C@@H](CC1)C(=NC(C)C)O)cc(cc2)CN1CCC(CC1)C(O)(C)C,5.3,CHEMBL2172308
Fc1cc(F)cc(c1)C(=Nc1nc2c(n1[C@@H]1CC[C@@H](CC1)C(=NC(C)C)O)cc(cc2)CN1CCC(CC1)C(O)(C)C)O,3.7,CHEMBL2172315
N[C@H]1CCCC[C@H]1Nc1ncc(c(=Nc2cccc(c2)n2nccn2)[nH]1)C(=N)O,1.4,CHEMBL2177736
COc1cc(ccc1OC)Nc1nc(nc2c1ncs2)c1cccc(c1)C(=O)Nc1ccc(cc1)C(=O)O,0.94,CHEMBL2177737
CN=c1ccn2c([nH]1)c(cn2)C(=O)Nc1cc(nn1c1cccc(c1)Cl)C,1.6,CHEMBL2178247
Clc1cccc(c1)c1nn(cc1N=C(c1cnn2c1nccc2)O)C,0.6,CHEMBL2178252
O=C(N1CCC(CC1)n1c(O)nc2c1cccn2)O[C@@H]1CC[C@H]([C@@H](c2c1nccc2)O)c1cccc(c1F)F,4.1,CHEMBL2178424
Clc1ccc(c(c1)c1nn(cc1N=C(c1cnn2c1[nH]c(=N)cc2)O)C)Cl,1.5,CHEMBL2178804
Clc1cccc(c1)n1nc(cc1N=C(c1cnn2c1nccc2)O)C,4.2,CHEMBL2178806
Clc1cccc(c1)n1nc(cc1NC(=O)c1cnn2c1[nH]c(=N)cc2)C,0.5,CHEMBL2178807
OC(=N[C@@H]1C2CC3CC1C[C@](C2)(C3)O)c1cnc(nc1C1CCCC1)N[C@@H]1COCC1,38,CHEMBL2179014
FC(c1c(ccn2c1nnc2CC1CC1)N1CCC(CC1)c1ccccc1)(F)F,0.18,CHEMBL2179319
OC(=N[C@@H]1C2CC3CC1C[C@](C2)(C3)O)c1cnc(nc1C1CCC1)NC1CCOCC1,52,CHEMBL2179452
C[C@H](c1nc(O)c2c(n1)n(nc2)C1CCOCC1)N1CC(C1)Oc1ccccc1,23,CHEMBL2180073
COCCc1ccc(cn1)c1c(C)nc2n1ccnc2N1CCOCC1,42,CHEMBL2180410
CCN=C(Nc1ccc(cc1)c1nc2CN(CCc2c(n1)N1CCOC[C@@H]1C)c1snc(n1)C)O,3,CHEMBL2181526
CCN=C(Nc1ccc(cc1)c1nc2CN(CCc2c(n1)N1CCOCC1)c1ncccn1)O,2,CHEMBL2181661
OC(=O)/C=C/c1ccc(cc1)NC(=O)C1(CCC1)N=C(c1ccc2c(c1)n(C)c(c2C1CCCC1)c1ccccn1)O,0.8,CHEMBL2181776
N#CC1(CCN(CC1)Cc1cc(C(=O)N[C@H]2CCCC[C@@H]2O)c(=O)n2c1cccc2)c1ccccn1,48,CHEMBL2203585
N#CC1(CCN(CC1)Cc1cc(C(=O)N[C@H]2CCCC[C@@H]2O)c(=O)n2c1cccc2)c1ccccc1,14.8,CHEMBL2203589
N#Cc1ncc(nc1O[C@@H](CN(C)C)C)Nc1ncc(c(c1)OC)c1cnn(c1)C,18,CHEMBL2203843
Oc1nc(O)c(c(n1)[C@@H]1CC[C@@H](CC1)c1ccccc1)Cc1cccc(c1)C(F)(F)F,0.1,CHEMBL2204043
N#Cc1ccc(cc1)N1CCN(CC1)Cc1cc(C(=O)N[C@H]2CCCC[C@@H]2O)c(=O)n2c1cccc2,9.5,CHEMBL2204275
O[C@H]1CCCC[C@@H]1NC(=O)c1cc(CN2CCN(CC2)c2ccc(cn2)C)c2n(c1=O)cccc2,39.9,CHEMBL2204276
O[C@H]1CCCC[C@@H]1NC(=O)c1cc(CN2CCN(CC2)c2ncc3c(c2)cccc3)c2n(c1=O)cccc2,8.7,CHEMBL2204277
O[C@H]1CCCC[C@@H]1NC(=O)c1cc(CN2CCN(CC2)c2ncc3c(c2)scn3)c2n(c1=O)cccc2,8.2,CHEMBL2204278
N#CC1(CCN(CC1)Cc1cc(C(=O)NC2CCOCC2)c(=O)n2c1cccc2)c1ccccn1,50,CHEMBL2204294
N#CC1(CCN(CC1)Cc1cc(C(=O)NC2CCCCC2(F)F)c(=O)n2c1cccc2)c1ccccn1,10.5,CHEMBL2204298
N#CC1(CCN(CC1)Cc1cc(C(=O)N[C@H]2CCCC[C@@H]2F)c(=O)n2c1cccc2)c1ccccn1,18.5,CHEMBL2204299
[11CH3]N=C([C@@H](Cc1ccccc1F)CN1CCC2(CC1)OCCc1c2sc(c1)F)O,11,CHEMBL2204352
OC[C@@H]1CCCN(C1)C(=O)c1ccc(cc1)C#Cc1ccc(cc1)OC,2,CHEMBL2204445
OC(=O)Cn1c(C)c(c2c1ccc(c2)F)CC1=NN(C(=O)CC1)Cc1ccc(cc1F)F,2,CHEMBL2204470
OC(=O)Cn1c(C)c(c2c1ccc(c2)F)Cc1ccc(=O)n(n1)Cc1ccc(cc1)C(O)(C)C,2,CHEMBL2204472
Fc1ccc2c(c1)c(Cc1ccc(=O)n(n1)Cc1ccncc1F)c(n2CC(=O)O)C,2,CHEMBL2204473
Fc1ccc2c(c1)c(Cc1ccc(=O)n(n1)Cc1cc(F)c(cc1F)F)c(n2CC(=O)O)C,2,CHEMBL2204474
OC(=O)Cn1c(C)c(c2c1ccc(c2)Cl)Cc1ccc(=O)n(n1)Cc1ccccc1,2,CHEMBL2204475
OC(=O)Cn1c(C)c(c2c1ccc(c2)F)Cc1ccc(=O)n(n1)Cc1ccncc1,2,CHEMBL2204477
OC(=O)Cn1c(C)c(c2c1ccc(c2)F)Cc1ccc(=O)n(n1)Cc1ccc(cc1)C(F)(F)F,2,CHEMBL2204478
OC(=O)Cn1c(C)c(c2c1ccc(c2)F)Cc1ccc(=O)n(n1)Cc1ccc(cc1)C(C(F)(F)F)(C(F)(F)F)O,2,CHEMBL2204479
OC(=O)Cn1c(C)c(c2c1cccc2)Cc1ccc(=O)n(n1)Cc1ccccc1,2,CHEMBL2204480
Fc1ccc(c(c1)F)Cn1nc(ccc1=O)Cc1c2cc(F)cc(c2n(c1C)CC(=O)O)F,2,CHEMBL2204481
N#Cc1ncc(nc1O[C@@H](CN(C)C)C)Nc1ncc(c(c1)NC)c1cnn(c1)C,30,CHEMBL2204592
CCn1nc2c(c1)c(Oc1cnc(c(c1)F)C(=O)N1CCC1)cc(c2)C(=Nc1cnc(cn1)C)O,20,CHEMBL2204663
C1CCN(C1)Cc1ccc(cc1)[C@@H]1C[C@H](C1)COc1ncccn1,44,CHEMBL2206289
CC(=O)N(C[C@@H]1C[C@H](C1)c1ccc(c(c1)Cl)CN1CCCC1)C,24,CHEMBL2206290
CCN(C(=O)[C@@H]1C[C@@H](C1)c1ccc(c(c1)F)CN1CCCC1)C,57,CHEMBL2206291
CC(CN=C([C@@H]1C[C@](C1)(F)c1ccc(c(c1)F)CN1CCCC1)O)C,34,CHEMBL2206292
N#Cc1c(ccn2c1nnc2CC(F)(F)F)N1CCC(CC1)c1cccc(c1OC)F,4.7,CHEMBL2206438
COc1ccc(cc1C1CCN(CC1)c1ccn2c(c1Cl)nnc2CC(F)(F)F)F,1,CHEMBL2206439
COc1ccccc1C1CCN(CC1)c1ccn2c(c1Cl)nnc2CC1CC1,1,CHEMBL2206440
COc1cccc(c1C1CCN(CC1)c1ccn2c(c1Cl)nnc2CC1CC1)F,1,CHEMBL2206442
COc1c(ccc(c1F)F)C1CCN(CC1)c1ccn2c(c1Cl)nnc2CC1CC1,1,CHEMBL2206444
COc1c(F)ccc(c1C1CCN(CC1)c1ccn2c(c1Cl)nnc2CC1CC1)F,1,CHEMBL2206445
COc1cc(F)cc(c1C1CCN(CC1)c1ccn2c(c1Cl)nnc2CC1CC1)F,1,CHEMBL2206447
COc1c(F)cccc1C1CCN(CC1)c1ccn2c(c1C(F)(F)F)nnc2CC1CC1,1,CHEMBL2206448
COc1c(F)ccc(c1C1CCN(CC1)c1ccn2c(c1C(F)(F)F)nnc2CC1CC1)F,1,CHEMBL2206449
CCOP(=O)(C1=C[C@H]([C@@H]([C@H](C1)NC(=N)N)N=C(O)C)OC(CC)CC)O,86,CHEMBL2206932
O[C@@H](CN1CCC(CC1)Oc1ccc(c(c1)Cl)Cl)CN=C(c1c[nH]nc1C(F)(F)F)O,2,CHEMBL2207658
O[C@@H](CN1CCC(CC1)Oc1ccc(c(c1)Cl)Cl)CN=C(c1cnc(cc1C(F)(F)F)O)O,11,CHEMBL2207662
O[C@@H](CN1CCC(CC1)Oc1ccc(cc1C)Cl)CN=C(c1cnc(cc1C(F)(F)F)O)O,14,CHEMBL2207663
O[C@@H](CN1CCC(CC1)Oc1ccc(c(c1Cl)C)Cl)CN=C(c1cnc(cc1C(F)(F)F)O)O,4,CHEMBL2207664
O[C@@H](CN1CCC(CC1)Oc1ccc(c(c1)Cl)Cl)CN=C(c1cn(C)c(=O)cc1C(F)(F)F)O,7,CHEMBL2207665
O[C@@H](CN1CCC(CC1)Oc1ccc(c(c1)Cl)Cl)CN=C(c1cnc(c2c1cccc2)O)O,2,CHEMBL2207666
CC(OC(=O)C(c1ccc(cc1)CC(C)C)C)C,35,CHEMBL2235846
CCCCOC(=O)C(c1ccc(cc1)CC(C)C)C,65,CHEMBL2235847
CCC(OC(=O)C(c1ccc(cc1)CC(C)C)C)C,33,CHEMBL2235848
OCC(COC(=O)C(c1ccc(cc1)CC(C)C)C)O,77,CHEMBL2235850
COC(=O)CN=C(C(c1ccc(cc1)CC(C)C)C)O,76,CHEMBL2235851
COC(=O)C(N=C(C(c1ccc(cc1)CC(C)C)C)O)C,64,CHEMBL2235852
COC(=O)C(C(C)C)N=C(C(c1ccc(cc1)CC(C)C)C)O,55,CHEMBL2235853
COC(=O)C(N=C(C(c1ccc(cc1)CC(C)C)C)O)CC(C)C,49,CHEMBL2235854
O=C(N([C@@H](C(=NC(C)(C)C)O)c1cccnc1)c1ccc(cc1)C(C)(C)C)c1ccco1,3.3,CHEMBL2311740
OC(=NC1CC1)c1sc2c(c1N)c(C)c(c(n2)C)Cl,1.1,CHEMBL2313377
CN=C(c1ccc(c2c1[nH]cc2C(=O)C(=O)N1CCN(CC1)C(=O)c1ccccc1)F)O,1.1,CHEMBL2315663
Clc1ccc2c(c1)nc(o2)N1CCC(CC1)C(=N[C@H]1CCC[C@@H]1COc1ccccc1)O,1,CHEMBL2315856
Clc1c(C)cc(cc1C)Oc1cccc(c1)Cn1cncc1,0.2,CHEMBL2326053
CCN=c1nc(C(=O)N)c2c([nH]1)CCN(C2)C(=O)CCc1ccc(cc1)OC(F)(F)F,91.7,CHEMBL2331648
O=C(N1CCC(CC1)n1c(=O)n(c2c1c1nc(ccc1nc2)c1ccc(nc1)C)C)[C@@H](O)C,8.75,CHEMBL2331664
Clc1cccc(c1)Oc1cc(ccc1O)S(=O)(=O)N1CCC[C@@H](C1)n1cc(C)c(nc1=O)O,1,CHEMBL2331747
O=C(c1ccc(c(c1C)F)S(=O)(=O)C)N1CCOc2c(C1)cc(cc2)c1ccc(=N)[nH]c1,14,CHEMBL2333365
CN1CCC(CC1)(COCc1nc(cc(c1)C(F)(F)F)N1CCC2C1C2)c1ccc(cc1)F,6.9,CHEMBL2333625
CN1CCC(CC1)(COCc1nc(cc(c1)C(F)(F)F)C1CC1)c1ccc(cc1)F,2,CHEMBL2333637
OC(=Nc1cccnc1Oc1ccccc1C(C)(C)C)Nc1ccc(cc1)OC(F)(F)F,0.7,CHEMBL2333770
CCc1cc(ccc1CN1CC(C1)C(=O)O)/C(=N/OCc1ccc(c(c1)C(F)(F)F)C1CCCCC1)/C,0.1,CHEMBL2336071
Fc1cccc(c1)C(=N[C@@H]1CCC[C@H](C1)N=C(c1cccc(c1)Cl)O)O,3.9,CHEMBL2338567
N#Cc1cccc(c1)C(=N[C@@H]1CCC[C@H](C1)N=C(c1ccccn1)O)O,15.7,CHEMBL2338587
Clc1cccc(c1)C(=N[C@@H]1CCC[C@H](C1)N=C(c1ccccn1)O)O,6.5,CHEMBL2338590
Cc1ccc2c(c1)n(C)nc2c1cnc2c(n1)c(c[nH]2)C(=NC1(C)CNCC1)O,4,CHEMBL2347409
N[C@@H]1C[C@](C1)(C)N=C(c1c[nH]c2c1nc(cn2)c1nn(c2c1ccc(c2)F)C)O,8,CHEMBL2347413
CN1CC(C1)Cn1nc(c2c1ccc(c2)OC(F)F)c1cnc2c(n1)c(c[nH]2)C(=NC(C)(C)C)O,1.1,CHEMBL2347416
FC(Oc1ccc2c(c1)c(nn2CCCS(=O)(=O)C)c1cnc2c(n1)c(c[nH]2)C(=NC(C)(C)C)O)F,0.7,CHEMBL2347420
CN=C([C@H](N1CCn2c([C@@H]1CCc1ccc(cc1)C(F)(F)F)c(Cl)nc2C1CC1)c1ccccc1)O,1,CHEMBL2347607
OCC(CCn1nc(c2c1ccc(c2)OC(F)F)c1cnc2c(n1)c(c[nH]2)C(=NC(C)(C)C)O)O,0.7,CHEMBL2347988
OCC(CCn1nc(c2c1cc(F)cc2)c1cnc2c(n1)c(c[nH]2)C(=NC(C)(C)C)O)O,1.2,CHEMBL2347991
OCC(N=C(c1c[nH]c2c1nc(cn2)c1nn(c2c1ccc(c2)F)CCCS(=O)(=O)C)O)(C)C,6.5,CHEMBL2347992
OCC(N=C(c1c[nH]c2c1nc(cn2)c1nn(c2c1ccc(c2)C)CCCN(C)C)O)(C)C,12,CHEMBL2347993
Fc1ccc2c(c1)n(nc2c1cnc2c(n1)c(c[nH]2)C(=NC(C)(C)C)O)C1CCNCC1,0.95,CHEMBL2347994
OC(=NC(C)(C)C)c1c[nH]c2c1nc(cn2)c1ncn2c1CCCC2,4,CHEMBL2347996
ClC[C@@H]1CN(c2c1c1cccc3c1c(c2)on(c3=O)C)C(=O)c1cc2c([nH]1)ccc(c2)NC(=O)c1cc2c([nH]1)cccc2,5,CHEMBL2348481
COc1cc(cc(c1OC)OC)c1cnc2c(n1)c(c[nH]2)C(=NC(C)C)O,1,CHEMBL2348850
OCC(N=C(c1c[nH]c2c1nc(cn2)c1ccc(c(c1)OC)OC)O)C,4,CHEMBL2348851
OC[C@@H](N=C(c1c[nH]c2c1nc(cn2)c1nn(c2c1ccc(c2)Cl)C)O)C,0.8,CHEMBL2348855
OCC(N=C(c1c[nH]c2c1nc(cn2)c1nn(c2c1ccc(c2)Cl)C)O)(C)C,0.3,CHEMBL2348856
COc1ccc(c(c1)C)c1n(C)ncc1c1nc(n2c1c(ncn2)N1CCC1)C,23,CHEMBL2381186
FC1CN(C1)c1ncnn2c1c(nc2C)c1cnn(c1c1ccc(cc1)C(F)(F)F)C,17,CHEMBL2381188
Cn1ncc(c1c1ccc(cc1)C(F)(F)F)c1nn(c2c1c(ncn2)N1CCC1)C,23,CHEMBL2381192
Clc1ccc(cc1)c1oc2c(c1)Cc1c(N(C2=O)Cc2ccccc2c2cncnc2)ccc(c1)N1CCNCC1,1.6,CHEMBL2385547
COc1ccc(cc1)C#Cc1ccc(c(c1)F)C(=O)N1CCC[C@H](C1)O,50,CHEMBL2385886
N#CCc1ccccc1C#Cc1ccc(c(c1)F)CCC(=O)O,2.7,CHEMBL2386353
Fc1ccc(cc1)CN=C(c1cnn2c1N[C@H](C[C@H]2C(F)(F)F)c1ccc(cc1)OC1COC1)O,2.7,CHEMBL2386377
COc1ccc(cn1)CN=C(c1cnn2c1N[C@H](C[C@H]2C(F)(F)F)c1ccc(cc1)C)O,1,CHEMBL2386378
Cc1ccc(cc1)[C@@H]1Nc2c(cnn2[C@@H](C1)C(F)(F)F)C(=NCc1ccc(cn1)F)O,1,CHEMBL2386379
Fc1ccc(cc1)CN=C(c1cnn2c1N[C@H](C[C@H]2C(F)F)c1ccc(cn1)C)O,4.3,CHEMBL2386380
Cc1ccc(nc1)[C@@H]1Nc2c(cnn2[C@@H](C1)C(F)(F)F)C(=NCc1ccc(cn1)F)O,18.1,CHEMBL2386381
Cc1ccc(cc1)[C@@H]1Nc2c(cnn2[C@@H](C1)C(F)(F)F)C(=NCc1ccc(cc1)F)O,1,CHEMBL2386383
Fc1ccc(cc1)CN=C(c1cnn2c1N[C@H](C[C@H]2C(F)(F)F)c1ccc(cn1)C)O,3.9,CHEMBL2386384
Fc1ccc(cc1)CN=C(c1cnn2c1N[C@H](C[C@H]2C(F)(F)F)c1ccc(cc1)N1CCOCC1)O,1.8,CHEMBL2386544
COCCOc1ccc(cc1)[C@H]1C[C@H](n2c(N1)c(cn2)C(=NCc1ccc(cc1)F)O)C(F)(F)F,1.9,CHEMBL2386545
CCc1cccc(n1)NC(=O)c1cc(Oc2cncnc2)cc(n1)C,3.4,CHEMBL2386772
Cc1cc(Oc2cncc(c2)F)cc(n1)C(=O)Nc1ccc(cn1)F,1.5,CHEMBL2386849
Cc1nn(c(n1)c1cn2c(n1)c1ccc(cc1OCC2)c1cnn(c1)C(C(=N)O)(C)C)C(C)C,24,CHEMBL2387080
N#Cc1cc(Cl)c(c(c1)Cl)C(=Nc1ccnc(c1)N=C(C1CC1)O)O,2.2,CHEMBL2387124
F[C@@H]1C[C@@H]1C(=Nc1nccc(c1)N=C(c1c(Cl)cccc1Cl)O)O,2.5,CHEMBL2387127
N#Cc1cc(Cl)c(c(c1)Cl)C(=Nc1ccnc(c1)N=C([C@H]1C[C@H]1F)O)O,6.8,CHEMBL2387221
F[C@@H]1C[C@@H]1C(=Nc1nccc(c1)N=C(c1c(F)cccc1Cl)O)O,6.6,CHEMBL2387222
CCc1ccc(cc1)/C=C/C(=NC1=NCCS1)O,3.4,CHEMBL2391903
N[C@H](C(=O)N1CC[C@H]([C@H]1C(=N)O)c1ccccc1)Cc1ccccc1,60,CHEMBL2396664
CCOC(=O)c1cc(C#N)c(nc1C(F)(F)F)N1CCN(C(C1)CCC(=O)O)C(=NS(=O)(=O)c1ccc(s1)Cl)O,1.5,CHEMBL2402142
CCOC(=O)c1cnc(c(c1)Cl)N1CCN(CC1)C(=NS(=O)(=O)c1ccc(s1)Cl)O,1.5,CHEMBL2402251
CCOC(=O)c1cc(C#N)c(nc1C)N1CC(C1)N=C(NS(=O)(=O)c1ccccc1)O,1.5,CHEMBL2402257
C[C@H]1C=C2[C@@]3(C1)OC(=C(C3=O)C)CC(/C=C/C(=O)/C(=C\2)/C)(C)C,26,CHEMBL2402276
COc1ccnc(c1C(F)(F)F)Oc1ccc2c(c1)c(=O)ncn2Cc1c(F)cc(cc1F)F,0.5,CHEMBL2403317
O=C(N1CCc2c(C1)sc(n2)C#Cc1ccccc1)N1CCCC1,2.4,CHEMBL2403584
CN1CCc2c(C1=O)sc(n2)C#Cc1ccccc1,3.3,CHEMBL2403659
CN1CCc2c(C1)sc(n2)C#Cc1ccccc1,3.5,CHEMBL2403669
O=C(N1CCc2c(C1)sc(n2)C#Cc1ccccc1)C1CC(C1)(F)F,1.1,CHEMBL2403689
CN=C(CN1CCC(CC1)Oc1cc2c(ncnc2cc1OC)Nc1ccc(c(c1)Cl)F)O,2.7,CHEMBL2408050
FC(C(Oc1ccc(cc1)OC1CCN(CC1)S(=O)(=O)C[C@@]1(C)N=C(N=C1O)O)(F)F)F,5,CHEMBL2409707
O=C1[C@@H](N=C(/C(=N\OC(C(=O)O)(C)C)/c2csc(=N)[nH]2)O)[C@H](N1S(=O)(=O)O)Cn1nnc(c1)COCc1cc(=O)c(cn1O)O,50,CHEMBL2409767
COc1cc(ccc1n1cnc(c1)C)c1nn2c(n1)[C@@H](CCC2)c1ccc(cc1C)F,2.7,CHEMBL2415095
COc1nc(ccc1n1cnc(c1)C)c1nc2n(n1)CCC[C@H]2c1ccccc1C(F)(F)F,8.5,CHEMBL2415099
CCc1nnc(n1c1cccc(c1C)C#N)c1ccc(nc1)c1ccccc1,12,CHEMBL2419440
OC(=O)CN[C@H](C(=O)N1CCC[C@H]1C(=NCc1ccc(s1)C(=N)N)O)C(c1ccccc1)c1ccccc1,51.36666667,CHEMBL2419745
CC(=O)N1CCN(CC1)CCOc1ccc(c2c1c1ccccc1s2)c1cccc2c1oc(cc2=O)N1CCOCC1,0.49,CHEMBL2420287
OCCN1CCN(CC1)CC(=Nc1ccc(c2c1c1ccccc1s2)c1cccc2c1oc(cc2=O)N1CCOCC1)O,9.8,CHEMBL2420310
CN1CCN(CC1)CC(=Nc1ccc(c2c1c1ccccc1s2)c1cccc2c1oc(cc2=O)N1CCOCC1)O,3.6,CHEMBL2420425
O=C(c1cc2c([nH]1)ccnc2)NCc1ccc(cc1)S(=O)(=O)c1ccc(nc1)N1CCOCC1,1.1,CHEMBL2420622
O=C(c1cc2c(o1)cncc2)NCc1ccc(cc1)S(=O)(=O)c1cccc(c1)C(F)(F)F,1,CHEMBL2420624
O=C(c1cc2c(o1)cncc2)NCc1ccc(cc1)S(=O)(=O)c1ccc(nc1)N1CCOCC1,0.5,CHEMBL2420625
Fc1cc(F)cc(c1)S(=O)(=O)c1ccc(cc1)CNC(=O)c1cc2c(s1)cncc2,0.9,CHEMBL2420626
O=C(c1cc2c(s1)cncc2)NCc1ccc(cc1)S(=O)(=O)c1cccc(c1)C(F)(F)F,0.4,CHEMBL2420627
Fc1cc(F)cc(c1)S(=O)(=O)c1ccc(cc1)CN=C(c1ccc2n(c1)ccn2)O,6,CHEMBL2420629
OC(=NCc1ccc(cc1)S(=O)(=O)c1ccc(nc1)N1CCOCC1)c1ccc2n(c1)ccn2,1.2,CHEMBL2420631
OC(=NCc1ccc(cc1)S(=O)(=O)c1ccc(nc1)N1CCOCC1)c1cnc2n(c1)ccn2,2.8,CHEMBL2420634
O=C(c1cc2c([nH]1)ccnc2)NCc1ccc(cc1)S(=O)(=O)c1cccc(c1)C(F)(F)F,0.6,CHEMBL2420649
Fc1cnc2c3c1[C@](O)(CN1CCC(CC1)NCc1ncc4c(c1)OCCO4)Cn3c(=O)cc2,77.75,CHEMBL2424928
OC1CCN(CC1)C(=O)[C@@H]1CC[C@H](CC1)Nc1nccc(n1)n1ccc2c1cccc2OCCCS(=O)(=O)C,5,CHEMBL2425628
CN1CCc2c(C1=O)sc(n2)COc1ccccc1,11,CHEMBL2426616
OC(=O)CN[C@H](C(=O)Nc1cc(nn1C)c1ccncc1)Cc1ccccc1,16,CHEMBL2430983
OC(=N)C[C@@H]1N=C(c2ccccc2)c2c(c3c1onc3C)sc(c2C)C,1.8,CHEMBL2431078
N#Cc1ccc(cc1)C1=N[C@@H](CC(=N)O)c2c(c3c1c(C)c(s3)C)c(no2)C,4.1,CHEMBL2431079
OC(=N)C[C@@H]1N=C(c2ccc(cc2)Cl)c2c(c3c1onc3C)sc(c2C)C,0.6,CHEMBL2431090
COc1cc2c(cc1OC)nc(nc2N1CCN(CC1)c1ccccc1OC)C1CC1,50.15,CHEMBL2431120
Fc1cccc(c1)C#Cc1ccc(nc1)C(=O)N[C@@H](C(O)(C)C)C,97.3,CHEMBL2431192
CNC(=O)c1ccc(cc1)Oc1ccc(c(n1)C)CN1CCC(CC1)N1C(=O)N(C[C@H]1c1ccccc1)C1CCOCC1,5.5,CHEMBL2435843
Clc1cccc(c1)[C@@H]1CN(C(=O)N1C1CCN(CC1)Cc1cnc(nc1)Sc1ccc(cc1)C(=O)O)C1CCOCC1,3.6,CHEMBL2435844
O=C1N(C[C@H](N1C1CCN(CC1)Cc1ccc(cc1)Oc1ccc(cc1)C(=O)O)c1ccccc1)C1CCOCC1,9.8,CHEMBL2435849
O=C1N(C[C@H](N1C1CCN(CC1)Cc1ccc(nc1)Oc1ccc(cc1)C(=O)O)c1ccccc1)C1CCOCC1,8.2,CHEMBL2435850
Clc1cccc(c1)[C@@H]1CN(C(=O)N1C1CCN(CC1)Cc1ccc(nc1)Oc1ccc(cc1)C(=O)O)C1CCOCC1,5.5,CHEMBL2435851
Clc1cccc(c1)[C@@H]1CN(C(=O)N1C1CCN(CC1)Cc1ccc(nc1C)Oc1ccc(cc1)C(=O)O)C1CCOCC1,4.3,CHEMBL2435853
Cc1cccc(c1)[C@@H]1CN(C(=O)N1C1CCN(CC1)Cc1ccc(nc1C)Oc1ccc(cc1)C(=O)O)C1CCOCC1,4.3,CHEMBL2435854
Fc1cccc(c1)[C@@H]1CN(C(=O)N1C1CCN(CC1)Cc1ccc(nc1C)Oc1ccc(cc1)C(=O)O)C1CCOCC1,5.2,CHEMBL2435855
CCc1nc(ccc1CN1CCC(CC1)N1[C@@H](CN(C1=O)C1CCOCC1)c1ccccc1)Oc1ccc(cc1)C(=O)O,2.4,CHEMBL2435856
O=C1N(C[C@H](N1C1CCN(CC1)Cc1ccc(nc1)Sc1ccc(cc1)C(=O)O)c1ccccc1)C1CCOCC1,8.6,CHEMBL2434978
O=C1N(C[C@H](N1C1CCN(CC1)Cc1ccc(nc1C)Sc1ccc(cc1)C(=O)O)c1ccccc1)C1CCOCC1,5.7,CHEMBL2435857
O=C1N(C[C@H](N1C1CCN(CC1)Cc1ccc(nc1C)Oc1ccc(cc1)C(=O)N)c1ccccc1)C1CCOCC1,10.6,CHEMBL2435858
NCc1c(C)nc2c(c1c1ccc(cc1Cl)Cl)C(=O)N(C2)CC(=O)N(C)C,82,CHEMBL2441952
O=C(C1CC1)Nc1ccc(cc1)N(C(=O)Cn1nnc2c1cccc2)Cc1cscc1,4.8,CHEMBL2442081
O=c1oc2cc(C)c(c(c2c(c1)c1ccccc1)C)c1ccncc1,1.2,CHEMBL2443167
O=c1oc2cc(C)c(c(c2c(c1)c1ccccc1)C)c1ccc(cc1)CN1CCOCC1,1.4,CHEMBL2443178
O=C(C1(CCCCCC1)C1=CC=CC1)O[C@H]1C[N+]2(CCCc3ccncc3)CCC1CC2,12,CHEMBL3087229
O=C(C1(CCCCCC1)c1cccs1)O[C@H]1C[N+]2(CCCc3ccncc3)CCC1CC2,6,CHEMBL3087230
Cc1nccc(c1)CCC[N+]12CCC(CC1)[C@H](C2)OC(=O)C1(CCCCCC1)C1=CC=CC1,3,CHEMBL3087231
Cc1ccc(cn1)CCC[N+]12CCC(CC1)[C@H](C2)OC(=O)C1(CCCCCC1)C1=CC=CC1,5,CHEMBL3087232
Cc1ccc(c(n1)C)CCC[N+]12CCC(CC1)[C@H](C2)OC(=O)C1(CCCCCC1)C1=CC=CC1,4,CHEMBL3087233
Cn1ccc(n1)CCC[N+]12CCC(CC1)[C@H](C2)OC(=O)C1(CCCCCC1)C1=CC=CC1,6,CHEMBL3087234
OC(=N)C[N+]12CCC(CC1)[C@H](C2)OC(=O)C1(CCCCCC1)C1=CC=CC1,18,CHEMBL3087236
OC(=Nc1ccccc1)C[N+]12CCC(CC1)[C@H](C2)OC(=O)C1(CCCCCC1)C1=CC=CC1,0.6,CHEMBL3087237
Fc1cccc(c1)N=C(C[N+]12CCC(CC1)[C@H](C2)OC(=O)C1(CCCCCC1)C1=CC=CC1)O,0.3,CHEMBL3087238
O=C(C[N+]12CCC(CC1)[C@H](C2)OC(=O)C1(CCCCCC1)C1=CC=CC1)[NH+]=c1cco[n-]1,18,CHEMBL3087240
O=C(C[N+]12CCC(CC1)[C@H](C2)OC(=O)C1(CCCCCC1)C1=CC=CC1)[NH+]=c1cc[nH][n-]1,5,CHEMBL3087242
OC(=Nc1nncs1)C[N+]12CCC(CC1)[C@H](C2)OC(=O)C1(CCCCCC1)C1=CC=CC1,6,CHEMBL3087243
O=C(C1(CCCCCC1)C1=CC=CC1)O[C@H]1C[N+]2(CCC1CC2)CC(=O)[NH+]=c1cc[n-]cc1,5,CHEMBL3087365
OC(=Nc1ccncn1)C[N+]12CCC(CC1)[C@H](C2)OC(=O)C1(CCCCCC1)C1=CC=CC1,11,CHEMBL3087367
O=C(C1(CCCCCC1)C1=CC=CC1)O[C@H]1C[N+]2(CCC1CC2)CC(=O)[NH+]=c1[n-]nccc1,10,CHEMBL3087368
OC(=Nc1cnccn1)C[N+]12CCC(CC1)[C@H](C2)OC(=O)C1(CCCCCC1)C1=CC=CC1,7.5,CHEMBL3087369
Cc1ccc(nc1)N=C(C[N+]12CCC(CC1)[C@H](C2)OC(=O)C1(CCCCCC1)C1=CC=CC1)O,1.9,CHEMBL3087371
Fc1ccc(nc1)N=C(C[N+]12CCC(CC1)[C@H](C2)OC(=O)C1(CCCCCC1)C1=CC=CC1)O,2.4,CHEMBL3087372
Cc1ccnc(c1)N=C(C[N+]12CCC(CC1)[C@H](C2)OC(=O)C1(CCCCCC1)C1=CC=CC1)O,1.8,CHEMBL3087373
OC(=Nc1cccc(n1)C(F)(F)F)C[N+]12CCC(CC1)[C@H](C2)OC(=O)C1(CCCCCC1)C1=CC=CC1,0.4,CHEMBL3087374
OC(=Nc1ncnc(c1)C)C[N+]12CCC(CC1)[C@H](C2)OC(=O)C1(CCCCCC1)C1=CC=CC1,20,CHEMBL3087378
Cc1ccc(=[NH+]C(=O)C[N+]23CCC(CC2)[C@H](C3)OC(=O)C2(CCCCCC2)C2=CC=CC2)[n-]n1,10,CHEMBL3087379
Clc1ccc(=[NH+]C(=O)C[N+]23CCC(CC2)[C@H](C3)OC(=O)C2(CCCCCC2)C2=CC=CC2)[n-]n1,4,CHEMBL3087946
OC(=Nc1cnc(cn1)C)C[N+]12CCC(CC1)[C@H](C2)OC(=O)C1(CCCCCC1)C1=CC=CC1,4,CHEMBL3087947
OC(=Nc1cncc(n1)Cl)C[N+]12CCC(CC1)[C@H](C2)OC(=O)C1(CCCCCC1)C1=CC=CC1,1.5,CHEMBL3087949
OC(=NCCCN=C(c1ccccn1)O)C[N+]12CCC(CC1)[C@H](C2)OC(=O)C1(CCCCCC1)C1=CC=CC1,2.6,CHEMBL3087951
O=C(C1(CCCCCC1)C1=CC=CC1)O[C@H]1C[N+]2(CCC1CC2)Cc1nc2c(o1)cccc2,2.3,CHEMBL3087952
O=C(C1(CCCCCC1)C1=CC=CC1)O[C@H]1C[N+]2(CCC1CC2)Cc1nnc(o1)c1ccccc1,3.5,CHEMBL3087958
O=C(C(c1ccccc1)(C1CCCC1)C)OC1CC[N+](CC1)(C)C,42,CHEMBL3087959
O=C(C1(CCCCCC1)c1ccccc1)OC1CC[N+](CC1)(C)C,27,CHEMBL3087960
O=C(C1(CCCCCC1)c1cccs1)O[C@H]1CN2CCC1CC2,5,CHEMBL3088075
O=C(C1(CCCCCC1)C1=CC=CC1)O[C@H]1C[N+]2(C)CCC1CC2,27,CHEMBL3088076
O=C(C1(CCCCCC1)C1=CC=CC1)O[C@H]1C[N+]2(CCC1CC2)CCc1ccccc1,0.7,CHEMBL3088080
Clc1cccc(c1)CC[N+]12CCC(CC1)[C@H](C2)OC(=O)C1(CCCCCC1)C1=CC=CC1,0.5,CHEMBL3088082
O=C(C1(CCCCCC1)C1=CC=CC1)O[C@H]1C[N+]2(CCOc3ccccc3)CCC1CC2,4,CHEMBL3088084
O=C(C1(CCCCCC1)C1=CC=CC1)O[C@H]1C[N+]2(CCCOc3ccccc3)CCC1CC2,8.5,CHEMBL3088086
CN=c1[nH]cnc(c1)c1csc(n1)N(C(=O)c1ccc(cc1)[18F])C,1.14,CHEMBL3088243
CN1Cc2c(C1C(C)(C)C)c(ccc2)Oc1ncccc1N=C(Nc1ccc(cc1)OC(F)(F)F)O,0.3,CHEMBL3092629
OC(=O)c1cc(ccc1N1CC[C@@H](C1)OCc1ccccn1)C(F)(F)F,4.6,CHEMBL3093392
OC(=O)Cn1nc(c(c1C)Cc1ccccc1S(=O)(=O)c1ccccc1)c1ccccc1,0.7,CHEMBL3099133
COc1cccc(c1c1nc(cn1c1ccnc2c1ccc(c2)Cl)C(=N[C@H](C(=O)O)CC(C)C)O)OC,50,CHEMBL3099773
Clc1ccc(cc1)C(C(=O)N1CCN(CC1)c1ccc(cc1)C(F)(F)F)c1cccnc1,2.5,CHEMBL3104376
Clc1ccc(cc1)S(=O)(=O)Nc1ccc(c(c1)Oc1nc(C)cc2c1C(=O)N(C2=O)C(C)C)F,1,CHEMBL3104879
Clc1ccc(cc1)C12N(CCN1C(=O)c1c2cccc1)C(=O)c1ccc(c(c1)F)F,1.5,CHEMBL3105213
OC[C@@H](N1C[C@@H](C)[C@H](CN(Cc2ccc(cc2)Oc2ccccc2)C)Oc2c(C1=O)cccc2NC(=O)c1ccncc1)C,1,CHEMBL3109370
OC(=NCC1CC1)c1cn(c2c1nccc2)Cc1ccccc1C,1,CHEMBL3109798
COc1ncnc(c1C)Cn1cc(c2c1cccn2)C(=NCC1CC1)O,5,CHEMBL3109800
FCCN=C(c1cn(c2c1ncc(c2)C)Cc1ncnc(c1C)OC)O,6,CHEMBL3109801
OCCN=C(c1cn(c2c1ncc(c2)C)Cc1ncnc(c1C)OC)O,22,CHEMBL3109802
CCOc1ccc(c(c1)C)N1CCN([C@H](C1)C)c1noc(n1)C1(CCC1)N=C(O)C,1.4,CHEMBL3110076
O=n1cc(Cl)c(c(c1)Cl)C[C@@H](c1ccc(c(c1)OCC1CC1)OC(F)F)OC(=O)c1ccc(c(c1)NS(=O)(=O)C)OCC1CC1,0.13,CHEMBL3113975
COc1ccc(cc1NS(=O)(=O)C)C(=O)O[C@H](c1ccc(c(c1)OCC1CC1)OC(F)F)Cc1c(Cl)cn(=O)cc1Cl,0.25,CHEMBL3113976
COc1cc(cc(c1)C(=O)O[C@H](c1ccc(c(c1)OCC1CC1)OC(F)F)Cc1c(Cl)cn(=O)cc1Cl)NS(=O)(=O)C,0.19,CHEMBL3113977
COc1cc(ccc1OC)C(=O)O[C@H](c1ccc(c(c1)OCC1CC1)OC(F)F)Cc1c(Cl)cn(=O)cc1Cl,0.15,CHEMBL3113978
CCN=C(Nc1nc2c(s1)n(C(C)C)c(=O)c(c2)c1ccc2n(c1)ncn2)O,20,CHEMBL3114191
CCN=C(Nc1nc2c(s1)n(C(C)C)c(=O)c(c2)c1ccc2n(c1)nnn2)O,18,CHEMBL3114192
CCN=C(Nc1nc2c(s1)n(C(C)C)c(=O)c(c2)c1ccc2n(c1)nnc2)O,14,CHEMBL3114193
CCN=C(Nc1nc2c(s1)n(C(C)C)c(=O)c(c2)c1ccc2n(c1)cnn2)O,26,CHEMBL3114194
CCN=C(Nc1sc2c(n1)cc(c(=O)n2C(C(=N)O)C)c1cccnc1)O,25,CHEMBL3114196
CCN=C(Nc1nc2c(s1)n(C(C)C)c(=O)c(c2)c1cncc(c1)F)O,10,CHEMBL3114198
CCN=C(Nc1nc2c(s1)n(C(C)C)c(=O)c(c2)c1ccc(nc1)OC)O,5,CHEMBL3114199
CCN=C(Nc1nc2c(s1)n(C(C)C)c(=O)c(c2)c1cncc(c1)OC)O,8,CHEMBL3114200
CCN=C(Nc1nc2c(s1)n(C(C)C)c(=O)c(c2)c1ccc(nc1)C#N)O,4,CHEMBL3114201
CCN=C(Nc1nc2c(s1)n(C(C)C)c(=O)c(c2)c1cncc(c1)C#N)O,10,CHEMBL3114202
CCN=C(Nc1nc2c(s1)n(C(C)C)c(=O)c(c2)c1ccc(nc1)c1nnn(n1)C)O,8,CHEMBL3114203
CCN=C(Nc1nc2c(s1)n(C(C)C)c(=O)c(c2)c1ccc(nc1)c1nnnn1C)O,7,CHEMBL3114204
CCN=C(Nc1sc2c(n1)cc(c(=O)n2C(C)C)c1cc(C)n(c(=O)c1)CC)O,7,CHEMBL3114206
COCCn1ccc(cc1=O)c1cc2nc(sc2n(c1=O)C(C)C)NC(=NCC)O,26,CHEMBL3114207
COCCn1c(C)cc(cc1=O)c1cc2nc(sc2n(c1=O)C(C)C)NC(=NCC)O,14,CHEMBL3114208
COCCn1cc(ccc1=O)c1cc2nc(sc2n(c1=O)C(C)C)NC(=NCC)O,7,CHEMBL3114209
CCN=C(Nc1nc2c(s1)n(C(C)C)c(=O)c(c2)c1ccn2c(c1)ncn2)O,10,CHEMBL3114210
CCN=C(Nc1nc2c(s1)n(CC)c(=O)c(c2)c1cccnc1)O,11,CHEMBL3114215
CCN=C(Nc1nc2c(s1)n(C(C)C)c(=O)c(c2)c1cccnc1)O,21,CHEMBL3114216
CCN=C(Nc1nc2c(s1)n(CC1CC1)c(=O)c(c2)c1cccnc1)O,5,CHEMBL3114217
CCN=C(Nc1nc2c(s1)n(CC(F)F)c(=O)c(c2)c1cccnc1)O,21,CHEMBL3114218
CCN=C(Nc1nc2c(s1)n(CCC(C)C)c(=O)c(c2)c1cccnc1)O,6,CHEMBL3114221
CCN=C(Nc1nc2c(s1)n(CC1CCCCC1)c(=O)c(c2)c1cccnc1)O,2,CHEMBL3114222
Cn1cnc(c1)S(=O)(=O)N1C[C@@H]2[C@H](C1)[C@@]2(CN=C(c1ccccc1Cl)O)CC1CC1,3,CHEMBL3114788
Cn1cnc(c1)S(=O)(=O)N1C[C@@H]2[C@H](C1)[C@@]2(CN=C(c1ccc(c(c1)Cl)Cl)O)CC1CC1,2,CHEMBL3114789
Cn1cnc(c1)S(=O)(=O)N1C[C@@H]2[C@H](C1)[C@@]2(CN=C(c1cc(Cl)cc(c1)Cl)O)CC1CC1,2,CHEMBL3114790
CCOc1ccc(c(c1)[C@H](C(=O)N1CCC[C@@H]1c1cc(ccc1S(=O)(=O)C(C)C)N=C(OC)O)Nc1ccc2c(c1)ccnc2N)F,3.2,CHEMBL3114836
Cn1cnc(c1)S(=O)(=O)N1C[C@@H]2[C@H](C1)[C@@]2(CN=C(c1ccccc1C(F)(F)F)O)c1ccccn1,7.6,CHEMBL3114968
Clc1ccc(c(c1)Cl)C(=NC[C@]1(CC2CC2)[C@H]2[C@@H]1CN(C2)S(=O)(=O)c1ncn(c1)C)O,5,CHEMBL3114969
Cn1cnc(c1)S(=O)(=O)N1C[C@@H]2[C@H](C1)[C@@]2(CN=C(c1c(Cl)cccc1Cl)O)CC1CC1,8,CHEMBL3114970
Cn1cnc(c1)S(=O)(=O)N1C[C@@H]2[C@H](C1)[C@@]2(CN=C(c1ccccc1C(F)(F)F)O)CC1CC1,7,CHEMBL3114971
Cn1cnc(c1)S(=O)(=O)N1C[C@@H]2[C@H](C1)[C@@]2(CN=C(c1cccc(c1)C(F)(F)F)O)CC1CC1,4,CHEMBL3114972
CCC(O[C@@H]1C=C(C[C@@H]([C@H]1N=C(O)C)NC(=N)C)C(=O)O)CC,96.3,CHEMBL3120197
OC1=NN=C([C@@H]2[C@H]1C2)c1ccc(cc1)OC1CCN(CC1)C1CCC1,23,CHEMBL3121095
O=C(C1CC2(C1)CCN(CC2)C1CCOCC1)N1CCN(CC1)C1CCC1,51,CHEMBL3127675
O=C(C1CC2(C1)CCN(CC2)S(=O)(=O)C)N1CCN(CC1)C1CCC1,67,CHEMBL3127684
CC(N1CCN(CC1)C(=O)C1CC21CCN(CC2)C1CCOCC1)C,87,CHEMBL3127698
O=C(C1CC21CCN(CC2)C1CCCCC1)N1CCN(CC1)C1CCCCC1,81,CHEMBL3127708
C[C@@H](c1ccc(c(c1)Cl)c1ccc(cc1)c1nc(C(=N)O)c(nc1C)C)C(=O)O,0.8,CHEMBL3133092
C[C@@H](c1ccc(c(c1)Cl)c1ccc(cc1F)c1nc(C(=N)O)c(nc1C)C)C(=O)O,0.7,CHEMBL3133093
OC(=O)Cc1ccc(c(c1)Cl)c1ccc(cc1)c1nc(C(=N)O)c(nc1C)C,1.5,CHEMBL3133098
CN1CCN(/C(=N/c2ccc(cc2C(=Nc2ccccc2)O)N(=O)=O)/C1)C,23,CHEMBL3186763
N#Cc1cnccc1COc1cnc(nc1)N1CCN(C[C@H]1C)c1nnc(o1)C(F)(F)F,4.1,CHEMBL3218816
N#Cc1cnccc1COc1cnc(nc1)N1CCN(C[C@H]1C)c1nnc(o1)C(C)C,7.1,CHEMBL3217767
COc1cc(F)ccc1Cn1ccc2c1cnc1c2CCN(C1=O)O,8,CHEMBL3219143
OC(=O)Cc1ccc(c(c1)Cl)c1ccc(cc1)N1CCOc2c(C1=O)c(N)ncn2,5.6,CHEMBL3222230
OC(=N)Cc1ccc(c(c1)Cl)c1ccc(cc1)N1CCOc2c(C1=O)c(N)ncn2,17.2,CHEMBL3222231
O[C@@H]1CCN(C1)C(=O)Cc1ccc(c(c1)Cl)c1ccc(cc1)N1CCOc2c(C1=O)c(N)ncn2,24.1,CHEMBL3222232
OC1CN(C1)C(=O)Cc1ccc(c(c1)Cl)c1ccc(cc1)N1CCOc2c(C1=O)c(N)ncn2,22.3,CHEMBL3222233
OC1=NCCN(C1)C(=O)Cc1ccc(c(c1)Cl)c1ccc(cc1)N1CCOc2c(C1=O)c(N)ncn2,30.2,CHEMBL3222234
Clc1cc(ccc1c1ccc(cc1)N1CCOc2c(C1=O)c(N)ncn2)CS(=O)(=O)C,21.2,CHEMBL3222235
CN(C(=O)C)Cc1ccc(c(c1)Cl)c1ccc(cc1)N1CCOc2c(C1=O)c(N)ncn2,9.4,CHEMBL3222236
CC(=NCc1ccc(c(c1)Cl)c1ccc(cc1)N1CCOc2c(C1=O)c(N)ncn2)O,13.3,CHEMBL3222237
Clc1cc(ccc1c1ccc(cc1)N1CCOc2c(C1=O)c(N)ncn2)CN(S(=O)(=O)C)C,8.6,CHEMBL3222238
Clc1cc(ccc1c1ccc(cc1)N1CCOc2c(C1=O)c(N)ncn2)CNS(=O)(=O)C,12.2,CHEMBL3222239
NCC(=O)N(Cc1ccc(c(c1)Cl)c1ccc(cc1)N1CCOc2c(C1=O)c(N)ncn2)C,49,CHEMBL3222242
NCCCC(=O)N(Cc1ccc(c(c1)Cl)c1ccc(cc1)N1CCOc2c(C1=O)c(N)ncn2)C,42,CHEMBL3222244
Clc1ccccc1c1ccc(cc1)N1CCOc2c(C1=O)c(N)ncn2,3.6,CHEMBL3222245
N#Cc1ccc(c(c1)Cl)c1ccc(cc1)N1CCOc2c(C1=O)c(N)ncn2,9.3,CHEMBL3222246
Cc1ccc(c(c1)Cl)c1ccc(cc1)N1CCOc2c(C1=O)c(N)ncn2,1.2,CHEMBL3222247
FC(c1ccc(c(c1)Cl)c1ccc(cc1)N1CCOc2c(C1=O)c(N)ncn2)F,2.2,CHEMBL3222249
Clc1ccc(c(c1)Cl)c1ccc(cc1)N1CCOc2c(C1=O)c(N)ncn2,0.7,CHEMBL3222250
Clc1c(Cl)cccc1c1ccc(cc1)N1CCOc2c(C1=O)c(N)ncn2,1.2,CHEMBL3222251
N#Cc1cccc(c1Cl)c1ccc(cc1)N1CCOc2c(C1=O)c(N)ncn2,5.9,CHEMBL3222252
Clc1ccc(c(c1)c1ccc(cc1)N1CCOc2c(C1=O)c(N)ncn2)Cl,1.2,CHEMBL3222253
Nc1ncnc2c1C(=O)N(CCO2)c1ccc(cc1)c1ccccc1,9.6,CHEMBL3222254
Cc1ccccc1c1ccc(cc1)N1CCOc2c(C1=O)c(N)ncn2,6.9,CHEMBL3222255
Nc1ncnc2c1C(=O)N(CCO2)c1ccc(cc1)c1c(F)cccc1F,9.5,CHEMBL3222256
Nc1ncnc2c1C(=O)N(CCO2)c1ccc(cc1)c1c(C)cccc1Cl,4.1,CHEMBL3222258
Fc1cc(ccc1c1c(F)cccc1F)N1CCOc2c(C1=O)c(N)ncn2,4,CHEMBL3222259
Clc1cccnc1c1ccc(cc1)N1CCOc2c(C1=O)c(N)ncn2,18.2,CHEMBL3222260
N#Cc1cccc(c1c1ccc(cc1)N1CCOc2c(C1=O)c(N)ncn2)Cl,20.6,CHEMBL3222261
CCN=C(Nc1ncc(c(c1)c1scc(n1)C(F)(F)F)c1cncc(c1)C(=N)O)O,36,CHEMBL3235086
CCN=C(Nc1ncc(c(c1)c1scc(n1)C(F)(F)F)c1cncc(c1)c1nnc(o1)O)O,4.4,CHEMBL3235089
CCN=C(Nc1ncc(c(c1)c1scc(n1)C(F)(F)F)c1cncc(c1)c1nnc(o1)C)O,11,CHEMBL3235090
CCN=C(Nc1ncc(c(c1)c1scc(n1)C(F)(F)F)c1cncc(c1)c1onc(n1)C)O,6.3,CHEMBL3235091
CCN=C(Nc1ncc(c(c1)c1scc(n1)C(F)(F)F)c1cncc(c1)c1c(C)noc1C)O,4.5,CHEMBL3235092
CCN=C(Nc1ncc(c(c1)c1scc(n1)C(F)(F)F)c1cncc(c1)C#N)O,5.9,CHEMBL3235093
CCN=C(Nc1ncc(c(c1)c1scc(n1)C(F)(F)F)c1cncc(c1)c1n[nH]nn1)O,14,CHEMBL3235094
CCN=C(Nc1ncc(c(c1)c1scc(n1)C(F)(F)F)c1cncc(c1)C(=N)NO)O,35,CHEMBL3235095
CCN=C(Nc1ncc(c(c1)c1scc(n1)C(F)(F)F)c1cncc(c1)c1[nH]oc(=O)n1)O,1.1,CHEMBL3235096
Fc1ccc(nc1)C#C[C@@H]1CC[C@H](N(C1)C(=O)c1cc(C)ccc1n1nccn1)C,0.9,CHEMBL3235253
CN[C@H](C(=N[C@H]1CCC[C@@H]2N(C1=O)[C@@H]1CN(CC[C@@H]1C2)CCc1ccc(cc1)Br)O)C,17,CHEMBL3236071
CN[C@H](C(=N[C@H]1CCC[C@@H]2N(C1=O)[C@@H]1CN(CC[C@@H]1C2)CCc1ccccc1F)O)C,49,CHEMBL3236072
CN[C@H](C(=N[C@H]1CCC[C@@H]2N(C1=O)[C@@H]1CN(CC[C@@H]1C2)CCc1ccccc1OC)O)C,34,CHEMBL3236074
CN[C@H](C(=N[C@H]1CCC[C@@H]2N(C1=O)[C@@H]1CN(CC[C@@H]1C2)CCc1cccc(c1)OC)O)C,47,CHEMBL3236075
CN[C@H](C(=N[C@H]1CCC[C@@H]2N(C1=O)[C@@H]1CN(CC[C@@H]1C2)CCc1ccc(cc1)OC)O)C,47,CHEMBL3236076
CN[C@H](C(=N[C@H]1CCC[C@@H]2N(C1=O)[C@@H]1CN(CC[C@@H]1C2)CCc1ccccc1C)O)C,48,CHEMBL3236078
CN[C@H](C(=N[C@H]1CCC[C@@H]2N(C1=O)[C@@H]1CN(CC[C@@H]1C2)CCc1ccc(cc1)C)O)C,32,CHEMBL3236080
CN[C@H](C(=N[C@H]1CCC[C@@H]2N(C1=O)[C@@H]1CN(CC[C@@H]1C2)CCc1ccc(cc1)Cl)O)C,24,CHEMBL3236081
CN[C@H](C(=N[C@H]1CCC[C@@H]2N(C1=O)[C@@H]1CN(CC[C@@H]1C2)CCc1ccc(c(c1)Cl)Cl)O)C,6.5,CHEMBL3236366
CN[C@H](C(=N[C@H]1CCC[C@@H]2N(C1=O)[C@@H]1CN(CC[C@@H]1C2)CCc1ccc(cc1)N(=O)=O)O)C,47,CHEMBL3236367
CN[C@H](C(=N[C@H]1CCC[C@@H]2N(C1=O)[C@@H]1CN(CC[C@@H]1C2)CCc1ccc(cc1)C(F)(F)F)O)C,18,CHEMBL3233046
CN[C@H](C(=N[C@H]1CCC[C@@H]2N(C1=O)[C@@H]1CN(CC[C@@H]1C2)Cc1ccccc1)O)C,52,CHEMBL3236374
CN[C@H](C(=N[C@H]1CCC[C@@H]2N(C1=O)[C@@H]1CN(CCCc3ccccc3)CC[C@@H]1C2)O)C,47,CHEMBL3236375
CN[C@H](C(=N[C@H]1CCC[C@@H]2N(C1=O)[C@@H]1CN(CC[C@@H]1C2)CCC1CCCCC1)O)C,49,CHEMBL3236376
CN[C@H](C(=N[C@H]1CCC[C@@H]2N(C1=O)[C@@H]1CN(CC[C@@H]1C2)C(c1ccccc1)c1ccccc1)O)C,4.9,CHEMBL3236379
CN[C@H](C(=N[C@H]1CCC[C@@H]2N(C1=O)[C@@H]1CN(CC[C@@H]1C2)C(=O)Cc1ccccc1)O)C,66,CHEMBL3236381
CN[C@H](C(=N[C@H]1CCC[C@@H]2N(C1=O)[C@@H]1CN(CC[C@@H]1C2)C(=O)C(c1ccccc1)c1ccccc1)O)C,3.9,CHEMBL3236382
C#CCOCC(C(=O)N1CC[C@H]2[C@@H](C1)N1[C@H](C2)CCC[C@@H](C1=O)N=C([C@@H](NC)C)O)c1ccccc1,15.5,CHEMBL3236383
CN[C@H](C(=N[C@H]1CCC[C@@H]2N(C1=O)[C@@H]1CN(CC[C@@H]1C2)C(=O)c1ccccc1)O)C,70,CHEMBL3236384
CN[C@H](C(=N[C@H]1CCC[C@@H]2N(C1=O)[C@@H]1CN(CC[C@@H]1C2)C(=O)OCc1ccccc1)O)C,42,CHEMBL3236385
CN[C@H](C(=N[C@H]1CCC[C@@H]2N(C1=O)[C@@H]1CN(CC[C@@H]1C2)C(=O)Oc1ccccc1)O)C,51,CHEMBL3236386
CN[C@H](C(=N[C@H]1CCC[C@@H]2N(C1=O)[C@@H]1CN(CC[C@@H]1C2)C(=Nc1ccccc1)O)O)C,62,CHEMBL3236387
CN[C@H](C(=N[C@H]1CCC[C@@H]2N(C1=O)[C@@H]1CN(CC[C@@H]1C2)S(=O)(=O)Cc1ccccc1)O)C,40,CHEMBL3236388
CN[C@H](C(=N[C@H]1CCC[C@@H]2N(C1=O)[C@@H]1CN(CC[C@@H]1C2)C(=O)C(c1ccccc1)OCC#CC#CCOC(C(=O)N1CC[C@H]2[C@@H](C1)N1[C@H](C2)CCC[C@@H](C1=O)N=C([C@@H](NC)C)O)c1ccccc1)O)C,7.55,CHEMBL3236390
N[C@@H]1CCN(C1)c1cc([nH]c(=N)n1)C(C)C,81,CHEMBL3236549
CN[C@@H]1CCN(C1)c1cc(CC)[nH]c(=N)n1,26,CHEMBL3236568
N[C@H]1CCCC[C@H]1N=c1[nH]nc(c(c1)Nc1ccc(c(n1)C)C)C(=O)N,15.4,CHEMBL3237561
C[C@@H]1CCN(CCN1C(=O)c1ccccc1n1nccn1)c1nc(N)c2c(n1)scc2C,1.5,CHEMBL3260836
OC[C@H](Cn1ncc2c(c1=O)c(cnc2)Nc1ccc(cc1F)I)O,3.3,CHEMBL3261161
N#Cc1nn(c2cc(Cl)c(c(c2)Cl)Oc2nnc(c(c2)C(C)C)O)c(=O)nc1O,0.6,CHEMBL3261331
CN(CC[C@H](n1ncc(c1)NC(=O)c1n[nH]c2c1ccc(c2)c1c[nH]nc1)c1ccccc1)C,3,CHEMBL3263053
OC(=Nc1ccccc1N1CC2(c3c1c(O)ccc3Cl)CCN(CC2)CC(C)(C)C)Nc1nc2c(s1)nc(cc2)Cl,0.7,CHEMBL3263056
O1CCN(CC1)c1ccc(cc1)N=c1[nH]c(cn2c1ncc2)c1ccc2c(c1)n[nH]c2,2.7,CHEMBL3265032
CN=c1[nH]c(Cc2ccccc2)nc2c1CCNC[C@@H]2C,53,CHEMBL3286556
COCCOc1ccc(c(c1)C)c1ccc(nc1)COc1ncccc1C(=O)N,4.2,CHEMBL3287229
Fc1cnc(c(c1)C(=O)N[C@@H]1CC[C@@H](CC1)NC(=O)c1nn(c(c1)C)C)Oc1cccc(c1)c1ccc(cc1CN1CCOCC1)O,5.6,CHEMBL3287739
CCc1ccccc1N=C(N1C[C@@H](C)Oc2c1ccc(c2)c1ccc(cc1)[C@@H]1CC[C@H](CC1)CC(=O)O)O,0.5,CHEMBL3287898
Fc1cnc(c(c1)C(=O)N[C@@H]1CC[C@@H](CC1)N=C(c1cn2c(n1)cccc2C)O)Oc1cccc(c1)c1ccc(cc1)CN1CCC(CC1)N1CCCC1,2,CHEMBL3288009
C[C@@H]1CN(C[C@@H](N1)C)Cc1ccc(cc1)c1cccc(c1)Oc1ncc(cc1C(=O)N[C@@H]1CC[C@@H](CC1)N=C(c1cn2c(n1)cccc2C)O)F,1.2,CHEMBL3288011
C[C@@H]1CN(C[C@@H](N1)C)Cc1ccc(cc1)c1cccc(c1)Oc1ncc(cc1C(=O)N[C@@H]1CC[C@@H](CC1)NC(=O)c1nn(c(c1)C)C)F,11,CHEMBL3288012
C[C@@H]1CN(C[C@@H](N1)C)Cc1ccc(cc1O)c1cccc(c1)Oc1ncc(cc1C(=O)N[C@@H]1CC[C@@H](CC1)NC(=O)c1nn(c(c1)C)C)F,12,CHEMBL3288022
C[C@@H]1CN(C[C@@H](N1)C)Cc1cccc(c1)c1cccc(c1)Oc1ncc(cc1C(=O)N[C@@H]1CC[C@@H](CC1)NC(=O)c1nn(c(c1)C)C)F,18,CHEMBL3288023
C[C@@H]1CN(C[C@@H](N1)C)Cc1cc(ccc1O)c1cccc(c1)Oc1ncc(cc1C(=O)N[C@@H]1CC[C@@H](CC1)NC(=O)c1nn(c(c1)C)C)F,16,CHEMBL3288024
C[C@@H]1N[C@H](C)CN(C1)Cc1cc(O)cc(c1)c1cccc(c1)Oc1ncc(cc1C(=O)N[C@@H]1CC[C@@H](CC1)NC(=O)c1cc(n(n1)C)C)F,35,CHEMBL3288025
Fc1cnc(c(c1)C(=O)N[C@@H]1CC[C@@H](CC1)NC(=O)c1nn(c(c1)C)C)Oc1cccc(c1)c1ccc(cc1)CCN1CCC(CC1)N1CCCC1,4.2,CHEMBL3288028
C[C@@H]1CN(C[C@@H](N1)C)Cc1ccc(c(c1)CN1CCOCC1)c1cccc(c1)Oc1ncc(cc1C(=O)N[C@@H]1CC[C@@H](CC1)NC(=O)c1scc(n1)C)F,4.5,CHEMBL3288029
C[C@@H]1CN(C[C@@H](N1)C)Cc1ccc(c(c1)CN1CCOCC1)c1cccc(c1)Oc1ncc(cc1C(=O)N[C@@H]1CC[C@@H](CC1)N=C(c1cc(C)ccc1O)O)F,1.3,CHEMBL3288030
O=c1c2ccc(cc2n2c(n1C)cc(n2)c1ccccc1)c1cncnc1,0.8,CHEMBL3288676
Clc1cc(ccc1C(Cn1c(=N)[nH]c2c1cc(cc2)C(F)(F)F)O)C(F)(F)F,1,CHEMBL3289803
OC(c1cccc(c1Cl)Cl)Cn1c(=N)[nH]c2c1nccc2,11.8,CHEMBL3289805
CN1CCN(CC1)c1ccc2c(n1)n(CC(c1ccc(cc1Cl)C(F)(F)F)O)c(=N)[nH]2,23.4,CHEMBL3289806
OC(c1ccc(cc1Cl)C(F)(F)F)Cn1c(=N)[nH]c2c1nc(cc2)OC1COCC1,2.6,CHEMBL3289811
Clc1cc(ccc1C(Cn1c(=N)[nH]c2c1nc(cc2)OC(C(F)(F)F)C)O)C(F)(F)F,1,CHEMBL3289813
O[C@H]1[C@@H](CC[C@H]1O)n1cnc2c1c(F)c[nH]c2=N,99.9,CHEMBL3290657
COc1ncnc(c1C)Cn1cc(c2c1cc(C)cn2)C(=NCC(F)F)O,5,CHEMBL3291422
OCCN=C(c1cn(c2c1ncc(c2)C)Cc1ncnc(c1C)N(C)C)O,30,CHEMBL3291423
OCCN=C(c1cn(c2c1ncc(c2)C)Cc1ncnc(c1C)OC(F)F)O,30,CHEMBL3291424
OCCN=C(c1cn(c2c1ncc(c2)OC)Cc1ncnc(c1C)OC)O,17,CHEMBL3291427
OCCN=C(c1cn(c2c1ncc(c2)OC)Cc1ncnc(c1C)N(C)C)O,30,CHEMBL3291430
CN1CCN(CC1)C[C@H](C1CCCCC1)N=C(C[C@H]1CNC(=O)c2n1cc(c2)c1cccc(c1)Cl)O,3,CHEMBL3297762
Fc1ccc(cc1)N1CCc2c(C1=O)ncc(c2)COc1ccccc1,9.6,CHEMBL3297918
OC[C@@H](Nc1ncc2c(n1)CN(CC2)C(=N[C@@H](c1ccc(c(c1)Cl)Cl)C)O)C,3,CHEMBL3298308
CC[C@H](c1ccc(c(c1)F)F)N=C(N1CCc2c(C1)nc(nc2)N[C@H](CO)C)O,22.6,CHEMBL3298309
CC[C@H](c1ccc(c(c1)Cl)Cl)N=C(N1CCc2c(C1)nc(nc2)N[C@H](CO)C)O,2.5,CHEMBL3298310
OC[C@@H](Nc1ncc2c(n1)CN(CC2)C(=N[C@@H](c1ccc(c(c1)F)C(F)(F)F)C)O)C,1.3,CHEMBL3298311
CN(CC[C@H](n1ncc(c1)NC(=O)c1n[nH]c2c1CCC(C2)(C)C)c1ccccc1)C,7,CHEMBL3298371
Fc1ccc(cc1)N1CCc2c(C1=O)ccc(n2)COc1ccccc1,2.1,CHEMBL3297750
Fc1ccc(cc1)N1CCc2c(C1=O)ccc(n2)COc1cccc(c1)F,1.4,CHEMBL3298463
OC[C@H](c1ccc(c(c1)F)Cl)N=C(N1CCc2c(C1)nc(nc2)NC1CCOCC1)O,50,CHEMBL3298678
OC[C@H](c1ccc(c(c1)Cl)Cl)N=C(N1CCc2c(C1)nc(nc2)NC1CCOCC1)O,10.3,CHEMBL3298982
O=C(C1CC1)N=c1nc2n([nH]1)c(ccc2)c1ccc(cc1)CN1CCS(=O)(=O)CC1,68.2,CHEMBL3301607
O=C1CCCn2c1cc(n2)COc1ccccc1,23,CHEMBL3309848
O=C1c2cc(nn2CCC1(C)C)COc1ccccc1,10,CHEMBL3310738
Clc1ccc(cc1)c1ccc(o1)c1nccn1c1ccc(cc1)N1CCNCC1,2.8,CHEMBL3314140
CO[C@H]1CN(CC[C@H]1N=C(c1[nH]c(c(c1Cl)Cl)C)O)c1ncc(s1)C(=O)O,7.1,CHEMBL3314525
CCO[C@H]1CN(CC[C@H]1N=C(c1[nH]c(c(c1Cl)Cl)C)O)c1ncc(s1)C(=O)O,3.1,CHEMBL3314530
C#CCO[C@H]1CN(CC[C@H]1N=C(c1[nH]c(c(c1Cl)Cl)C)O)c1ncc(s1)C(=O)O,3,CHEMBL3314532
COCCO[C@H]1CN(CC[C@H]1N=C(c1[nH]c(c(c1Cl)Cl)C)O)c1ncc(s1)C(=O)O,9.4,CHEMBL3314533
C[C@H]1CN(CC[C@H]1N=C(c1[nH]c(c(c1Cl)Cl)C)O)c1ncc(s1)C(=O)O,2.3,CHEMBL3314534
COC[C@H]1CN(CC[C@H]1N=C(c1[nH]c(c(c1Cl)Cl)C)O)c1ncc(s1)C(=O)O,5.2,CHEMBL3314535
CS[C@H]1CN(CC[C@H]1N=C(c1[nH]c(c(c1Cl)Cl)C)O)c1ncc(s1)C(=O)O,1.5,CHEMBL3314538
OC(=N[C@@H]1CCN(C[C@@H]1S(=O)(=O)C)c1ncc(s1)C(=O)O)c1[nH]c(c(c1Cl)Cl)C,13,CHEMBL3314539
[N-]=[N+]=N[C@H]1CN(CC[C@H]1N=C(c1[nH]c(c(c1Cl)Cl)C)O)c1ncc(s1)C(=O)O,3.8,CHEMBL3314540
COC1(OC)CN(CC[C@H]1N=C(c1[nH]c(c(c1Cl)Cl)C)O)c1ncc(s1)C(=O)O,1.8,CHEMBL3314541
OC(=N[C@@H]1CCN(CC21OCCO2)c1ncc(s1)C(=O)O)c1[nH]c(c(c1Cl)Cl)C,7.5,CHEMBL3314542
CO[C@@H]1CO[C@]2(OC1)CN(CC[C@H]2N=C(c1[nH]c(c(c1Cl)Cl)C)O)c1ncc(s1)C(=O)O,5.3,CHEMBL3314545
OC(=N[C@@H]1CCN(CC21OCC(CO2)(C)C)c1ncc(s1)C(=O)O)c1[nH]c(c(c1Cl)Cl)C,2,CHEMBL3314546
OC(=N[C@@H]1CCN(CC21OCC1(CO2)CC1)c1ncc(s1)C(=O)O)c1[nH]c(c(c1Cl)Cl)C,1.2,CHEMBL3314547
C=C1COC2(OC1)CN(CC[C@H]2N=C(c1[nH]c(c(c1Cl)Cl)C)O)c1ncc(s1)C(=O)O,0.6,CHEMBL3314548
CO[C@H]1CN(CC[C@H]1N=C(c1[nH]c(c(c1Cl)Cl)C)O)c1nc(c(s1)C(=O)O)C,1.8,CHEMBL3314549
CO[C@H]1CN(CC[C@H]1N=C(c1[nH]c(c(c1Cl)Cl)C)O)c1nc2c(s1)c(ccc2)C(=O)O,1,CHEMBL3314550
CO[C@H]1CN(CC[C@H]1N=C(c1[nH]c(c(c1Cl)Cl)C)O)c1sc(c(n1)C(=O)C)C(=O)O,1.9,CHEMBL3314552
CO[C@H]1CN(CC[C@H]1N=C(c1[nH]c(c(c1Cl)Cl)C)O)c1sc(c(n1)C(=NC)O)C(=O)O,2,CHEMBL3314553
CO[C@H]1CN(CC[C@H]1N=C(c1[nH]c(c(c1Cl)Cl)C)O)c1sc(c(n1)C(=O)N(C)C)C(=O)O,13,CHEMBL3314554
CO[C@H]1CN(CC[C@H]1N=C(c1[nH]c(c(c1Cl)Cl)C)O)c1sc(c(n1)C(=O)N1CCOCC1)C(=O)O,14,CHEMBL3314555
CO[C@H]1CN(CC[C@H]1N=C(c1[nH]c(c(c1Cl)Cl)C)O)c1nc(c(s1)C(=O)O)CO,2.9,CHEMBL3314556
CO[C@H]1CN(CC[C@H]1N=C(c1[nH]c(c(c1Cl)Cl)C)O)c1sc(c(n1)CN1CCOCC1)C(=O)O,5.7,CHEMBL3314558
CO[C@H]1CN(CC[C@H]1N=C(c1[nH]c(c(c1Cl)Cl)C)O)c1scc(n1)C(=O)O,2.2,CHEMBL3314559
CO[C@H]1CN(CC[C@H]1N=C(c1[nH]c(c(c1Cl)Cl)C)O)c1sc(c(n1)C(=O)O)C,0.7,CHEMBL3314560
CO[C@H]1CN(CC[C@H]1N=C(c1[nH]c(c(c1Cl)Cl)C)O)c1sc(c(n1)C(=O)O)C(=NC)O,1,CHEMBL3314562
CO[C@H]1CN(CC[C@H]1N=C(c1[nH]c(c(c1Cl)Cl)C)O)c1sc(c(n1)C(=N)O)C(=O)O,4.3,CHEMBL3314563
COCCN=C(c1nc(sc1C(=O)O)N1CC[C@H]([C@H](C1)OC)N=C(c1[nH]c(c(c1Cl)Cl)C)O)O,2.7,CHEMBL3314564
COC[C@@H](N=C(c1nc(sc1C(=O)O)N1CC[C@H]([C@H](C1)OC)N=C(c1[nH]c(c(c1Cl)Cl)C)O)O)C,2.5,CHEMBL3314565
CO[C@H](CN=C(c1nc(sc1C(=O)O)N1CC[C@H]([C@H](C1)OC)N=C(c1[nH]c(c(c1Cl)Cl)C)O)O)C,2.7,CHEMBL3314566
COCC(N=C(c1nc(sc1C(=O)O)N1CC[C@H]([C@H](C1)OC)N=C(c1[nH]c(c(c1Cl)Cl)C)O)O)COC,2.1,CHEMBL3314567
CO[C@H]1CN(CC[C@H]1N=C(c1[nH]c(c(c1Cl)Cl)C)O)c1sc(c(n1)C(=NCC1OCCO1)O)C(=O)O,2.8,CHEMBL3314569
CO[C@H]1CN(CC[C@H]1N=C(c1[nH]c(c(c1Cl)Cl)C)O)c1sc(c(n1)C(=NC1COC(OC1)(C)C)O)C(=O)O,3.6,CHEMBL3314570
CO[C@H]1CN(CC[C@H]1N=C(c1[nH]c(c(c1Cl)Cl)C)O)c1sc(c(n1)C(=NCC1(C)OCCO1)O)C(=O)O,3.2,CHEMBL3314571
CO[C@H]1CN(CC[C@H]1N=C(c1[nH]c(c(c1Cl)Cl)C)O)c1sc(c(n1)C(=NCCN1CCCC1=O)O)C(=O)O,7.6,CHEMBL3314572
CO[C@H]1CN(CC[C@H]1N=C(c1[nH]c(c(c1Cl)Cl)C)O)c1sc(c(n1)C(=NCCN1CCOCC1)O)C(=O)O,5.4,CHEMBL3314573
CO[C@H]1CN(CC[C@H]1N=C(c1[nH]c(c(c1Cl)Cl)C)O)c1sc(c(n1)C(=NN1CCOCC1)O)C(=O)O,7.1,CHEMBL3314574
CO[C@H]1CN(CC[C@H]1N=C(c1[nH]c(c(c1Cl)Cl)C)O)c1sc(c(n1)c1cnccn1)C(=O)O,3.9,CHEMBL3314575
CO[C@H]1CN(CC[C@H]1N=C(c1[nH]c(c(c1Cl)Cl)C)O)c1sc(c(n1)c1ncnn1C)C(=O)O,3.2,CHEMBL3314576
CO[C@H]1CN(CC[C@H]1N=C(c1[nH]c(c(c1Cl)Cl)C)O)c1sc(c(n1)c1ncccn1)C(=O)O,9.6,CHEMBL3314577
CO[C@H]1CN(CC[C@H]1N=C(c1[nH]c(c(c1Cl)Cl)C)O)c1sc(c(n1)c1ccncn1)C(=O)O,4.2,CHEMBL3314578
CO[C@H]1CN(CC[C@H]1N=C(c1[nH]c(c(c1Cl)Cl)C)O)c1sc(c(n1)c1cncnc1)C(=O)O,1.1,CHEMBL3313938
COCn1ccnc1c1nc(sc1C(=O)O)N1CC[C@H]([C@H](C1)OC)N=C(c1[nH]c(c(c1Cl)Cl)C)O,7.1,CHEMBL3314580
CO[C@H]1CN(CC[C@H]1N=C(c1[nH]c(c(c1Cl)Cl)C)O)c1nc(c(s1)C(=O)O)c1nccc(n1)OC,3.6,CHEMBL3314581
CO[C@H]1CN(CC[C@H]1N=C(c1[nH]c(c(c1Cl)Cl)C)O)c1sc(c(n1)c1nccn1C)C(=O)O,1.1,CHEMBL3314582
CO[C@H]1CN(CC[C@H]1N=C(c1[nH]c(c(c1Cl)Cl)C)O)c1nc(c(s1)C(=O)O)c1onc(n1)C,1.5,CHEMBL3314586
CO[C@H]1CN(CC[C@H]1N=C(c1[nH]c(c(c1Cl)Cl)C)O)c1sc(c(n1)c1cncc(n1)OCCN(C)C)C(=O)O,3.7,CHEMBL3314587
CO[C@H]1CN(CC[C@H]1N=C(c1[nH]c(c(c1Cl)Cl)C)O)c1sc(c(n1)c1cncc(n1)NCCN1CCN(CC1)C)C(=O)O,2.7,CHEMBL3314588
CO[C@H]1CN(CC[C@H]1N=C(c1[nH]c(c(c1Cl)Cl)C)O)c1sc(c(n1)c1ccccn1)C(=O)O,0.3,CHEMBL3314589
CO[C@H]1CN(CC[C@H]1N=C(c1[nH]c(c(c1Cl)Cl)C)O)c1sc(c(n1)c1nccs1)C(=O)O,1,CHEMBL3314590
CO[C@H]1CN(CC[C@H]1N=C(c1[nH]c(c(c1Cl)Cl)C)O)c1sc(c(n1)c1csc(=N)[nH]1)C(=O)O,1,CHEMBL3314591
CC(=O)N1CCN(CC1)c1ccc(cc1)CN(S(=O)(=O)Cc1ccccc1)C1CCC1,6,CHEMBL3317836
OC1=C(Sc2ccccc2Cl)C(=O)CC(C1)c1ccccc1,0.1,CHEMBL3318415
N#Cc1ccccc1SC1=C(O)CC(CC1=O)c1c(Cl)cccc1Br,0.2,CHEMBL3318482
OCCN(C(=O)c1cc([C@H](Oc2ccccc2)C)c2n(c1)c(=O)cc(n2)N1CCOCC1)C,26,CHEMBL3318728
Fc1ccc(cc1)NC(c1cc(cn2c1nc(cc2=O)N1CCOCC1)C(=O)N(C)C)C,21,CHEMBL3319486
CN(C(=O)c1cc(C(Nc2ccc(c(c2)F)F)C)c2n(c1)c(=O)cc(n2)N1CCOCC1)C,14,CHEMBL3319489
CN1CCN(CC1)c1ccc2c(c1)[nH]c(n2)Nc1ccc(cn1)C,18.3,CHEMBL3321873
CN1CCN(CC1)Cc1ccc2c(c1)[nH]c(n2)Nc1ccc(cn1)C(F)(F)F,27.5,CHEMBL3321963
CN1CCN(CC1)c1cc(Cl)c2c(c1)nc([nH]2)Nc1ccc(cn1)Br,30.1,CHEMBL3321968
CN1CCC(CC1)c1ccc2c(c1)[nH]c(n2)Nc1ccc(cn1)C(F)(F)F,13.4,CHEMBL3321972
CN1CCN(CC1)c1ncc2c(c1)nc([nH]2)Nc1cc(C2CC2)c(c(n1)C)F,5.1,CHEMBL3321980
CCCCc1cc(nc(n1)c1ccccc1)C(=O)N[C@H](C(=O)N1CCN(CC1)C(=O)OCC)CCC(=O)O,0.7,CHEMBL3322599
CCCN=c1cc(nc([nH]1)c1ccccc1)C(=N[C@H](C(=O)N1CCN(CC1)C(=O)OCC)CCC(=O)O)O,1.5,CHEMBL3322611
OCCN=c1cc(nc([nH]1)c1ccccc1)C(=N[C@H](C(=O)N1CCN(CC1)C(=O)OCC)CCC(=O)O)O,13.5,CHEMBL3322615
CCOC(=O)N1CCN(CC1)C(=O)[C@@H](N=C(c1cc(=N[C@H]2COCC2)[nH]c(n1)c1ccccc1)O)CCC(=O)O,8.5,CHEMBL3322643
OCCCc1cc(nc(n1)c1ccccc1)C(=O)N[C@H](C(=O)N1CCN(CC1)C(=O)OCC)CCC(=O)O,12.8,CHEMBL3322646
COC[C@H]1C[C@@H]1c1cc(nc(n1)c1ccccc1)C(=O)N[C@H](C(=O)N1CCN(CC1)C(=O)OCC)CCC(=O)O,3.4,CHEMBL3322650
OC(=NC1CCN(CC1)C(=O)C1CC1)Nc1ccc(cc1)C(F)(F)F,4.9,CHEMBL3327065
CC[C@@H](C(=O)N1CCC(CC1)N=C(Nc1ccc(cc1)C(F)(F)F)O)C,3.7,CHEMBL3327067
CC(C(=O)N1CCC(CC1)N=C(Nc1ccc(cc1)OC(F)(F)F)O)C,11,CHEMBL3327077
CC[C@@H](C(=O)N1CCC(CC1)N=C(Nc1ccc(cc1)OC(F)(F)F)O)C,7.6,CHEMBL3327078
N#Cc1ccccc1Cn1c(=O)n(c2c1c(cc(n2)C)N1CCC[C@H](C1)N)C,38,CHEMBL3329696
OCCON=C(c1ccc2n(c1Nc1ccc(cc1F)I)cnc2)O,0.5,CHEMBL3330650
OCCON=C(c1ncc2n(c1Nc1ccc(cc1F)I)cnc2)O,9,CHEMBL3330653
C[C@@H](CON=C(c1ncc2n(c1Nc1ccc(cc1F)I)cnc2)O)O,10,CHEMBL3330654
OC[C@H](CON=C(c1ncc2n(c1Nc1ccc(cc1F)I)cnc2)O)C,14,CHEMBL3330655
OCc1c(c2ccc(nc2)OC)c2c(n1C)ccc(c2)S(=O)(=O)C,2.6,CHEMBL3334895
c1ccc(cc1)CC[C@H]1OCCN(C1)Cc1nc2c([nH]1)cccc2,6.1,CHEMBL3335537
Clc1ccc(cc1)CN1CCO[C@@H](C1)CCc1ccccc1,1.2,CHEMBL3335556
CCCCn1ccc(c(c1=O)Cl)N1CCC(CC1)c1ccccc1,0.5,CHEMBL3337527
COCCCSc1cnc(c(c1)Oc1cccnc1C)NC(=NC)O,51,CHEMBL3338076
Clc1cnc(nc1)N1CCC(CC1)Oc1cc(=O)n(cc1Cl)c1ccc(cc1F)S(=O)(=O)C,0.5,CHEMBL3338194
COc1nc(CN=C(c2cc(ncc2c2nccs2)c2cncc(c2)C)O)ccc1OC,4,CHEMBL3338865
COc1ccc2c(c1)n(CC(C1(F)CCC(CC1)NCc1ccc3c(n1)N=C(CO3)O)N)c(=O)cn2,68,CHEMBL3341839
N=c1[nH]cnc2c1sc1c2ccc(c1)c1cccc(c1)c1n[nH]nn1,1.2,CHEMBL3347507
OC(=NCCc1cccnc1)c1cccc(c1)c1ccc2c(c1)sc1c2nc[nH]c1=N,1.4,CHEMBL3347513
CN1CCN(CC1)C(=Nc1cccc(c1)c1ccc2c(c1)sc1c2nc[nH]c1=N)O,3.7,CHEMBL3347683
OC(=N)c1cccc(c1)c1ccc2c(c1)sc1c2nc[nH]c1=N,3.7,CHEMBL3347689
O=C(N1CCOCC1)CN=C(c1cccc(c1)c1ccc2c(c1)sc1c2nc[nH]c1=N)O,5.3,CHEMBL3347694
COc1nc(ccc1n1cnc(c1)C)c1nn(c(=Nc2cc(ccc2F)C(F)(F)F)[nH]1)C,2,CHEMBL3353099
C=CC(=Nc1cc(Nc2ncc(c(n2)c2cnn3c2cccc3)Cl)c(cc1N(CCN(C)C)C)OC)O,3.2,CHEMBL3353404
C=CC(=Nc1cc(Nc2ncc(c(n2)c2cnn3c2cccc3)Cl)c(cc1N1CC(C1)N(C)C)OC)O,2.5,CHEMBL3353405
C=CC(=Nc1cc(N=c2[nH]cc(c(n2)c2cn(c3c2cccc3)C)C#N)c(cc1N(CCN(C)C)C)OC)O,8.9,CHEMBL3353406
C=CC(=Nc1cc(Nc2ncc(c(n2)c2cn(c3c2cccc3)C)Cl)c(cc1N(CCN(C)C)C)OC)O,2.3,CHEMBL3353407
C=CC(=Nc1cc(Nc2ncc(c(n2)c2c[nH]c3c2cccc3)Cl)c(cc1N(CCN(C)C)C)OC)O,3.6,CHEMBL3353408
C=CC(=Nc1cc(Nc2ncc(c(n2)c2cn(c3c2cccc3)C)C)c(cc1N(CCN(C)C)C)OC)O,7.5,CHEMBL3353409
C=CC(=Nc1cc(Nc2nccc(n2)c2cn(c3c2cccc3)C)c(cc1N(CCN(C)C)C)OC)O,2.9,CHEMBL3353410
C=CC(=Nc1cc(Nc2nccc(n2)c2c[nH]c3c2cccc3)c(cc1N(CCN(C)C)C)OC)O,7.5,CHEMBL3353411
CNCCN(c1cc(OC)c(cc1N=C(C=C)O)Nc1nccc(n1)c1cn(c2c1cccc2)C)C,3.9,CHEMBL3353412
OC(=O)CCCN(C(=O)[C@@]1(C)CCN1C(=O)c1csc2c1cccc2)Cc1cccc(c1)Cl,1.4,CHEMBL3353541
OCC(N=C(c1nn(c2c1C[C@@H]1[C@H]2C1)c1ccc(cc1F)F)O)(C)C,4,CHEMBL3354952
CCOc1cc(ccc1/C=C/C(=O)O)N=C(C1(CCC1)N=C(c1ccc2c(c1)n(C)c(c2C1CCCC1)c1ncc(cn1)Cl)O)O,0.4,CHEMBL3355225
COc1ccc2c(c1)n(C[C@@H]([C@@H]1CC[C@H](CC1)NCc1ncc3c(n1)N=C(CO3)O)N)c(=O)cc2,71,CHEMBL3355568
OC1=Nc2c(OC1)cnc(n2)CN[C@@H]1CC[C@H](CC1)[C@H](Cn1c(=O)cc(c2c1cc(F)cc2)C)N,66,CHEMBL3355569
OC1=Nc2c(OC1)ccc(n2)CN[C@@H]1CC[C@H](CC1)[C@H](Cn1c(=O)cc(c2c1cc(F)cc2)C)N,64,CHEMBL3355570
COc1ccc2c(c1)n(C[C@@H]([C@@H]1CC[C@H](CC1)NCc1ncc3c(n1)N=C(CO3)O)N)c(=O)cn2,60,CHEMBL3352849
COc1ccc2c(c1)n(C[C@@H]([C@@H]1CC[C@H](CC1)NCc1ccc3c(n1)N=C(CO3)O)N)c(=O)cn2,70,CHEMBL3355571
N[C@H]([C@@H]1CC[C@H](CC1)NCc1ccc2c(n1)N=C(CO2)O)Cn1c(=O)cnc2c1cc(F)cc2,70,CHEMBL3355572
N[C@H]([C@@H]1CC[C@H](CC1)NCc1ncc2c(n1)N=C(CO2)O)Cn1c(=O)cnc2c1cc(F)cc2,73,CHEMBL3355573
COc1cc2c(cc1F)ncc(=O)n2C[C@@H]([C@@H]1CC[C@H](CC1)NCc1ncc2c(n1)N=C(CO2)O)N,56,CHEMBL3355574
COc1cnc2c(c1)n(C[C@@H]([C@@H]1CC[C@H](CC1)NCc1ccc3c(n1)N=C(CO3)O)N)c(=O)cc2,78,CHEMBL3355575
OCCN1CC(C1)S(=O)(=O)c1ccc2c(c1)nc(n2CCN(C)C)CC(C)(C)C,50,CHEMBL3357391
OC(=N[C@@H](c1ccc(c(c1)Cl)Cl)C)N1CCc2c(C1)nc(nc2)Nc1cnn(c1)C,1.8,CHEMBL3357950
OC(=N[C@@H](c1ccc(c(c1)Cl)Cl)C)N1CCc2c(C1)nc(nc2)Nc1ccnn1C,1,CHEMBL3357951
C[C@H]1O[C@@H](C)[C@H]2N(C1)c1c(CC32C(=NC(=O)N=C3O)O)cc2c(c1F)onc2C,9.4,CHEMBL3357980
C[C@@H]1O[C@H](C)[C@@H]2N(C1)c1c(CC32C(=NC(=O)N=C3O)O)cc2c(c1F)onc2C,3.5,CHEMBL3357981
C[C@H]1O[C@H](C)[C@@H]2N(C1)c1c(CC32C(=NC(=O)N=C3O)O)cc2c(c1F)onc2C,8.2,CHEMBL3357982
C[C@@H]1O[C@@H](C)[C@H]2N(C1)c1c(CC32C(=NC(=O)N=C3O)O)cc2c(c1F)onc2C,5.1,CHEMBL3357983
CC1OC(C)C2N(C1)c1c(CC32C(=NC(=O)N=C3O)O)cc2c(c1Cl)onc2C,3,CHEMBL3357984
C[C@H]1O[C@@H](C)[C@H]2N(C1)c1c(CC32C(=NC(=O)N=C3O)O)cc2c(c1F)onc2C(F)F,2.8,CHEMBL3357986
COCc1noc2c1cc1CC3(C(=NC(=O)N=C3O)O)C3N(c1c2F)CC(OC3C)C,9.6,CHEMBL3357987
CC1OC(C)C2N(C1)c1c(CC32C(=NC(=O)N=C3O)O)cc2c(c1F)onc2C1CC1,5.2,CHEMBL3357988
CC1OC(C)C2N(C1)c1c(CC32C(=NC(=O)N=C3O)O)cc2c(c1F)onc2C(C)(C)C,4.2,CHEMBL3357989
CC1CC(C)C2N(C1)c1c(CC32C(=NC(=O)N=C3O)O)cc2c(c1F)onc2C,1,CHEMBL3357990
C[C@H]1O[C@@H](C)[C@H]2N(C1)c1c(CC32C(=NC(=O)N=C3O)O)cc2c(c1F)onc2Cl,1,CHEMBL3357991
COc1noc2c1cc1CC3(C(=NC(=O)N=C3O)O)[C@@H]3N(c1c2F)C[C@H](O[C@H]3C)C,9,CHEMBL3357992
C[C@H]1O[C@@H](C)[C@H]2N(C1)c1c(CC32C(=NC(=O)N=C3O)O)cc2c(c1F)o[nH]c2=N,13,CHEMBL3357993
C[C@@H]1CN(CCN1c1ncc(cn1)OCc1ccc(cc1F)CS(=O)(=O)C)c1onc(n1)C(F)(F)F,0.6,CHEMBL3358006
CCCc1cc(sc1C)C(=O)N[C@@H](C(=N[C@@H]1CCNC1)O)Cc1ccc(nc1)c1cccc(c1)OC(F)(F)F,1,CHEMBL3358270
CCCc1cc(sc1C)C(=O)N[C@@H](C(=NCCN(C)C)O)Cc1ccc(nc1)c1cccc(c1)OC(F)(F)F,1,CHEMBL3358271
CCCc1cc(sc1C)C(=O)N[C@@H](C(=NCCN(C)C)O)Cc1ccc(nc1)c1cccc(c1)C(F)(F)F,1,CHEMBL3358272
CCOc1cc(ccc1C)C(=N[C@@H](C(=N[C@@H]1CCNC1)O)Cc1ccc(nc1)c1cccc(c1)OC(F)(F)F)O,1,CHEMBL3358273
OC1=C(Sc2ccccc2Cl)C(=O)OC(C1)c1ccccc1,0.8,CHEMBL3358862
OC1=C(Oc2ccccc2Cl)C(=O)OC(C1)c1ccccc1,0.6,CHEMBL3358864
OC1=C(Oc2ccccc2Cl)C(=O)CC(C1)c1ccccc1,1.1,CHEMBL3358865
OC1=C(Oc2ccccc2Cl)C(=NC(C1)c1ccccc1)O,2.2,CHEMBL3358866
CN=C(Nc1ncc(cc1Oc1ccnn1CC)C[C@@H]1C[C@@](C1)(C)O)O,44,CHEMBL3358889
OC(=O)C[C@H]1CCc2c1[nH]c1c2cc(cc1)OCc1ccc(c(c1)C(F)(F)F)C1CCCC1,2.2,CHEMBL3358920
CCN1CCC[C@H]1CN=C(c1cn(C2CCCC2)c(=O)c2c1c1ccccc1n2C)O,10,CHEMBL3359270
CC(N1CCC[C@H]1CN=C(c1cn(C2CCCC2)c(=O)c2c1c1ccccc1n2C)O)C,14.6,CHEMBL3359272
OC1=C(Sc2ccccc2Cl)C(=O)OC2(C1)CCc1c2cccc1c1ccccc1,1,CHEMBL3359440
CO[C@@H]([C@@H]1CCCN1C(=O)C[C@H]([C@@H](N(C(=O)[C@H](C(C)C)N=C(C(N)(C)C)O)C)[C@H](CC)C)OC)[C@H](C(=N[C@H](c1nccs1)Cc1ccccc1)O)C,7,CHEMBL3359827
COc1ccc(cc1)NC(=O)[C@@H](N=c1nc(O)c2c([nH]1)n(nc2)c1ccccc1Cl)C,5.7,CHEMBL3360413
COc1ccc(cc1)NC(=O)[C@@H](N=c1nc(O)c2c([nH]1)n(nc2)C1CCCC1)C,5.7,CHEMBL3360416
ClC1CCN(CC1)S(=O)(=O)c1ccc(cc1)N=C(c1ccc(o1)N(=O)=O)O,1,CHEMBL3360718
COc1ccc(cc1)C12N(CCN1C(=O)c1c2cccc1)C(=O)c1ccc(c(c1)F)F,3.7,CHEMBL3361328
O=C(N1CCN2C1(C1CCCCC1)c1ccccc1C2=O)c1ccc(c(c1)F)F,0.8,CHEMBL3361330
COc1ccc(c(c1)O)CNCC12CC3CC(C2)CC(C1)C3,95.6,CHEMBL3393856
Clc1ccc(c(c1)CNCC12CC3CC(C2)CC(C1)C3)O,99.6,CHEMBL3393862
Cc1ccc(c(c1)CNCC12CC3CC(C2)CC(C1)C3)O,96.9,CHEMBL3393864
Brc1cc(CNCC23CC4CC(C3)CC(C2)C4)c(c(c1)F)O,99.5,CHEMBL3393869
CC(CN1CCC(CC1)S(=O)c1ccc(cc1)CNC(=O)c1oc2c(c1)ccnc2)C,20,CHEMBL3394724
Fc1cc(F)cc(c1)S(=O)(=O)c1ccc(nc1)CNC(=O)c1cc2c(o1)cncc2,10,CHEMBL3394734
Fc1cc(F)cc(c1)S(=O)c1ccc(nc1)CNC(=O)c1cc2c(o1)cncc2,14,CHEMBL3394736
O=C(c1cc2c(o1)cncc2)NCc1ccc(cn1)S(=O)(=O)c1cnn(c1)C(C)C,12,CHEMBL3394738
COC(=N[C@H](C(=O)N1C[C@H](C[C@H]1c1ncc([nH]1)c1ccc(cc1)c1ccc(cc1)c1ccc2c(c1)[nH]c(n2)[C@@H]1C[C@@H](CN1C(=O)[C@H](C(C)C)N=C(OC)O)C)C)C(C)C)O,1.4,CHEMBL3394868
Fc1ccc(cc1)n1ccc2n(c1=O)cc(n2)COc1ccccc1,3.6,CHEMBL3401177
Fc1cc(CN2C(=N)N[C@](CC2=O)(C)C(C)C)cc(c1)C(=N[C@H](c1ccccc1)C)O,5.8,CHEMBL3401350
CCc1nnc(n1CC)[C@H](NS(=O)(=O)c1ccc(cc1)Cl)C,34,CHEMBL3402546
CCN1CC(C)(C)OC(=O)C1CC(=O)Nc1ccc(cc1)C(C)C,6.1,CHEMBL3407652
CN=C([C@]12C[C@@H]2[C@H]([C@@H]([C@@H]1O)O)n1cnc2c1nc(C#Cc1cnccn1)nc2NC)O,61.2,CHEMBL3407774
CN=C([C@]12C[C@@H]2[C@H]([C@@H]([C@@H]1O)O)n1cnc2c1nc(C#Cc1ccc(s1)Cl)nc2NC)O,2.67,CHEMBL3407784
CN=C([C@]12C[C@@H]2[C@H]([C@@H]([C@@H]1O)O)n1cnc2c1nc(C#Cc1ccc(s1)Br)nc2NC)O,2.67,CHEMBL3407785
CN(C(=O)c1cc([C@H](Nc2ccc(c(c2)F)F)C)c2c(c1)c(=O)cc(o2)N1CCOCC1)C,27,CHEMBL3408247
Fc1cc(cc(c1)F)N[C@@H](c1cc(cc2c1oc(cc2=O)N1CCOCC1)C(=O)N(C)C)C,19,CHEMBL3408248
CN(C(=O)c1cc([C@H](Nc2cccc(c2F)Cl)C)c2c(c1)c(=O)cc(o2)N1CCOCC1)C,15,CHEMBL3408250
Fc1cc(F)cc(c1)N([C@@H](c1cc(cc2c1oc(cc2=O)N1CCOCC1)C(=O)N(C)C)C)C,12,CHEMBL3408274
OC1CCN(CC1)C(=O)c1cc([C@H](N(c2cc(F)cc(c2)F)C)C)c2c(c1)c(=O)cc(o2)N1CCOCC1,17,CHEMBL3408278
OC[C@@H](n1ccc(cc1=O)c1ccnc(n1)NC1CCOCC1)c1ccc(c(c1)F)Cl,4.2,CHEMBL3409588
N=c1scc([nH]1)/C(=N/OC(C(=O)O)(C)C)/C(=N[C@H]1[C@H](C)N(C1=O)C(=NS(=O)(=O)N1C[C@H](CC1=O)N=C(c1[nH]cc(c(=O)c1)O)O)O)O,24,CHEMBL3410958
N=c1scc([nH]1)/C(=N/OC(C(=O)O)(C)C)/C(=N[C@H]1[C@H](C)N(C1=O)C(=NS(=O)(=O)N1CCN(N(C1=O)C)C(=O)c1[nH]cc(c(=O)c1)O)O)O,14,CHEMBL3410959
N=c1scc([nH]1)/C(=N/OC(C(=O)O)(C)C)/C(=N[C@H]1[C@H](C)N(C1=O)C(=NS(=O)(=O)N1CCN(CC1)C(=O)c1[nH]cc(c(=O)c1)O)O)O,26,CHEMBL3410961
N=c1scc([nH]1)/C(=N/OC(C(=O)O)(C)C)/C(=N[C@H]1[C@H](C)N(C1=O)C(=NS(=O)(=O)N1CC[C@@H](C1)N=C(c1[nH]cc(c(=O)c1)O)O)O)O,33,CHEMBL3410962
C[C@H]1[C@H](N=C(/C(=N\OC(C(=O)O)(C)C)/c2csc(=N)[nH]2)O)C(=O)N1C(=NS(=O)(=O)NCc1[nH]cc(c(=O)c1)O)O,61,CHEMBL3410963
C[C@H]1[C@H](N=C(/C(=N\OC(C(=O)O)(C)C)/c2csc(=N)[nH]2)O)C(=O)N1C(=NS(=O)(=O)Nc1ncc(c(c1)O)O)O,23,CHEMBL3410964
N=c1scc([nH]1)/C(=N/OC(C(=O)O)(C)C)/C(=N[C@H]1[C@H](C)N(C1=O)C(=NS(=O)(=O)N1C[C@@H](CC1=O)N=C(c1[nH]cc(c(=O)c1)O)O)O)O,25,CHEMBL3410965
OC(=NCc1[nH]cc(c(=O)c1)O)N[C@H]1CC(=O)N(C1)S(=O)(=O)N=C(N1[C@@H](C)[C@@H](C1=O)N=C(/C(=N\OC(C(=O)O)(C)C)/c1csc(=N)[nH]1)O)O,26,CHEMBL3410967
N=c1scc([nH]1)/C(=N/OC(C(=O)O)(C)C)/C(=N[C@H]1[C@H](C)N(C1=O)C(=NS(=O)(=O)N1C[C@H](CC1=O)n1nnc(c1)c1[nH]cc(c(=O)c1)O)O)O,31,CHEMBL3410968
OC(=N[C@H]1CC(=O)N(C1)S(=O)(=O)N=C(N1[C@@H](C)[C@@H](C1=O)N=C(/C(=N\OC(C(=O)O)(C)C)/c1csc(=N)[nH]1)O)O)CN=C(c1[nH]cc(c(=O)c1)O)O,38,CHEMBL3410969
OC(=O)C[C@@H](C(=N[C@H]1CC(=O)N(C1)S(=O)(=O)N=C(N1[C@@H](C)[C@@H](C1=O)N=C(/C(=N\OC(C(=O)O)(C)C)/c1csc(=N)[nH]1)O)O)O)N=C(c1[nH]cc(c(=O)c1)O)O,14,CHEMBL3410970
NC[C@@H](C(=N[C@H]1CC(=O)N(C1)S(=O)(=O)N=C(N1[C@@H](C)[C@@H](C1=O)N=C(/C(=N\OC(C(=O)O)(C)C)/c1csc(=N)[nH]1)O)O)O)N=C(c1[nH]cc(c(=O)c1)O)O,18,CHEMBL3410971
N=c1scc([nH]1)/C(=N/OC(C(=O)O)(C)C)/C(=N[C@H]1[C@H](C)N(C1=O)C(=NS(=O)(=O)N1C[C@H](CC1=O)N=C([C@@H](N=C(c1[nH]cc(c(=O)c1)O)O)CCS(=O)(=O)C)O)O)O,21,CHEMBL3410972
N=c1scc([nH]1)/C(=N/OC(C(=O)O)(C)C)/C(=N[C@H]1[C@H](C)N(C1=O)C(=NS(=O)(=O)N1C[C@H](CC1=O)N=C([C@@H]1CCCN1C(=O)c1[nH]cc(c(=O)c1)O)O)O)O,28,CHEMBL3410973
OC(=NCc1cc(=O)c(cn1O)O)N[C@H]1CC(=O)N(C1)S(=O)(=O)N=C(N1[C@@H](C)[C@@H](C1=O)N=C(/C(=N\OC(C(=O)O)(C)C)/c1csc(=N)[nH]1)O)O,26,CHEMBL3410975
OC(=N[C@H]1CC(=O)N(C1)S(=O)(=O)N=C(N1[C@@H](C)[C@@H](C1=O)N=C(/C(=N\OC(C(=O)O)(C)C)/c1csc(=N)[nH]1)O)O)CN=C(c1cc(=O)c(cn1O)O)O,45,CHEMBL3410976
OC(=N[C@H]1CC(=O)N(C1)S(=O)(=O)N=C(N1[C@@H](C)[C@@H](C1=O)N=C(/C(=N\OC(C(=O)O)(C)C)/c1csc(=N)[nH]1)O)O)N(Cc1cc(=O)c(cn1O)O)C,26,CHEMBL3410979
OC(=O)CO/N=C(/c1csc(=N)[nH]1)\C(=N[C@H]1[C@H](C)N(C1=O)C(=NS(=O)(=O)N1C[C@H](CC1=O)NC(=NCc1cc(=O)c(cn1O)O)O)O)O,26,CHEMBL3410980
OC1=NN=C([C@@H]2[C@H]1C2)c1ccc(cc1)OCCCN1CCC[C@H]1C,55,CHEMBL3417585
OC1C[C@@H]2CC[C@@H](C1)N2c1ccc(cc1)c1n[nH]c2c1cc(cc2)C(=N[C@@H](c1ccccn1)C1CC1)O,2.2,CHEMBL3422092
COCC(=O)N1CCN(CC1)C(=O)[C@@H]1CC[C@H](CC1)Cn1c(=O)c2cc(OC)ccc2n(c1=O)C,6,CHEMBL3422630
N#Cc1ccnc(c1)O[C@@H]1CC[C@H](N(C1)C(=O)c1ccccc1c1ncccn1)C,2.8,CHEMBL3426150
O=C(c1n[nH]c2c1C[C@H]1[C@@](C2)(C1(F)F)C)Nc1cnn(c1)[C@@H]([C@H]1CCCCS1(=O)=O)c1ccccc1,3,CHEMBL3426309
OC(=O)/C=C/c1ccc(cc1)Cc1c(c2ccccc2)c(=O)oc2c1ccc(c2)O,1.2,CHEMBL3427385
OC(=O)/C=C/c1ccc(cc1)Oc1c2ccc(cc2oc(=O)c1c1ccc(cc1C)OC(F)(F)F)O,0.12,CHEMBL3427402
OC(=O)/C=C/c1ccc(cc1)Oc1c(c(=O)oc2c1cccc2)c1ccc(cc1C)F,0.5,CHEMBL3427414
OC(=O)/C=C/c1ccc(cc1)Oc1c(c(=O)oc2c1cccc2)c1ccc(cc1C)OC(F)(F)F,0.16,CHEMBL3427415
O=C1C(=O)C(=C1N1CCC(CC1)Cc1ccccc1)NS(=O)(=O)c1c(C)noc1C,1,CHEMBL3427503
O=C1C(=O)C(=C1N1CCC(CC1)Cc1ccccc1)NS(=O)(=O)c1ccccc1,1,CHEMBL3427504
O=C1C(=O)C(=C1NS(=O)(=O)c1cn(nc1C)C(F)F)N1CCC(CC1)Cc1ccccc1,1,CHEMBL3427505
O=C1C(=O)C(=C1N1CCC(CC1)Cc1ccccc1)N=C(c1c(C)noc1C)O,1,CHEMBL3427506
CC1CCN(CC1)C1=C(C(=O)C1=O)NS(=O)(=O)c1c(C)onc1C,1.6,CHEMBL3425531
O=C1C(=O)C(=C1N1CCC(CC1)c1ccccc1)NS(=O)(=O)c1c(C)noc1C,1,CHEMBL3427507
O=C1C(=O)C(=C1N1CCCC(C1)Cc1ccccc1)NS(=O)(=O)c1c(C)noc1C,1,CHEMBL3427508
Cc1ccc(cc1)CC1CCN(CC1)C1=C(C(=O)C1=O)NS(=O)(=O)c1c(C)noc1C,1,CHEMBL3427509
O=C1C(=O)C(=C1N1CCC(CC1)CCc1ccccc1)NS(=O)(=O)c1c(C)noc1C,1,CHEMBL3427510
N#Cc1ccc(cc1)CN1CCN(CC1)C1=C(C(=O)C1=O)NS(=O)(=O)c1c(C)noc1C,2.9,CHEMBL3427511
COc1ccc(cc1)CN1CCN(CC1)C1=C(C(=O)C1=O)NS(=O)(=O)c1c(C)noc1C,1.8,CHEMBL3427512
O=C1C(=O)C(=C1N1CCN(CC1)CCc1ccccc1)NS(=O)(=O)c1c(C)noc1C,4.9,CHEMBL3427513
Fc1ccc(cc1)CNC1CCN(CC1)C1=C(C(=O)C1=O)NS(=O)(=O)c1c(C)noc1C,26,CHEMBL3427514
O=C1C(=O)C(=C1N1CCC(CC1)NCc1ccc(cc1)C(F)(F)F)NS(=O)(=O)c1c(C)noc1C,6.6,CHEMBL3427515
Clc1ccc(cc1)CN(C1CCN(CC1)C1=C(C(=O)C1=O)NS(=O)(=O)c1c(C)noc1C)C,3.8,CHEMBL3427517
CN(C1CCN(CC1)C1=C(C(=O)C1=O)NS(=O)(=O)c1c(C)noc1C)CC1CCCCC1,38,CHEMBL3427518
OC(=N)C(c1ccccc1)(c1ccccc1)[C@@H]1CCN(C1)CCc1ccc2c(c1)C(O)CO2,13,CHEMBL3526946
